2026-08-24 23:52:59,693 INFO FC ONLINE: refreshed 15 ongoing candidates
2026-08-24 23:53:01,664 INFO 메이플스토리: refreshed 20 ongoing candidates
2026-08-24 23:53:02,394 INFO 마비노기: refreshed 11 ongoing candidates
2026-08-24 23:53:02,690 ERROR 테일즈위버: refresh failed; kept previous archive state: Command '['/usr/bin/curl', '-L', '--fail', '--silent', '--show-error', '--max-time', '20', '-A', 'Mozilla/5.0 (Windows NT 10.0; Win64; x64) AppleWebKit/537.36 Chrome/139 Safari/537.36', '-H', 'Accept-Language: ko-KR,ko;q=0.9', '-H', 'Referer: https://tales.nexon.com/', 'https://tales.nexon.com/News/Event']' returned non-zero exit status 22.
Traceback (most recent call last):
  File "/home/runner/work/plan_gen/plan_gen/web/backend/event_bench_refresh.py", line 133, in main
    candidates = [asdict(item) for item in collector()]
                                           ^^^^^^^^^^^
  File "/home/runner/work/plan_gen/plan_gen/web/backend/app/event_bench/nexon_sample.py", line 248, in collect_talesweaver_events
    first_soup = BeautifulSoup(_fetch_talesweaver_html(), "html.parser")
                               ^^^^^^^^^^^^^^^^^^^^^^^^^
  File "/home/runner/work/plan_gen/plan_gen/web/backend/app/event_bench/nexon_sample.py", line 117, in _fetch_talesweaver_html
    result = subprocess.run(
             ^^^^^^^^^^^^^^^
  File "/opt/hostedtoolcache/Python/3.12.14/x64/lib/python3.12/subprocess.py", line 571, in run
    raise CalledProcessError(retcode, process.args,
subprocess.CalledProcessError: Command '['/usr/bin/curl', '-L', '--fail', '--silent', '--show-error', '--max-time', '20', '-A', 'Mozilla/5.0 (Windows NT 10.0; Win64; x64) AppleWebKit/537.36 Chrome/139 Safari/537.36', '-H', 'Accept-Language: ko-KR,ko;q=0.9', '-H', 'Referer: https://tales.nexon.com/', 'https://tales.nexon.com/News/Event']' returned non-zero exit status 22.
2026-08-24 23:53:06,164 INFO 엘소드: refreshed 25 ongoing candidates
2026-08-24 23:53:06,627 INFO 바람의나라: refreshed 4 ongoing candidates
2026-08-24 23:53:09,232 INFO 로스트아크: refreshed 12 ongoing candidates
2026-08-24 23:53:10,124 ERROR 리니지: refresh failed; kept previous archive state: collector returned no candidates
Traceback (most recent call last):
  File "/home/runner/work/plan_gen/plan_gen/web/backend/event_bench_refresh.py", line 135, in main
    raise RuntimeError("collector returned no candidates")
RuntimeError: collector returned no candidates
2026-08-24 23:53:51,676 INFO 검은사막: refreshed 24 ongoing candidates
2026-08-24 23:53:52,325 ERROR 거상: refresh failed; kept previous archive state: <urlopen error [Errno 104] Connection reset by peer>
Traceback (most recent call last):
  File "/opt/hostedtoolcache/Python/3.12.14/x64/lib/python3.12/urllib/request.py", line 1344, in do_open
    h.request(req.get_method(), req.selector, req.data, headers,
  File "/opt/hostedtoolcache/Python/3.12.14/x64/lib/python3.12/http/client.py", line 1386, in request
    self._send_request(method, url, body, headers, encode_chunked)
  File "/opt/hostedtoolcache/Python/3.12.14/x64/lib/python3.12/http/client.py", line 1432, in _send_request
    self.endheaders(body, encode_chunked=encode_chunked)
  File "/opt/hostedtoolcache/Python/3.12.14/x64/lib/python3.12/http/client.py", line 1381, in endheaders
    self._send_output(message_body, encode_chunked=encode_chunked)
  File "/opt/hostedtoolcache/Python/3.12.14/x64/lib/python3.12/http/client.py", line 1141, in _send_output
    self.send(msg)
  File "/opt/hostedtoolcache/Python/3.12.14/x64/lib/python3.12/http/client.py", line 1085, in send
    self.connect()
  File "/opt/hostedtoolcache/Python/3.12.14/x64/lib/python3.12/http/client.py", line 1527, in connect
    self.sock = self._context.wrap_socket(self.sock,
                ^^^^^^^^^^^^^^^^^^^^^^^^^^^^^^^^^^^^
  File "/opt/hostedtoolcache/Python/3.12.14/x64/lib/python3.12/ssl.py", line 455, in wrap_socket
    return self.sslsocket_class._create(
           ^^^^^^^^^^^^^^^^^^^^^^^^^^^^^
  File "/opt/hostedtoolcache/Python/3.12.14/x64/lib/python3.12/ssl.py", line 1041, in _create
    self.do_handshake()
  File "/opt/hostedtoolcache/Python/3.12.14/x64/lib/python3.12/ssl.py", line 1319, in do_handshake
    self._sslobj.do_handshake()
ConnectionResetError: [Errno 104] Connection reset by peer

During handling of the above exception, another exception occurred:

Traceback (most recent call last):
  File "/home/runner/work/plan_gen/plan_gen/web/backend/event_bench_refresh.py", line 133, in main
    candidates = [asdict(item) for item in collector()]
                                           ^^^^^^^^^^^
  File "/home/runner/work/plan_gen/plan_gen/web/backend/app/event_bench/nexon_sample.py", line 366, in collect_gersang_events
    soup = BeautifulSoup(_fetch_html(GERSANG_EVENTS_URL), "html.parser")
                         ^^^^^^^^^^^^^^^^^^^^^^^^^^^^^^^
  File "/home/runner/work/plan_gen/plan_gen/web/backend/app/event_bench/nexon_sample.py", line 58, in _fetch_html
    with urlopen(request, timeout=20) as response:  # noqa: S310 - explicit verified official URLs
         ^^^^^^^^^^^^^^^^^^^^^^^^^^^^
  File "/opt/hostedtoolcache/Python/3.12.14/x64/lib/python3.12/urllib/request.py", line 215, in urlopen
    return opener.open(url, data, timeout)
           ^^^^^^^^^^^^^^^^^^^^^^^^^^^^^^^
  File "/opt/hostedtoolcache/Python/3.12.14/x64/lib/python3.12/urllib/request.py", line 515, in open
    response = self._open(req, data)
               ^^^^^^^^^^^^^^^^^^^^^
  File "/opt/hostedtoolcache/Python/3.12.14/x64/lib/python3.12/urllib/request.py", line 532, in _open
    result = self._call_chain(self.handle_open, protocol, protocol +
             ^^^^^^^^^^^^^^^^^^^^^^^^^^^^^^^^^^^^^^^^^^^^^^^^^^^^^^^
  File "/opt/hostedtoolcache/Python/3.12.14/x64/lib/python3.12/urllib/request.py", line 492, in _call_chain
    result = func(*args)
             ^^^^^^^^^^^
  File "/opt/hostedtoolcache/Python/3.12.14/x64/lib/python3.12/urllib/request.py", line 1392, in https_open
    return self.do_open(http.client.HTTPSConnection, req,
           ^^^^^^^^^^^^^^^^^^^^^^^^^^^^^^^^^^^^^^^^^^^^^^
  File "/opt/hostedtoolcache/Python/3.12.14/x64/lib/python3.12/urllib/request.py", line 1347, in do_open
    raise URLError(err)
urllib.error.URLError: <urlopen error [Errno 104] Connection reset by peer>
2026-08-24 23:53:53,279 INFO 던전앤파이터: refreshed 26 ongoing candidates
2026-08-24 23:53:54,329 ERROR 테일즈런너: refresh failed; kept previous archive state: HTTP Error 403: Forbidden
Traceback (most recent call last):
  File "/home/runner/work/plan_gen/plan_gen/web/backend/event_bench_refresh.py", line 133, in main
    candidates = [asdict(item) for item in collector()]
                                           ^^^^^^^^^^^
  File "/home/runner/work/plan_gen/plan_gen/web/backend/app/event_bench/nexon_sample.py", line 514, in collect_talesrunner_events
    payload = json.loads(_fetch_html(TALESRUNNER_EVENT_API_URL))
                         ^^^^^^^^^^^^^^^^^^^^^^^^^^^^^^^^^^^^^^
  File "/home/runner/work/plan_gen/plan_gen/web/backend/app/event_bench/nexon_sample.py", line 58, in _fetch_html
    with urlopen(request, timeout=20) as response:  # noqa: S310 - explicit verified official URLs
         ^^^^^^^^^^^^^^^^^^^^^^^^^^^^
  File "/opt/hostedtoolcache/Python/3.12.14/x64/lib/python3.12/urllib/request.py", line 215, in urlopen
    return opener.open(url, data, timeout)
           ^^^^^^^^^^^^^^^^^^^^^^^^^^^^^^^
  File "/opt/hostedtoolcache/Python/3.12.14/x64/lib/python3.12/urllib/request.py", line 521, in open
    response = meth(req, response)
               ^^^^^^^^^^^^^^^^^^^
  File "/opt/hostedtoolcache/Python/3.12.14/x64/lib/python3.12/urllib/request.py", line 630, in http_response
    response = self.parent.error(
               ^^^^^^^^^^^^^^^^^^
  File "/opt/hostedtoolcache/Python/3.12.14/x64/lib/python3.12/urllib/request.py", line 559, in error
    return self._call_chain(*args)
           ^^^^^^^^^^^^^^^^^^^^^^^
  File "/opt/hostedtoolcache/Python/3.12.14/x64/lib/python3.12/urllib/request.py", line 492, in _call_chain
    result = func(*args)
             ^^^^^^^^^^^
  File "/opt/hostedtoolcache/Python/3.12.14/x64/lib/python3.12/urllib/request.py", line 639, in http_error_default
    raise HTTPError(req.full_url, code, msg, hdrs, fp)
urllib.error.HTTPError: HTTP Error 403: Forbidden
2026-08-24 23:53:55,079 INFO 카운터스트라이크 온라인: refreshed 2 ongoing candidates
2026-08-24 23:53:55,417 INFO 마비노기 영웅전: refreshed 17 ongoing candidates
2026-08-24 23:53:56,557 INFO 라그나로크: refreshed 10 ongoing candidates
2026-08-24 23:53:56,558 INFO Refresh complete: 166 total archived / 166 active candidates
2026-08-25 00:13:50,473 INFO FC ONLINE: refreshed 15 ongoing candidates
2026-08-25 00:13:52,312 INFO 메이플스토리: refreshed 20 ongoing candidates
2026-08-25 00:13:54,073 INFO 마비노기: refreshed 11 ongoing candidates
2026-08-25 00:13:54,245 ERROR 테일즈위버: refresh failed; kept previous archive state: Command '['/usr/bin/curl', '-L', '--fail', '--silent', '--show-error', '--max-time', '20', '-A', 'Mozilla/5.0 (Windows NT 10.0; Win64; x64) AppleWebKit/537.36 Chrome/139 Safari/537.36', '-H', 'Accept-Language: ko-KR,ko;q=0.9', '-H', 'Referer: https://tales.nexon.com/', 'https://tales.nexon.com/News/Event']' returned non-zero exit status 22.
Traceback (most recent call last):
  File "/home/runner/work/plan_gen/plan_gen/web/backend/event_bench_refresh.py", line 133, in main
    candidates = [asdict(item) for item in collector()]
                                           ^^^^^^^^^^^
  File "/home/runner/work/plan_gen/plan_gen/web/backend/app/event_bench/nexon_sample.py", line 248, in collect_talesweaver_events
    first_soup = BeautifulSoup(_fetch_talesweaver_html(), "html.parser")
                               ^^^^^^^^^^^^^^^^^^^^^^^^^
  File "/home/runner/work/plan_gen/plan_gen/web/backend/app/event_bench/nexon_sample.py", line 117, in _fetch_talesweaver_html
    result = subprocess.run(
             ^^^^^^^^^^^^^^^
  File "/opt/hostedtoolcache/Python/3.12.14/x64/lib/python3.12/subprocess.py", line 571, in run
    raise CalledProcessError(retcode, process.args,
subprocess.CalledProcessError: Command '['/usr/bin/curl', '-L', '--fail', '--silent', '--show-error', '--max-time', '20', '-A', 'Mozilla/5.0 (Windows NT 10.0; Win64; x64) AppleWebKit/537.36 Chrome/139 Safari/537.36', '-H', 'Accept-Language: ko-KR,ko;q=0.9', '-H', 'Referer: https://tales.nexon.com/', 'https://tales.nexon.com/News/Event']' returned non-zero exit status 22.
2026-08-25 00:13:57,856 INFO 엘소드: refreshed 25 ongoing candidates
2026-08-25 00:13:58,165 INFO 바람의나라: refreshed 4 ongoing candidates
2026-08-25 00:14:00,892 INFO 로스트아크: refreshed 12 ongoing candidates
2026-08-25 00:14:01,760 ERROR 리니지: refresh failed; kept previous archive state: collector returned no candidates
Traceback (most recent call last):
  File "/home/runner/work/plan_gen/plan_gen/web/backend/event_bench_refresh.py", line 135, in main
    raise RuntimeError("collector returned no candidates")
RuntimeError: collector returned no candidates
2026-08-25 00:14:42,391 INFO 검은사막: refreshed 24 ongoing candidates
2026-08-25 00:14:43,098 ERROR 거상: refresh failed; kept previous archive state: <urlopen error [Errno 104] Connection reset by peer>
Traceback (most recent call last):
  File "/opt/hostedtoolcache/Python/3.12.14/x64/lib/python3.12/urllib/request.py", line 1344, in do_open
    h.request(req.get_method(), req.selector, req.data, headers,
  File "/opt/hostedtoolcache/Python/3.12.14/x64/lib/python3.12/http/client.py", line 1386, in request
    self._send_request(method, url, body, headers, encode_chunked)
  File "/opt/hostedtoolcache/Python/3.12.14/x64/lib/python3.12/http/client.py", line 1432, in _send_request
    self.endheaders(body, encode_chunked=encode_chunked)
  File "/opt/hostedtoolcache/Python/3.12.14/x64/lib/python3.12/http/client.py", line 1381, in endheaders
    self._send_output(message_body, encode_chunked=encode_chunked)
  File "/opt/hostedtoolcache/Python/3.12.14/x64/lib/python3.12/http/client.py", line 1141, in _send_output
    self.send(msg)
  File "/opt/hostedtoolcache/Python/3.12.14/x64/lib/python3.12/http/client.py", line 1085, in send
    self.connect()
  File "/opt/hostedtoolcache/Python/3.12.14/x64/lib/python3.12/http/client.py", line 1527, in connect
    self.sock = self._context.wrap_socket(self.sock,
                ^^^^^^^^^^^^^^^^^^^^^^^^^^^^^^^^^^^^
  File "/opt/hostedtoolcache/Python/3.12.14/x64/lib/python3.12/ssl.py", line 455, in wrap_socket
    return self.sslsocket_class._create(
           ^^^^^^^^^^^^^^^^^^^^^^^^^^^^^
  File "/opt/hostedtoolcache/Python/3.12.14/x64/lib/python3.12/ssl.py", line 1041, in _create
    self.do_handshake()
  File "/opt/hostedtoolcache/Python/3.12.14/x64/lib/python3.12/ssl.py", line 1319, in do_handshake
    self._sslobj.do_handshake()
ConnectionResetError: [Errno 104] Connection reset by peer

During handling of the above exception, another exception occurred:

Traceback (most recent call last):
  File "/home/runner/work/plan_gen/plan_gen/web/backend/event_bench_refresh.py", line 133, in main
    candidates = [asdict(item) for item in collector()]
                                           ^^^^^^^^^^^
  File "/home/runner/work/plan_gen/plan_gen/web/backend/app/event_bench/nexon_sample.py", line 366, in collect_gersang_events
    soup = BeautifulSoup(_fetch_html(GERSANG_EVENTS_URL), "html.parser")
                         ^^^^^^^^^^^^^^^^^^^^^^^^^^^^^^^
  File "/home/runner/work/plan_gen/plan_gen/web/backend/app/event_bench/nexon_sample.py", line 58, in _fetch_html
    with urlopen(request, timeout=20) as response:  # noqa: S310 - explicit verified official URLs
         ^^^^^^^^^^^^^^^^^^^^^^^^^^^^
  File "/opt/hostedtoolcache/Python/3.12.14/x64/lib/python3.12/urllib/request.py", line 215, in urlopen
    return opener.open(url, data, timeout)
           ^^^^^^^^^^^^^^^^^^^^^^^^^^^^^^^
  File "/opt/hostedtoolcache/Python/3.12.14/x64/lib/python3.12/urllib/request.py", line 515, in open
    response = self._open(req, data)
               ^^^^^^^^^^^^^^^^^^^^^
  File "/opt/hostedtoolcache/Python/3.12.14/x64/lib/python3.12/urllib/request.py", line 532, in _open
    result = self._call_chain(self.handle_open, protocol, protocol +
             ^^^^^^^^^^^^^^^^^^^^^^^^^^^^^^^^^^^^^^^^^^^^^^^^^^^^^^^
  File "/opt/hostedtoolcache/Python/3.12.14/x64/lib/python3.12/urllib/request.py", line 492, in _call_chain
    result = func(*args)
             ^^^^^^^^^^^
  File "/opt/hostedtoolcache/Python/3.12.14/x64/lib/python3.12/urllib/request.py", line 1392, in https_open
    return self.do_open(http.client.HTTPSConnection, req,
           ^^^^^^^^^^^^^^^^^^^^^^^^^^^^^^^^^^^^^^^^^^^^^^
  File "/opt/hostedtoolcache/Python/3.12.14/x64/lib/python3.12/urllib/request.py", line 1347, in do_open
    raise URLError(err)
urllib.error.URLError: <urlopen error [Errno 104] Connection reset by peer>
2026-08-25 00:14:43,589 INFO 던전앤파이터: refreshed 26 ongoing candidates
2026-08-25 00:14:44,758 ERROR 테일즈런너: refresh failed; kept previous archive state: HTTP Error 403: Forbidden
Traceback (most recent call last):
  File "/home/runner/work/plan_gen/plan_gen/web/backend/event_bench_refresh.py", line 133, in main
    candidates = [asdict(item) for item in collector()]
                                           ^^^^^^^^^^^
  File "/home/runner/work/plan_gen/plan_gen/web/backend/app/event_bench/nexon_sample.py", line 514, in collect_talesrunner_events
    payload = json.loads(_fetch_html(TALESRUNNER_EVENT_API_URL))
                         ^^^^^^^^^^^^^^^^^^^^^^^^^^^^^^^^^^^^^^
  File "/home/runner/work/plan_gen/plan_gen/web/backend/app/event_bench/nexon_sample.py", line 58, in _fetch_html
    with urlopen(request, timeout=20) as response:  # noqa: S310 - explicit verified official URLs
         ^^^^^^^^^^^^^^^^^^^^^^^^^^^^
  File "/opt/hostedtoolcache/Python/3.12.14/x64/lib/python3.12/urllib/request.py", line 215, in urlopen
    return opener.open(url, data, timeout)
           ^^^^^^^^^^^^^^^^^^^^^^^^^^^^^^^
  File "/opt/hostedtoolcache/Python/3.12.14/x64/lib/python3.12/urllib/request.py", line 521, in open
    response = meth(req, response)
               ^^^^^^^^^^^^^^^^^^^
  File "/opt/hostedtoolcache/Python/3.12.14/x64/lib/python3.12/urllib/request.py", line 630, in http_response
    response = self.parent.error(
               ^^^^^^^^^^^^^^^^^^
  File "/opt/hostedtoolcache/Python/3.12.14/x64/lib/python3.12/urllib/request.py", line 559, in error
    return self._call_chain(*args)
           ^^^^^^^^^^^^^^^^^^^^^^^
  File "/opt/hostedtoolcache/Python/3.12.14/x64/lib/python3.12/urllib/request.py", line 492, in _call_chain
    result = func(*args)
             ^^^^^^^^^^^
  File "/opt/hostedtoolcache/Python/3.12.14/x64/lib/python3.12/urllib/request.py", line 639, in http_error_default
    raise HTTPError(req.full_url, code, msg, hdrs, fp)
urllib.error.HTTPError: HTTP Error 403: Forbidden
2026-08-25 00:14:45,374 INFO 카운터스트라이크 온라인: refreshed 2 ongoing candidates
2026-08-25 00:14:45,667 INFO 마비노기 영웅전: refreshed 17 ongoing candidates
2026-08-25 00:14:46,001 INFO 라그나로크: refreshed 10 ongoing candidates
2026-08-25 00:14:46,004 INFO Refresh complete: 183 total archived / 183 active candidates
2026-08-25 00:41:14,161 INFO FC ONLINE: refreshed 15 ongoing candidates
2026-08-25 00:41:15,550 INFO 메이플스토리: refreshed 20 ongoing candidates
2026-08-25 00:41:16,833 INFO 마비노기: refreshed 11 ongoing candidates
2026-08-25 00:41:17,057 ERROR 테일즈위버: refresh failed; kept previous archive state: Command '['/usr/bin/curl', '-L', '--fail', '--silent', '--show-error', '--max-time', '20', '-A', 'Mozilla/5.0 (Windows NT 10.0; Win64; x64) AppleWebKit/537.36 Chrome/139 Safari/537.36', '-H', 'Accept-Language: ko-KR,ko;q=0.9', '-H', 'Referer: https://tales.nexon.com/', 'https://tales.nexon.com/News/Event']' returned non-zero exit status 22.
Traceback (most recent call last):
  File "/home/runner/work/plan_gen/plan_gen/web/backend/event_bench_refresh.py", line 133, in main
    candidates = [asdict(item) for item in collector()]
                                           ^^^^^^^^^^^
  File "/home/runner/work/plan_gen/plan_gen/web/backend/app/event_bench/nexon_sample.py", line 248, in collect_talesweaver_events
    first_soup = BeautifulSoup(_fetch_talesweaver_html(), "html.parser")
                               ^^^^^^^^^^^^^^^^^^^^^^^^^
  File "/home/runner/work/plan_gen/plan_gen/web/backend/app/event_bench/nexon_sample.py", line 117, in _fetch_talesweaver_html
    result = subprocess.run(
             ^^^^^^^^^^^^^^^
  File "/opt/hostedtoolcache/Python/3.12.14/x64/lib/python3.12/subprocess.py", line 571, in run
    raise CalledProcessError(retcode, process.args,
subprocess.CalledProcessError: Command '['/usr/bin/curl', '-L', '--fail', '--silent', '--show-error', '--max-time', '20', '-A', 'Mozilla/5.0 (Windows NT 10.0; Win64; x64) AppleWebKit/537.36 Chrome/139 Safari/537.36', '-H', 'Accept-Language: ko-KR,ko;q=0.9', '-H', 'Referer: https://tales.nexon.com/', 'https://tales.nexon.com/News/Event']' returned non-zero exit status 22.
2026-08-25 00:41:20,260 INFO 엘소드: refreshed 25 ongoing candidates
2026-08-25 00:41:20,724 INFO 바람의나라: refreshed 4 ongoing candidates
2026-08-25 00:41:22,980 INFO 로스트아크: refreshed 12 ongoing candidates
2026-08-25 00:41:23,775 ERROR 리니지: refresh failed; kept previous archive state: collector returned no candidates
Traceback (most recent call last):
  File "/home/runner/work/plan_gen/plan_gen/web/backend/event_bench_refresh.py", line 135, in main
    raise RuntimeError("collector returned no candidates")
RuntimeError: collector returned no candidates
2026-08-25 00:42:00,653 INFO 검은사막: refreshed 24 ongoing candidates
2026-08-25 00:42:01,528 ERROR 거상: refresh failed; kept previous archive state: <urlopen error [Errno 104] Connection reset by peer>
Traceback (most recent call last):
  File "/opt/hostedtoolcache/Python/3.12.14/x64/lib/python3.12/urllib/request.py", line 1344, in do_open
    h.request(req.get_method(), req.selector, req.data, headers,
  File "/opt/hostedtoolcache/Python/3.12.14/x64/lib/python3.12/http/client.py", line 1386, in request
    self._send_request(method, url, body, headers, encode_chunked)
  File "/opt/hostedtoolcache/Python/3.12.14/x64/lib/python3.12/http/client.py", line 1432, in _send_request
    self.endheaders(body, encode_chunked=encode_chunked)
  File "/opt/hostedtoolcache/Python/3.12.14/x64/lib/python3.12/http/client.py", line 1381, in endheaders
    self._send_output(message_body, encode_chunked=encode_chunked)
  File "/opt/hostedtoolcache/Python/3.12.14/x64/lib/python3.12/http/client.py", line 1141, in _send_output
    self.send(msg)
  File "/opt/hostedtoolcache/Python/3.12.14/x64/lib/python3.12/http/client.py", line 1085, in send
    self.connect()
  File "/opt/hostedtoolcache/Python/3.12.14/x64/lib/python3.12/http/client.py", line 1527, in connect
    self.sock = self._context.wrap_socket(self.sock,
                ^^^^^^^^^^^^^^^^^^^^^^^^^^^^^^^^^^^^
  File "/opt/hostedtoolcache/Python/3.12.14/x64/lib/python3.12/ssl.py", line 455, in wrap_socket
    return self.sslsocket_class._create(
           ^^^^^^^^^^^^^^^^^^^^^^^^^^^^^
  File "/opt/hostedtoolcache/Python/3.12.14/x64/lib/python3.12/ssl.py", line 1041, in _create
    self.do_handshake()
  File "/opt/hostedtoolcache/Python/3.12.14/x64/lib/python3.12/ssl.py", line 1319, in do_handshake
    self._sslobj.do_handshake()
ConnectionResetError: [Errno 104] Connection reset by peer

During handling of the above exception, another exception occurred:

Traceback (most recent call last):
  File "/home/runner/work/plan_gen/plan_gen/web/backend/event_bench_refresh.py", line 133, in main
    candidates = [asdict(item) for item in collector()]
                                           ^^^^^^^^^^^
  File "/home/runner/work/plan_gen/plan_gen/web/backend/app/event_bench/nexon_sample.py", line 366, in collect_gersang_events
    soup = BeautifulSoup(_fetch_html(GERSANG_EVENTS_URL), "html.parser")
                         ^^^^^^^^^^^^^^^^^^^^^^^^^^^^^^^
  File "/home/runner/work/plan_gen/plan_gen/web/backend/app/event_bench/nexon_sample.py", line 58, in _fetch_html
    with urlopen(request, timeout=20) as response:  # noqa: S310 - explicit verified official URLs
         ^^^^^^^^^^^^^^^^^^^^^^^^^^^^
  File "/opt/hostedtoolcache/Python/3.12.14/x64/lib/python3.12/urllib/request.py", line 215, in urlopen
    return opener.open(url, data, timeout)
           ^^^^^^^^^^^^^^^^^^^^^^^^^^^^^^^
  File "/opt/hostedtoolcache/Python/3.12.14/x64/lib/python3.12/urllib/request.py", line 515, in open
    response = self._open(req, data)
               ^^^^^^^^^^^^^^^^^^^^^
  File "/opt/hostedtoolcache/Python/3.12.14/x64/lib/python3.12/urllib/request.py", line 532, in _open
    result = self._call_chain(self.handle_open, protocol, protocol +
             ^^^^^^^^^^^^^^^^^^^^^^^^^^^^^^^^^^^^^^^^^^^^^^^^^^^^^^^
  File "/opt/hostedtoolcache/Python/3.12.14/x64/lib/python3.12/urllib/request.py", line 492, in _call_chain
    result = func(*args)
             ^^^^^^^^^^^
  File "/opt/hostedtoolcache/Python/3.12.14/x64/lib/python3.12/urllib/request.py", line 1392, in https_open
    return self.do_open(http.client.HTTPSConnection, req,
           ^^^^^^^^^^^^^^^^^^^^^^^^^^^^^^^^^^^^^^^^^^^^^^
  File "/opt/hostedtoolcache/Python/3.12.14/x64/lib/python3.12/urllib/request.py", line 1347, in do_open
    raise URLError(err)
urllib.error.URLError: <urlopen error [Errno 104] Connection reset by peer>
2026-08-25 00:42:02,493 INFO 던전앤파이터: refreshed 26 ongoing candidates
2026-08-25 00:42:03,475 ERROR 테일즈런너: refresh failed; kept previous archive state: HTTP Error 403: Forbidden
Traceback (most recent call last):
  File "/home/runner/work/plan_gen/plan_gen/web/backend/event_bench_refresh.py", line 133, in main
    candidates = [asdict(item) for item in collector()]
                                           ^^^^^^^^^^^
  File "/home/runner/work/plan_gen/plan_gen/web/backend/app/event_bench/nexon_sample.py", line 514, in collect_talesrunner_events
    payload = json.loads(_fetch_html(TALESRUNNER_EVENT_API_URL))
                         ^^^^^^^^^^^^^^^^^^^^^^^^^^^^^^^^^^^^^^
  File "/home/runner/work/plan_gen/plan_gen/web/backend/app/event_bench/nexon_sample.py", line 58, in _fetch_html
    with urlopen(request, timeout=20) as response:  # noqa: S310 - explicit verified official URLs
         ^^^^^^^^^^^^^^^^^^^^^^^^^^^^
  File "/opt/hostedtoolcache/Python/3.12.14/x64/lib/python3.12/urllib/request.py", line 215, in urlopen
    return opener.open(url, data, timeout)
           ^^^^^^^^^^^^^^^^^^^^^^^^^^^^^^^
  File "/opt/hostedtoolcache/Python/3.12.14/x64/lib/python3.12/urllib/request.py", line 521, in open
    response = meth(req, response)
               ^^^^^^^^^^^^^^^^^^^
  File "/opt/hostedtoolcache/Python/3.12.14/x64/lib/python3.12/urllib/request.py", line 630, in http_response
    response = self.parent.error(
               ^^^^^^^^^^^^^^^^^^
  File "/opt/hostedtoolcache/Python/3.12.14/x64/lib/python3.12/urllib/request.py", line 559, in error
    return self._call_chain(*args)
           ^^^^^^^^^^^^^^^^^^^^^^^
  File "/opt/hostedtoolcache/Python/3.12.14/x64/lib/python3.12/urllib/request.py", line 492, in _call_chain
    result = func(*args)
             ^^^^^^^^^^^
  File "/opt/hostedtoolcache/Python/3.12.14/x64/lib/python3.12/urllib/request.py", line 639, in http_error_default
    raise HTTPError(req.full_url, code, msg, hdrs, fp)
urllib.error.HTTPError: HTTP Error 403: Forbidden
2026-08-25 00:42:04,260 INFO 카운터스트라이크 온라인: refreshed 2 ongoing candidates
2026-08-25 00:42:04,697 INFO 마비노기 영웅전: refreshed 17 ongoing candidates
2026-08-25 00:42:05,288 INFO 라그나로크: refreshed 10 ongoing candidates
2026-08-25 00:42:05,291 INFO Refresh complete: 183 total archived / 183 active candidates
2026-08-25 01:47:43,813 INFO FC ONLINE: refreshed 15 ongoing candidates
2026-08-25 01:47:45,172 INFO 메이플스토리: refreshed 20 ongoing candidates
2026-08-25 01:47:45,257 ERROR 마비노기: refresh failed; kept previous archive state: HTTP Error 403: Forbidden
Traceback (most recent call last):
  File "/home/runner/work/plan_gen/plan_gen/web/backend/event_bench_refresh.py", line 133, in main
    candidates = [asdict(item) for item in collector()]
                                           ^^^^^^^^^^^
  File "/home/runner/work/plan_gen/plan_gen/web/backend/app/event_bench/nexon_sample.py", line 219, in collect_mabinogi_events
    first_soup = BeautifulSoup(_fetch_html(MABINOGI_EVENTS_URL), "html.parser")
                               ^^^^^^^^^^^^^^^^^^^^^^^^^^^^^^^^
  File "/home/runner/work/plan_gen/plan_gen/web/backend/app/event_bench/nexon_sample.py", line 58, in _fetch_html
    with urlopen(request, timeout=20) as response:  # noqa: S310 - explicit verified official URLs
         ^^^^^^^^^^^^^^^^^^^^^^^^^^^^
  File "/opt/hostedtoolcache/Python/3.12.14/x64/lib/python3.12/urllib/request.py", line 215, in urlopen
    return opener.open(url, data, timeout)
           ^^^^^^^^^^^^^^^^^^^^^^^^^^^^^^^
  File "/opt/hostedtoolcache/Python/3.12.14/x64/lib/python3.12/urllib/request.py", line 521, in open
    response = meth(req, response)
               ^^^^^^^^^^^^^^^^^^^
  File "/opt/hostedtoolcache/Python/3.12.14/x64/lib/python3.12/urllib/request.py", line 630, in http_response
    response = self.parent.error(
               ^^^^^^^^^^^^^^^^^^
  File "/opt/hostedtoolcache/Python/3.12.14/x64/lib/python3.12/urllib/request.py", line 559, in error
    return self._call_chain(*args)
           ^^^^^^^^^^^^^^^^^^^^^^^
  File "/opt/hostedtoolcache/Python/3.12.14/x64/lib/python3.12/urllib/request.py", line 492, in _call_chain
    result = func(*args)
             ^^^^^^^^^^^
  File "/opt/hostedtoolcache/Python/3.12.14/x64/lib/python3.12/urllib/request.py", line 639, in http_error_default
    raise HTTPError(req.full_url, code, msg, hdrs, fp)
urllib.error.HTTPError: HTTP Error 403: Forbidden
2026-08-25 01:47:45,392 ERROR 테일즈위버: refresh failed; kept previous archive state: Command '['/usr/bin/curl', '-L', '--fail', '--silent', '--show-error', '--max-time', '20', '-A', 'Mozilla/5.0 (Windows NT 10.0; Win64; x64) AppleWebKit/537.36 Chrome/139 Safari/537.36', '-H', 'Accept-Language: ko-KR,ko;q=0.9', '-H', 'Referer: https://tales.nexon.com/', 'https://tales.nexon.com/News/Event']' returned non-zero exit status 22.
Traceback (most recent call last):
  File "/home/runner/work/plan_gen/plan_gen/web/backend/event_bench_refresh.py", line 133, in main
    candidates = [asdict(item) for item in collector()]
                                           ^^^^^^^^^^^
  File "/home/runner/work/plan_gen/plan_gen/web/backend/app/event_bench/nexon_sample.py", line 248, in collect_talesweaver_events
    first_soup = BeautifulSoup(_fetch_talesweaver_html(), "html.parser")
                               ^^^^^^^^^^^^^^^^^^^^^^^^^
  File "/home/runner/work/plan_gen/plan_gen/web/backend/app/event_bench/nexon_sample.py", line 117, in _fetch_talesweaver_html
    result = subprocess.run(
             ^^^^^^^^^^^^^^^
  File "/opt/hostedtoolcache/Python/3.12.14/x64/lib/python3.12/subprocess.py", line 571, in run
    raise CalledProcessError(retcode, process.args,
subprocess.CalledProcessError: Command '['/usr/bin/curl', '-L', '--fail', '--silent', '--show-error', '--max-time', '20', '-A', 'Mozilla/5.0 (Windows NT 10.0; Win64; x64) AppleWebKit/537.36 Chrome/139 Safari/537.36', '-H', 'Accept-Language: ko-KR,ko;q=0.9', '-H', 'Referer: https://tales.nexon.com/', 'https://tales.nexon.com/News/Event']' returned non-zero exit status 22.
2026-08-25 01:47:48,261 INFO 엘소드: refreshed 25 ongoing candidates
2026-08-25 01:47:48,564 INFO 바람의나라: refreshed 4 ongoing candidates
2026-08-25 01:47:50,599 INFO 로스트아크: refreshed 12 ongoing candidates
2026-08-25 01:47:51,477 ERROR 리니지: refresh failed; kept previous archive state: collector returned no candidates
Traceback (most recent call last):
  File "/home/runner/work/plan_gen/plan_gen/web/backend/event_bench_refresh.py", line 135, in main
    raise RuntimeError("collector returned no candidates")
RuntimeError: collector returned no candidates
2026-08-25 01:48:23,627 INFO 검은사막: refreshed 24 ongoing candidates
2026-08-25 01:48:24,157 ERROR 거상: refresh failed; kept previous archive state: <urlopen error [Errno 104] Connection reset by peer>
Traceback (most recent call last):
  File "/opt/hostedtoolcache/Python/3.12.14/x64/lib/python3.12/urllib/request.py", line 1344, in do_open
    h.request(req.get_method(), req.selector, req.data, headers,
  File "/opt/hostedtoolcache/Python/3.12.14/x64/lib/python3.12/http/client.py", line 1386, in request
    self._send_request(method, url, body, headers, encode_chunked)
  File "/opt/hostedtoolcache/Python/3.12.14/x64/lib/python3.12/http/client.py", line 1432, in _send_request
    self.endheaders(body, encode_chunked=encode_chunked)
  File "/opt/hostedtoolcache/Python/3.12.14/x64/lib/python3.12/http/client.py", line 1381, in endheaders
    self._send_output(message_body, encode_chunked=encode_chunked)
  File "/opt/hostedtoolcache/Python/3.12.14/x64/lib/python3.12/http/client.py", line 1141, in _send_output
    self.send(msg)
  File "/opt/hostedtoolcache/Python/3.12.14/x64/lib/python3.12/http/client.py", line 1085, in send
    self.connect()
  File "/opt/hostedtoolcache/Python/3.12.14/x64/lib/python3.12/http/client.py", line 1527, in connect
    self.sock = self._context.wrap_socket(self.sock,
                ^^^^^^^^^^^^^^^^^^^^^^^^^^^^^^^^^^^^
  File "/opt/hostedtoolcache/Python/3.12.14/x64/lib/python3.12/ssl.py", line 455, in wrap_socket
    return self.sslsocket_class._create(
           ^^^^^^^^^^^^^^^^^^^^^^^^^^^^^
  File "/opt/hostedtoolcache/Python/3.12.14/x64/lib/python3.12/ssl.py", line 1041, in _create
    self.do_handshake()
  File "/opt/hostedtoolcache/Python/3.12.14/x64/lib/python3.12/ssl.py", line 1319, in do_handshake
    self._sslobj.do_handshake()
ConnectionResetError: [Errno 104] Connection reset by peer

During handling of the above exception, another exception occurred:

Traceback (most recent call last):
  File "/home/runner/work/plan_gen/plan_gen/web/backend/event_bench_refresh.py", line 133, in main
    candidates = [asdict(item) for item in collector()]
                                           ^^^^^^^^^^^
  File "/home/runner/work/plan_gen/plan_gen/web/backend/app/event_bench/nexon_sample.py", line 366, in collect_gersang_events
    soup = BeautifulSoup(_fetch_html(GERSANG_EVENTS_URL), "html.parser")
                         ^^^^^^^^^^^^^^^^^^^^^^^^^^^^^^^
  File "/home/runner/work/plan_gen/plan_gen/web/backend/app/event_bench/nexon_sample.py", line 58, in _fetch_html
    with urlopen(request, timeout=20) as response:  # noqa: S310 - explicit verified official URLs
         ^^^^^^^^^^^^^^^^^^^^^^^^^^^^
  File "/opt/hostedtoolcache/Python/3.12.14/x64/lib/python3.12/urllib/request.py", line 215, in urlopen
    return opener.open(url, data, timeout)
           ^^^^^^^^^^^^^^^^^^^^^^^^^^^^^^^
  File "/opt/hostedtoolcache/Python/3.12.14/x64/lib/python3.12/urllib/request.py", line 515, in open
    response = self._open(req, data)
               ^^^^^^^^^^^^^^^^^^^^^
  File "/opt/hostedtoolcache/Python/3.12.14/x64/lib/python3.12/urllib/request.py", line 532, in _open
    result = self._call_chain(self.handle_open, protocol, protocol +
             ^^^^^^^^^^^^^^^^^^^^^^^^^^^^^^^^^^^^^^^^^^^^^^^^^^^^^^^
  File "/opt/hostedtoolcache/Python/3.12.14/x64/lib/python3.12/urllib/request.py", line 492, in _call_chain
    result = func(*args)
             ^^^^^^^^^^^
  File "/opt/hostedtoolcache/Python/3.12.14/x64/lib/python3.12/urllib/request.py", line 1392, in https_open
    return self.do_open(http.client.HTTPSConnection, req,
           ^^^^^^^^^^^^^^^^^^^^^^^^^^^^^^^^^^^^^^^^^^^^^^
  File "/opt/hostedtoolcache/Python/3.12.14/x64/lib/python3.12/urllib/request.py", line 1347, in do_open
    raise URLError(err)
urllib.error.URLError: <urlopen error [Errno 104] Connection reset by peer>
2026-08-25 01:48:24,398 INFO 던전앤파이터: refreshed 26 ongoing candidates
2026-08-25 01:48:25,332 ERROR 테일즈런너: refresh failed; kept previous archive state: HTTP Error 403: Forbidden
Traceback (most recent call last):
  File "/home/runner/work/plan_gen/plan_gen/web/backend/event_bench_refresh.py", line 133, in main
    candidates = [asdict(item) for item in collector()]
                                           ^^^^^^^^^^^
  File "/home/runner/work/plan_gen/plan_gen/web/backend/app/event_bench/nexon_sample.py", line 514, in collect_talesrunner_events
    payload = json.loads(_fetch_html(TALESRUNNER_EVENT_API_URL))
                         ^^^^^^^^^^^^^^^^^^^^^^^^^^^^^^^^^^^^^^
  File "/home/runner/work/plan_gen/plan_gen/web/backend/app/event_bench/nexon_sample.py", line 58, in _fetch_html
    with urlopen(request, timeout=20) as response:  # noqa: S310 - explicit verified official URLs
         ^^^^^^^^^^^^^^^^^^^^^^^^^^^^
  File "/opt/hostedtoolcache/Python/3.12.14/x64/lib/python3.12/urllib/request.py", line 215, in urlopen
    return opener.open(url, data, timeout)
           ^^^^^^^^^^^^^^^^^^^^^^^^^^^^^^^
  File "/opt/hostedtoolcache/Python/3.12.14/x64/lib/python3.12/urllib/request.py", line 521, in open
    response = meth(req, response)
               ^^^^^^^^^^^^^^^^^^^
  File "/opt/hostedtoolcache/Python/3.12.14/x64/lib/python3.12/urllib/request.py", line 630, in http_response
    response = self.parent.error(
               ^^^^^^^^^^^^^^^^^^
  File "/opt/hostedtoolcache/Python/3.12.14/x64/lib/python3.12/urllib/request.py", line 559, in error
    return self._call_chain(*args)
           ^^^^^^^^^^^^^^^^^^^^^^^
  File "/opt/hostedtoolcache/Python/3.12.14/x64/lib/python3.12/urllib/request.py", line 492, in _call_chain
    result = func(*args)
             ^^^^^^^^^^^
  File "/opt/hostedtoolcache/Python/3.12.14/x64/lib/python3.12/urllib/request.py", line 639, in http_error_default
    raise HTTPError(req.full_url, code, msg, hdrs, fp)
urllib.error.HTTPError: HTTP Error 403: Forbidden
2026-08-25 01:48:25,903 INFO 카운터스트라이크 온라인: refreshed 2 ongoing candidates
2026-08-25 01:48:26,178 INFO 마비노기 영웅전: refreshed 17 ongoing candidates
2026-08-25 01:48:26,982 INFO 라그나로크: refreshed 10 ongoing candidates
2026-08-25 01:48:26,984 INFO Refresh complete: 183 total archived / 183 active candidates
2026-08-25 01:56:09,974 INFO FC ONLINE: refreshed 15 ongoing candidates
2026-08-25 01:56:11,410 INFO 메이플스토리: refreshed 20 ongoing candidates
2026-08-25 01:56:11,587 ERROR 마비노기: refresh failed; kept previous archive state: HTTP Error 403: Forbidden
Traceback (most recent call last):
  File "/home/runner/work/plan_gen/plan_gen/web/backend/event_bench_refresh.py", line 133, in main
    candidates = [asdict(item) for item in collector()]
                                           ^^^^^^^^^^^
  File "/home/runner/work/plan_gen/plan_gen/web/backend/app/event_bench/nexon_sample.py", line 219, in collect_mabinogi_events
    first_soup = BeautifulSoup(_fetch_html(MABINOGI_EVENTS_URL), "html.parser")
                               ^^^^^^^^^^^^^^^^^^^^^^^^^^^^^^^^
  File "/home/runner/work/plan_gen/plan_gen/web/backend/app/event_bench/nexon_sample.py", line 58, in _fetch_html
    with urlopen(request, timeout=20) as response:  # noqa: S310 - explicit verified official URLs
         ^^^^^^^^^^^^^^^^^^^^^^^^^^^^
  File "/opt/hostedtoolcache/Python/3.12.14/x64/lib/python3.12/urllib/request.py", line 215, in urlopen
    return opener.open(url, data, timeout)
           ^^^^^^^^^^^^^^^^^^^^^^^^^^^^^^^
  File "/opt/hostedtoolcache/Python/3.12.14/x64/lib/python3.12/urllib/request.py", line 521, in open
    response = meth(req, response)
               ^^^^^^^^^^^^^^^^^^^
  File "/opt/hostedtoolcache/Python/3.12.14/x64/lib/python3.12/urllib/request.py", line 630, in http_response
    response = self.parent.error(
               ^^^^^^^^^^^^^^^^^^
  File "/opt/hostedtoolcache/Python/3.12.14/x64/lib/python3.12/urllib/request.py", line 559, in error
    return self._call_chain(*args)
           ^^^^^^^^^^^^^^^^^^^^^^^
  File "/opt/hostedtoolcache/Python/3.12.14/x64/lib/python3.12/urllib/request.py", line 492, in _call_chain
    result = func(*args)
             ^^^^^^^^^^^
  File "/opt/hostedtoolcache/Python/3.12.14/x64/lib/python3.12/urllib/request.py", line 639, in http_error_default
    raise HTTPError(req.full_url, code, msg, hdrs, fp)
urllib.error.HTTPError: HTTP Error 403: Forbidden
2026-08-25 01:56:11,771 ERROR 테일즈위버: refresh failed; kept previous archive state: Command '['/usr/bin/curl', '-L', '--fail', '--silent', '--show-error', '--max-time', '20', '-A', 'Mozilla/5.0 (Windows NT 10.0; Win64; x64) AppleWebKit/537.36 Chrome/139 Safari/537.36', '-H', 'Accept-Language: ko-KR,ko;q=0.9', '-H', 'Referer: https://tales.nexon.com/', 'https://tales.nexon.com/News/Event']' returned non-zero exit status 22.
Traceback (most recent call last):
  File "/home/runner/work/plan_gen/plan_gen/web/backend/event_bench_refresh.py", line 133, in main
    candidates = [asdict(item) for item in collector()]
                                           ^^^^^^^^^^^
  File "/home/runner/work/plan_gen/plan_gen/web/backend/app/event_bench/nexon_sample.py", line 248, in collect_talesweaver_events
    first_soup = BeautifulSoup(_fetch_talesweaver_html(), "html.parser")
                               ^^^^^^^^^^^^^^^^^^^^^^^^^
  File "/home/runner/work/plan_gen/plan_gen/web/backend/app/event_bench/nexon_sample.py", line 117, in _fetch_talesweaver_html
    result = subprocess.run(
             ^^^^^^^^^^^^^^^
  File "/opt/hostedtoolcache/Python/3.12.14/x64/lib/python3.12/subprocess.py", line 571, in run
    raise CalledProcessError(retcode, process.args,
subprocess.CalledProcessError: Command '['/usr/bin/curl', '-L', '--fail', '--silent', '--show-error', '--max-time', '20', '-A', 'Mozilla/5.0 (Windows NT 10.0; Win64; x64) AppleWebKit/537.36 Chrome/139 Safari/537.36', '-H', 'Accept-Language: ko-KR,ko;q=0.9', '-H', 'Referer: https://tales.nexon.com/', 'https://tales.nexon.com/News/Event']' returned non-zero exit status 22.
2026-08-25 01:56:14,593 INFO 엘소드: refreshed 25 ongoing candidates
2026-08-25 01:56:14,903 INFO 바람의나라: refreshed 4 ongoing candidates
2026-08-25 01:56:16,957 INFO 로스트아크: refreshed 12 ongoing candidates
2026-08-25 01:56:17,825 ERROR 리니지: refresh failed; kept previous archive state: collector returned no candidates
Traceback (most recent call last):
  File "/home/runner/work/plan_gen/plan_gen/web/backend/event_bench_refresh.py", line 135, in main
    raise RuntimeError("collector returned no candidates")
RuntimeError: collector returned no candidates
2026-08-25 01:56:54,798 INFO 검은사막: refreshed 24 ongoing candidates
2026-08-25 01:56:55,304 ERROR 거상: refresh failed; kept previous archive state: <urlopen error [Errno 104] Connection reset by peer>
Traceback (most recent call last):
  File "/opt/hostedtoolcache/Python/3.12.14/x64/lib/python3.12/urllib/request.py", line 1344, in do_open
    h.request(req.get_method(), req.selector, req.data, headers,
  File "/opt/hostedtoolcache/Python/3.12.14/x64/lib/python3.12/http/client.py", line 1386, in request
    self._send_request(method, url, body, headers, encode_chunked)
  File "/opt/hostedtoolcache/Python/3.12.14/x64/lib/python3.12/http/client.py", line 1432, in _send_request
    self.endheaders(body, encode_chunked=encode_chunked)
  File "/opt/hostedtoolcache/Python/3.12.14/x64/lib/python3.12/http/client.py", line 1381, in endheaders
    self._send_output(message_body, encode_chunked=encode_chunked)
  File "/opt/hostedtoolcache/Python/3.12.14/x64/lib/python3.12/http/client.py", line 1141, in _send_output
    self.send(msg)
  File "/opt/hostedtoolcache/Python/3.12.14/x64/lib/python3.12/http/client.py", line 1085, in send
    self.connect()
  File "/opt/hostedtoolcache/Python/3.12.14/x64/lib/python3.12/http/client.py", line 1527, in connect
    self.sock = self._context.wrap_socket(self.sock,
                ^^^^^^^^^^^^^^^^^^^^^^^^^^^^^^^^^^^^
  File "/opt/hostedtoolcache/Python/3.12.14/x64/lib/python3.12/ssl.py", line 455, in wrap_socket
    return self.sslsocket_class._create(
           ^^^^^^^^^^^^^^^^^^^^^^^^^^^^^
  File "/opt/hostedtoolcache/Python/3.12.14/x64/lib/python3.12/ssl.py", line 1041, in _create
    self.do_handshake()
  File "/opt/hostedtoolcache/Python/3.12.14/x64/lib/python3.12/ssl.py", line 1319, in do_handshake
    self._sslobj.do_handshake()
ConnectionResetError: [Errno 104] Connection reset by peer

During handling of the above exception, another exception occurred:

Traceback (most recent call last):
  File "/home/runner/work/plan_gen/plan_gen/web/backend/event_bench_refresh.py", line 133, in main
    candidates = [asdict(item) for item in collector()]
                                           ^^^^^^^^^^^
  File "/home/runner/work/plan_gen/plan_gen/web/backend/app/event_bench/nexon_sample.py", line 366, in collect_gersang_events
    soup = BeautifulSoup(_fetch_html(GERSANG_EVENTS_URL), "html.parser")
                         ^^^^^^^^^^^^^^^^^^^^^^^^^^^^^^^
  File "/home/runner/work/plan_gen/plan_gen/web/backend/app/event_bench/nexon_sample.py", line 58, in _fetch_html
    with urlopen(request, timeout=20) as response:  # noqa: S310 - explicit verified official URLs
         ^^^^^^^^^^^^^^^^^^^^^^^^^^^^
  File "/opt/hostedtoolcache/Python/3.12.14/x64/lib/python3.12/urllib/request.py", line 215, in urlopen
    return opener.open(url, data, timeout)
           ^^^^^^^^^^^^^^^^^^^^^^^^^^^^^^^
  File "/opt/hostedtoolcache/Python/3.12.14/x64/lib/python3.12/urllib/request.py", line 515, in open
    response = self._open(req, data)
               ^^^^^^^^^^^^^^^^^^^^^
  File "/opt/hostedtoolcache/Python/3.12.14/x64/lib/python3.12/urllib/request.py", line 532, in _open
    result = self._call_chain(self.handle_open, protocol, protocol +
             ^^^^^^^^^^^^^^^^^^^^^^^^^^^^^^^^^^^^^^^^^^^^^^^^^^^^^^^
  File "/opt/hostedtoolcache/Python/3.12.14/x64/lib/python3.12/urllib/request.py", line 492, in _call_chain
    result = func(*args)
             ^^^^^^^^^^^
  File "/opt/hostedtoolcache/Python/3.12.14/x64/lib/python3.12/urllib/request.py", line 1392, in https_open
    return self.do_open(http.client.HTTPSConnection, req,
           ^^^^^^^^^^^^^^^^^^^^^^^^^^^^^^^^^^^^^^^^^^^^^^
  File "/opt/hostedtoolcache/Python/3.12.14/x64/lib/python3.12/urllib/request.py", line 1347, in do_open
    raise URLError(err)
urllib.error.URLError: <urlopen error [Errno 104] Connection reset by peer>
2026-08-25 01:56:55,945 INFO 던전앤파이터: refreshed 26 ongoing candidates
2026-08-25 01:56:56,785 ERROR 테일즈런너: refresh failed; kept previous archive state: HTTP Error 403: Forbidden
Traceback (most recent call last):
  File "/home/runner/work/plan_gen/plan_gen/web/backend/event_bench_refresh.py", line 133, in main
    candidates = [asdict(item) for item in collector()]
                                           ^^^^^^^^^^^
  File "/home/runner/work/plan_gen/plan_gen/web/backend/app/event_bench/nexon_sample.py", line 514, in collect_talesrunner_events
    payload = json.loads(_fetch_html(TALESRUNNER_EVENT_API_URL))
                         ^^^^^^^^^^^^^^^^^^^^^^^^^^^^^^^^^^^^^^
  File "/home/runner/work/plan_gen/plan_gen/web/backend/app/event_bench/nexon_sample.py", line 58, in _fetch_html
    with urlopen(request, timeout=20) as response:  # noqa: S310 - explicit verified official URLs
         ^^^^^^^^^^^^^^^^^^^^^^^^^^^^
  File "/opt/hostedtoolcache/Python/3.12.14/x64/lib/python3.12/urllib/request.py", line 215, in urlopen
    return opener.open(url, data, timeout)
           ^^^^^^^^^^^^^^^^^^^^^^^^^^^^^^^
  File "/opt/hostedtoolcache/Python/3.12.14/x64/lib/python3.12/urllib/request.py", line 521, in open
    response = meth(req, response)
               ^^^^^^^^^^^^^^^^^^^
  File "/opt/hostedtoolcache/Python/3.12.14/x64/lib/python3.12/urllib/request.py", line 630, in http_response
    response = self.parent.error(
               ^^^^^^^^^^^^^^^^^^
  File "/opt/hostedtoolcache/Python/3.12.14/x64/lib/python3.12/urllib/request.py", line 559, in error
    return self._call_chain(*args)
           ^^^^^^^^^^^^^^^^^^^^^^^
  File "/opt/hostedtoolcache/Python/3.12.14/x64/lib/python3.12/urllib/request.py", line 492, in _call_chain
    result = func(*args)
             ^^^^^^^^^^^
  File "/opt/hostedtoolcache/Python/3.12.14/x64/lib/python3.12/urllib/request.py", line 639, in http_error_default
    raise HTTPError(req.full_url, code, msg, hdrs, fp)
urllib.error.HTTPError: HTTP Error 403: Forbidden
2026-08-25 01:56:57,348 INFO 카운터스트라이크 온라인: refreshed 2 ongoing candidates
2026-08-25 01:56:57,707 INFO 마비노기 영웅전: refreshed 17 ongoing candidates
2026-08-25 01:56:58,127 INFO 라그나로크: refreshed 10 ongoing candidates
2026-08-25 01:56:58,129 INFO Refresh complete: 183 total archived / 183 active candidates
2026-08-25 05:44:39,296 INFO FC ONLINE: refreshed 15 ongoing candidates
2026-08-25 05:44:41,177 INFO 메이플스토리: refreshed 20 ongoing candidates
2026-08-25 05:44:41,321 ERROR 마비노기: refresh failed; kept previous archive state: HTTP Error 403: Forbidden
Traceback (most recent call last):
  File "/home/runner/work/plan_gen/plan_gen/web/backend/event_bench_refresh.py", line 133, in main
    candidates = [asdict(item) for item in collector()]
                                           ^^^^^^^^^^^
  File "/home/runner/work/plan_gen/plan_gen/web/backend/app/event_bench/nexon_sample.py", line 219, in collect_mabinogi_events
    first_soup = BeautifulSoup(_fetch_html(MABINOGI_EVENTS_URL), "html.parser")
                               ^^^^^^^^^^^^^^^^^^^^^^^^^^^^^^^^
  File "/home/runner/work/plan_gen/plan_gen/web/backend/app/event_bench/nexon_sample.py", line 58, in _fetch_html
    with urlopen(request, timeout=20) as response:  # noqa: S310 - explicit verified official URLs
         ^^^^^^^^^^^^^^^^^^^^^^^^^^^^
  File "/opt/hostedtoolcache/Python/3.12.14/x64/lib/python3.12/urllib/request.py", line 215, in urlopen
    return opener.open(url, data, timeout)
           ^^^^^^^^^^^^^^^^^^^^^^^^^^^^^^^
  File "/opt/hostedtoolcache/Python/3.12.14/x64/lib/python3.12/urllib/request.py", line 521, in open
    response = meth(req, response)
               ^^^^^^^^^^^^^^^^^^^
  File "/opt/hostedtoolcache/Python/3.12.14/x64/lib/python3.12/urllib/request.py", line 630, in http_response
    response = self.parent.error(
               ^^^^^^^^^^^^^^^^^^
  File "/opt/hostedtoolcache/Python/3.12.14/x64/lib/python3.12/urllib/request.py", line 559, in error
    return self._call_chain(*args)
           ^^^^^^^^^^^^^^^^^^^^^^^
  File "/opt/hostedtoolcache/Python/3.12.14/x64/lib/python3.12/urllib/request.py", line 492, in _call_chain
    result = func(*args)
             ^^^^^^^^^^^
  File "/opt/hostedtoolcache/Python/3.12.14/x64/lib/python3.12/urllib/request.py", line 639, in http_error_default
    raise HTTPError(req.full_url, code, msg, hdrs, fp)
urllib.error.HTTPError: HTTP Error 403: Forbidden
2026-08-25 05:44:41,484 ERROR 테일즈위버: refresh failed; kept previous archive state: Command '['/usr/bin/curl', '-L', '--fail', '--silent', '--show-error', '--max-time', '20', '-A', 'Mozilla/5.0 (Windows NT 10.0; Win64; x64) AppleWebKit/537.36 Chrome/139 Safari/537.36', '-H', 'Accept-Language: ko-KR,ko;q=0.9', '-H', 'Referer: https://tales.nexon.com/', 'https://tales.nexon.com/News/Event']' returned non-zero exit status 22.
Traceback (most recent call last):
  File "/home/runner/work/plan_gen/plan_gen/web/backend/event_bench_refresh.py", line 133, in main
    candidates = [asdict(item) for item in collector()]
                                           ^^^^^^^^^^^
  File "/home/runner/work/plan_gen/plan_gen/web/backend/app/event_bench/nexon_sample.py", line 248, in collect_talesweaver_events
    first_soup = BeautifulSoup(_fetch_talesweaver_html(), "html.parser")
                               ^^^^^^^^^^^^^^^^^^^^^^^^^
  File "/home/runner/work/plan_gen/plan_gen/web/backend/app/event_bench/nexon_sample.py", line 117, in _fetch_talesweaver_html
    result = subprocess.run(
             ^^^^^^^^^^^^^^^
  File "/opt/hostedtoolcache/Python/3.12.14/x64/lib/python3.12/subprocess.py", line 571, in run
    raise CalledProcessError(retcode, process.args,
subprocess.CalledProcessError: Command '['/usr/bin/curl', '-L', '--fail', '--silent', '--show-error', '--max-time', '20', '-A', 'Mozilla/5.0 (Windows NT 10.0; Win64; x64) AppleWebKit/537.36 Chrome/139 Safari/537.36', '-H', 'Accept-Language: ko-KR,ko;q=0.9', '-H', 'Referer: https://tales.nexon.com/', 'https://tales.nexon.com/News/Event']' returned non-zero exit status 22.
2026-08-25 05:44:45,382 INFO 엘소드: refreshed 25 ongoing candidates
2026-08-25 05:44:45,702 INFO 바람의나라: refreshed 4 ongoing candidates
2026-08-25 05:44:48,667 INFO 로스트아크: refreshed 12 ongoing candidates
2026-08-25 05:44:49,409 ERROR 리니지: refresh failed; kept previous archive state: collector returned no candidates
Traceback (most recent call last):
  File "/home/runner/work/plan_gen/plan_gen/web/backend/event_bench_refresh.py", line 135, in main
    raise RuntimeError("collector returned no candidates")
RuntimeError: collector returned no candidates
2026-08-25 05:45:32,321 INFO 검은사막: refreshed 24 ongoing candidates
2026-08-25 05:45:33,062 ERROR 거상: refresh failed; kept previous archive state: <urlopen error [Errno 104] Connection reset by peer>
Traceback (most recent call last):
  File "/opt/hostedtoolcache/Python/3.12.14/x64/lib/python3.12/urllib/request.py", line 1344, in do_open
    h.request(req.get_method(), req.selector, req.data, headers,
  File "/opt/hostedtoolcache/Python/3.12.14/x64/lib/python3.12/http/client.py", line 1386, in request
    self._send_request(method, url, body, headers, encode_chunked)
  File "/opt/hostedtoolcache/Python/3.12.14/x64/lib/python3.12/http/client.py", line 1432, in _send_request
    self.endheaders(body, encode_chunked=encode_chunked)
  File "/opt/hostedtoolcache/Python/3.12.14/x64/lib/python3.12/http/client.py", line 1381, in endheaders
    self._send_output(message_body, encode_chunked=encode_chunked)
  File "/opt/hostedtoolcache/Python/3.12.14/x64/lib/python3.12/http/client.py", line 1141, in _send_output
    self.send(msg)
  File "/opt/hostedtoolcache/Python/3.12.14/x64/lib/python3.12/http/client.py", line 1085, in send
    self.connect()
  File "/opt/hostedtoolcache/Python/3.12.14/x64/lib/python3.12/http/client.py", line 1527, in connect
    self.sock = self._context.wrap_socket(self.sock,
                ^^^^^^^^^^^^^^^^^^^^^^^^^^^^^^^^^^^^
  File "/opt/hostedtoolcache/Python/3.12.14/x64/lib/python3.12/ssl.py", line 455, in wrap_socket
    return self.sslsocket_class._create(
           ^^^^^^^^^^^^^^^^^^^^^^^^^^^^^
  File "/opt/hostedtoolcache/Python/3.12.14/x64/lib/python3.12/ssl.py", line 1041, in _create
    self.do_handshake()
  File "/opt/hostedtoolcache/Python/3.12.14/x64/lib/python3.12/ssl.py", line 1319, in do_handshake
    self._sslobj.do_handshake()
ConnectionResetError: [Errno 104] Connection reset by peer

During handling of the above exception, another exception occurred:

Traceback (most recent call last):
  File "/home/runner/work/plan_gen/plan_gen/web/backend/event_bench_refresh.py", line 133, in main
    candidates = [asdict(item) for item in collector()]
                                           ^^^^^^^^^^^
  File "/home/runner/work/plan_gen/plan_gen/web/backend/app/event_bench/nexon_sample.py", line 366, in collect_gersang_events
    soup = BeautifulSoup(_fetch_html(GERSANG_EVENTS_URL), "html.parser")
                         ^^^^^^^^^^^^^^^^^^^^^^^^^^^^^^^
  File "/home/runner/work/plan_gen/plan_gen/web/backend/app/event_bench/nexon_sample.py", line 58, in _fetch_html
    with urlopen(request, timeout=20) as response:  # noqa: S310 - explicit verified official URLs
         ^^^^^^^^^^^^^^^^^^^^^^^^^^^^
  File "/opt/hostedtoolcache/Python/3.12.14/x64/lib/python3.12/urllib/request.py", line 215, in urlopen
    return opener.open(url, data, timeout)
           ^^^^^^^^^^^^^^^^^^^^^^^^^^^^^^^
  File "/opt/hostedtoolcache/Python/3.12.14/x64/lib/python3.12/urllib/request.py", line 515, in open
    response = self._open(req, data)
               ^^^^^^^^^^^^^^^^^^^^^
  File "/opt/hostedtoolcache/Python/3.12.14/x64/lib/python3.12/urllib/request.py", line 532, in _open
    result = self._call_chain(self.handle_open, protocol, protocol +
             ^^^^^^^^^^^^^^^^^^^^^^^^^^^^^^^^^^^^^^^^^^^^^^^^^^^^^^^
  File "/opt/hostedtoolcache/Python/3.12.14/x64/lib/python3.12/urllib/request.py", line 492, in _call_chain
    result = func(*args)
             ^^^^^^^^^^^
  File "/opt/hostedtoolcache/Python/3.12.14/x64/lib/python3.12/urllib/request.py", line 1392, in https_open
    return self.do_open(http.client.HTTPSConnection, req,
           ^^^^^^^^^^^^^^^^^^^^^^^^^^^^^^^^^^^^^^^^^^^^^^
  File "/opt/hostedtoolcache/Python/3.12.14/x64/lib/python3.12/urllib/request.py", line 1347, in do_open
    raise URLError(err)
urllib.error.URLError: <urlopen error [Errno 104] Connection reset by peer>
2026-08-25 05:45:33,498 INFO 던전앤파이터: refreshed 26 ongoing candidates
2026-08-25 05:45:34,705 ERROR 테일즈런너: refresh failed; kept previous archive state: HTTP Error 403: Forbidden
Traceback (most recent call last):
  File "/home/runner/work/plan_gen/plan_gen/web/backend/event_bench_refresh.py", line 133, in main
    candidates = [asdict(item) for item in collector()]
                                           ^^^^^^^^^^^
  File "/home/runner/work/plan_gen/plan_gen/web/backend/app/event_bench/nexon_sample.py", line 514, in collect_talesrunner_events
    payload = json.loads(_fetch_html(TALESRUNNER_EVENT_API_URL))
                         ^^^^^^^^^^^^^^^^^^^^^^^^^^^^^^^^^^^^^^
  File "/home/runner/work/plan_gen/plan_gen/web/backend/app/event_bench/nexon_sample.py", line 58, in _fetch_html
    with urlopen(request, timeout=20) as response:  # noqa: S310 - explicit verified official URLs
         ^^^^^^^^^^^^^^^^^^^^^^^^^^^^
  File "/opt/hostedtoolcache/Python/3.12.14/x64/lib/python3.12/urllib/request.py", line 215, in urlopen
    return opener.open(url, data, timeout)
           ^^^^^^^^^^^^^^^^^^^^^^^^^^^^^^^
  File "/opt/hostedtoolcache/Python/3.12.14/x64/lib/python3.12/urllib/request.py", line 521, in open
    response = meth(req, response)
               ^^^^^^^^^^^^^^^^^^^
  File "/opt/hostedtoolcache/Python/3.12.14/x64/lib/python3.12/urllib/request.py", line 630, in http_response
    response = self.parent.error(
               ^^^^^^^^^^^^^^^^^^
  File "/opt/hostedtoolcache/Python/3.12.14/x64/lib/python3.12/urllib/request.py", line 559, in error
    return self._call_chain(*args)
           ^^^^^^^^^^^^^^^^^^^^^^^
  File "/opt/hostedtoolcache/Python/3.12.14/x64/lib/python3.12/urllib/request.py", line 492, in _call_chain
    result = func(*args)
             ^^^^^^^^^^^
  File "/opt/hostedtoolcache/Python/3.12.14/x64/lib/python3.12/urllib/request.py", line 639, in http_error_default
    raise HTTPError(req.full_url, code, msg, hdrs, fp)
urllib.error.HTTPError: HTTP Error 403: Forbidden
2026-08-25 05:45:35,861 INFO 카운터스트라이크 온라인: refreshed 2 ongoing candidates
2026-08-25 05:45:36,215 INFO 마비노기 영웅전: refreshed 17 ongoing candidates
2026-08-25 05:45:36,594 INFO 라그나로크: refreshed 10 ongoing candidates
2026-08-25 05:45:36,596 INFO Refresh complete: 183 total archived / 183 active candidates
2026-08-25 06:30:09,800 INFO FC ONLINE: refreshed 15 ongoing candidates
2026-08-25 06:30:11,350 INFO 메이플스토리: refreshed 20 ongoing candidates
2026-08-25 06:30:11,517 ERROR 마비노기: refresh failed; kept previous archive state: HTTP Error 403: Forbidden
Traceback (most recent call last):
  File "/home/runner/work/plan_gen/plan_gen/web/backend/event_bench_refresh.py", line 133, in main
    candidates = [asdict(item) for item in collector()]
                                           ^^^^^^^^^^^
  File "/home/runner/work/plan_gen/plan_gen/web/backend/app/event_bench/nexon_sample.py", line 219, in collect_mabinogi_events
    first_soup = BeautifulSoup(_fetch_html(MABINOGI_EVENTS_URL), "html.parser")
                               ^^^^^^^^^^^^^^^^^^^^^^^^^^^^^^^^
  File "/home/runner/work/plan_gen/plan_gen/web/backend/app/event_bench/nexon_sample.py", line 58, in _fetch_html
    with urlopen(request, timeout=20) as response:  # noqa: S310 - explicit verified official URLs
         ^^^^^^^^^^^^^^^^^^^^^^^^^^^^
  File "/opt/hostedtoolcache/Python/3.12.14/x64/lib/python3.12/urllib/request.py", line 215, in urlopen
    return opener.open(url, data, timeout)
           ^^^^^^^^^^^^^^^^^^^^^^^^^^^^^^^
  File "/opt/hostedtoolcache/Python/3.12.14/x64/lib/python3.12/urllib/request.py", line 521, in open
    response = meth(req, response)
               ^^^^^^^^^^^^^^^^^^^
  File "/opt/hostedtoolcache/Python/3.12.14/x64/lib/python3.12/urllib/request.py", line 630, in http_response
    response = self.parent.error(
               ^^^^^^^^^^^^^^^^^^
  File "/opt/hostedtoolcache/Python/3.12.14/x64/lib/python3.12/urllib/request.py", line 559, in error
    return self._call_chain(*args)
           ^^^^^^^^^^^^^^^^^^^^^^^
  File "/opt/hostedtoolcache/Python/3.12.14/x64/lib/python3.12/urllib/request.py", line 492, in _call_chain
    result = func(*args)
             ^^^^^^^^^^^
  File "/opt/hostedtoolcache/Python/3.12.14/x64/lib/python3.12/urllib/request.py", line 639, in http_error_default
    raise HTTPError(req.full_url, code, msg, hdrs, fp)
urllib.error.HTTPError: HTTP Error 403: Forbidden
2026-08-25 06:30:11,731 ERROR 테일즈위버: refresh failed; kept previous archive state: Command '['/usr/bin/curl', '-L', '--fail', '--silent', '--show-error', '--max-time', '20', '-A', 'Mozilla/5.0 (Windows NT 10.0; Win64; x64) AppleWebKit/537.36 Chrome/139 Safari/537.36', '-H', 'Accept-Language: ko-KR,ko;q=0.9', '-H', 'Referer: https://tales.nexon.com/', 'https://tales.nexon.com/News/Event']' returned non-zero exit status 22.
Traceback (most recent call last):
  File "/home/runner/work/plan_gen/plan_gen/web/backend/event_bench_refresh.py", line 133, in main
    candidates = [asdict(item) for item in collector()]
                                           ^^^^^^^^^^^
  File "/home/runner/work/plan_gen/plan_gen/web/backend/app/event_bench/nexon_sample.py", line 248, in collect_talesweaver_events
    first_soup = BeautifulSoup(_fetch_talesweaver_html(), "html.parser")
                               ^^^^^^^^^^^^^^^^^^^^^^^^^
  File "/home/runner/work/plan_gen/plan_gen/web/backend/app/event_bench/nexon_sample.py", line 117, in _fetch_talesweaver_html
    result = subprocess.run(
             ^^^^^^^^^^^^^^^
  File "/opt/hostedtoolcache/Python/3.12.14/x64/lib/python3.12/subprocess.py", line 571, in run
    raise CalledProcessError(retcode, process.args,
subprocess.CalledProcessError: Command '['/usr/bin/curl', '-L', '--fail', '--silent', '--show-error', '--max-time', '20', '-A', 'Mozilla/5.0 (Windows NT 10.0; Win64; x64) AppleWebKit/537.36 Chrome/139 Safari/537.36', '-H', 'Accept-Language: ko-KR,ko;q=0.9', '-H', 'Referer: https://tales.nexon.com/', 'https://tales.nexon.com/News/Event']' returned non-zero exit status 22.
2026-08-25 06:30:14,668 INFO 엘소드: refreshed 25 ongoing candidates
2026-08-25 06:30:15,010 INFO 바람의나라: refreshed 4 ongoing candidates
2026-08-25 06:30:17,104 INFO 로스트아크: refreshed 12 ongoing candidates
2026-08-25 06:30:17,935 ERROR 리니지: refresh failed; kept previous archive state: collector returned no candidates
Traceback (most recent call last):
  File "/home/runner/work/plan_gen/plan_gen/web/backend/event_bench_refresh.py", line 135, in main
    raise RuntimeError("collector returned no candidates")
RuntimeError: collector returned no candidates
2026-08-25 06:30:52,695 INFO 검은사막: refreshed 24 ongoing candidates
2026-08-25 06:30:53,240 ERROR 거상: refresh failed; kept previous archive state: <urlopen error [Errno 104] Connection reset by peer>
Traceback (most recent call last):
  File "/opt/hostedtoolcache/Python/3.12.14/x64/lib/python3.12/urllib/request.py", line 1344, in do_open
    h.request(req.get_method(), req.selector, req.data, headers,
  File "/opt/hostedtoolcache/Python/3.12.14/x64/lib/python3.12/http/client.py", line 1386, in request
    self._send_request(method, url, body, headers, encode_chunked)
  File "/opt/hostedtoolcache/Python/3.12.14/x64/lib/python3.12/http/client.py", line 1432, in _send_request
    self.endheaders(body, encode_chunked=encode_chunked)
  File "/opt/hostedtoolcache/Python/3.12.14/x64/lib/python3.12/http/client.py", line 1381, in endheaders
    self._send_output(message_body, encode_chunked=encode_chunked)
  File "/opt/hostedtoolcache/Python/3.12.14/x64/lib/python3.12/http/client.py", line 1141, in _send_output
    self.send(msg)
  File "/opt/hostedtoolcache/Python/3.12.14/x64/lib/python3.12/http/client.py", line 1085, in send
    self.connect()
  File "/opt/hostedtoolcache/Python/3.12.14/x64/lib/python3.12/http/client.py", line 1527, in connect
    self.sock = self._context.wrap_socket(self.sock,
                ^^^^^^^^^^^^^^^^^^^^^^^^^^^^^^^^^^^^
  File "/opt/hostedtoolcache/Python/3.12.14/x64/lib/python3.12/ssl.py", line 455, in wrap_socket
    return self.sslsocket_class._create(
           ^^^^^^^^^^^^^^^^^^^^^^^^^^^^^
  File "/opt/hostedtoolcache/Python/3.12.14/x64/lib/python3.12/ssl.py", line 1041, in _create
    self.do_handshake()
  File "/opt/hostedtoolcache/Python/3.12.14/x64/lib/python3.12/ssl.py", line 1319, in do_handshake
    self._sslobj.do_handshake()
ConnectionResetError: [Errno 104] Connection reset by peer

During handling of the above exception, another exception occurred:

Traceback (most recent call last):
  File "/home/runner/work/plan_gen/plan_gen/web/backend/event_bench_refresh.py", line 133, in main
    candidates = [asdict(item) for item in collector()]
                                           ^^^^^^^^^^^
  File "/home/runner/work/plan_gen/plan_gen/web/backend/app/event_bench/nexon_sample.py", line 366, in collect_gersang_events
    soup = BeautifulSoup(_fetch_html(GERSANG_EVENTS_URL), "html.parser")
                         ^^^^^^^^^^^^^^^^^^^^^^^^^^^^^^^
  File "/home/runner/work/plan_gen/plan_gen/web/backend/app/event_bench/nexon_sample.py", line 58, in _fetch_html
    with urlopen(request, timeout=20) as response:  # noqa: S310 - explicit verified official URLs
         ^^^^^^^^^^^^^^^^^^^^^^^^^^^^
  File "/opt/hostedtoolcache/Python/3.12.14/x64/lib/python3.12/urllib/request.py", line 215, in urlopen
    return opener.open(url, data, timeout)
           ^^^^^^^^^^^^^^^^^^^^^^^^^^^^^^^
  File "/opt/hostedtoolcache/Python/3.12.14/x64/lib/python3.12/urllib/request.py", line 515, in open
    response = self._open(req, data)
               ^^^^^^^^^^^^^^^^^^^^^
  File "/opt/hostedtoolcache/Python/3.12.14/x64/lib/python3.12/urllib/request.py", line 532, in _open
    result = self._call_chain(self.handle_open, protocol, protocol +
             ^^^^^^^^^^^^^^^^^^^^^^^^^^^^^^^^^^^^^^^^^^^^^^^^^^^^^^^
  File "/opt/hostedtoolcache/Python/3.12.14/x64/lib/python3.12/urllib/request.py", line 492, in _call_chain
    result = func(*args)
             ^^^^^^^^^^^
  File "/opt/hostedtoolcache/Python/3.12.14/x64/lib/python3.12/urllib/request.py", line 1392, in https_open
    return self.do_open(http.client.HTTPSConnection, req,
           ^^^^^^^^^^^^^^^^^^^^^^^^^^^^^^^^^^^^^^^^^^^^^^
  File "/opt/hostedtoolcache/Python/3.12.14/x64/lib/python3.12/urllib/request.py", line 1347, in do_open
    raise URLError(err)
urllib.error.URLError: <urlopen error [Errno 104] Connection reset by peer>
2026-08-25 06:30:53,551 INFO 던전앤파이터: refreshed 26 ongoing candidates
2026-08-25 06:30:54,488 ERROR 테일즈런너: refresh failed; kept previous archive state: HTTP Error 403: Forbidden
Traceback (most recent call last):
  File "/home/runner/work/plan_gen/plan_gen/web/backend/event_bench_refresh.py", line 133, in main
    candidates = [asdict(item) for item in collector()]
                                           ^^^^^^^^^^^
  File "/home/runner/work/plan_gen/plan_gen/web/backend/app/event_bench/nexon_sample.py", line 514, in collect_talesrunner_events
    payload = json.loads(_fetch_html(TALESRUNNER_EVENT_API_URL))
                         ^^^^^^^^^^^^^^^^^^^^^^^^^^^^^^^^^^^^^^
  File "/home/runner/work/plan_gen/plan_gen/web/backend/app/event_bench/nexon_sample.py", line 58, in _fetch_html
    with urlopen(request, timeout=20) as response:  # noqa: S310 - explicit verified official URLs
         ^^^^^^^^^^^^^^^^^^^^^^^^^^^^
  File "/opt/hostedtoolcache/Python/3.12.14/x64/lib/python3.12/urllib/request.py", line 215, in urlopen
    return opener.open(url, data, timeout)
           ^^^^^^^^^^^^^^^^^^^^^^^^^^^^^^^
  File "/opt/hostedtoolcache/Python/3.12.14/x64/lib/python3.12/urllib/request.py", line 521, in open
    response = meth(req, response)
               ^^^^^^^^^^^^^^^^^^^
  File "/opt/hostedtoolcache/Python/3.12.14/x64/lib/python3.12/urllib/request.py", line 630, in http_response
    response = self.parent.error(
               ^^^^^^^^^^^^^^^^^^
  File "/opt/hostedtoolcache/Python/3.12.14/x64/lib/python3.12/urllib/request.py", line 559, in error
    return self._call_chain(*args)
           ^^^^^^^^^^^^^^^^^^^^^^^
  File "/opt/hostedtoolcache/Python/3.12.14/x64/lib/python3.12/urllib/request.py", line 492, in _call_chain
    result = func(*args)
             ^^^^^^^^^^^
  File "/opt/hostedtoolcache/Python/3.12.14/x64/lib/python3.12/urllib/request.py", line 639, in http_error_default
    raise HTTPError(req.full_url, code, msg, hdrs, fp)
urllib.error.HTTPError: HTTP Error 403: Forbidden
2026-08-25 06:30:55,127 INFO 카운터스트라이크 온라인: refreshed 2 ongoing candidates
2026-08-25 06:30:55,427 INFO 마비노기 영웅전: refreshed 17 ongoing candidates
2026-08-25 06:30:56,287 INFO 라그나로크: refreshed 10 ongoing candidates
2026-08-25 06:30:56,289 INFO Refresh complete: 183 total archived / 183 active candidates
2026-08-25 06:58:09,302 INFO FC ONLINE: refreshed 15 ongoing candidates
2026-08-25 06:58:10,740 INFO 메이플스토리: refreshed 20 ongoing candidates
2026-08-25 06:58:10,818 ERROR 마비노기: refresh failed; kept previous archive state: HTTP Error 403: Forbidden
Traceback (most recent call last):
  File "/home/runner/work/plan_gen/plan_gen/web/backend/event_bench_refresh.py", line 133, in main
    candidates = [asdict(item) for item in collector()]
                                           ^^^^^^^^^^^
  File "/home/runner/work/plan_gen/plan_gen/web/backend/app/event_bench/nexon_sample.py", line 219, in collect_mabinogi_events
    first_soup = BeautifulSoup(_fetch_html(MABINOGI_EVENTS_URL), "html.parser")
                               ^^^^^^^^^^^^^^^^^^^^^^^^^^^^^^^^
  File "/home/runner/work/plan_gen/plan_gen/web/backend/app/event_bench/nexon_sample.py", line 58, in _fetch_html
    with urlopen(request, timeout=20) as response:  # noqa: S310 - explicit verified official URLs
         ^^^^^^^^^^^^^^^^^^^^^^^^^^^^
  File "/opt/hostedtoolcache/Python/3.12.14/x64/lib/python3.12/urllib/request.py", line 215, in urlopen
    return opener.open(url, data, timeout)
           ^^^^^^^^^^^^^^^^^^^^^^^^^^^^^^^
  File "/opt/hostedtoolcache/Python/3.12.14/x64/lib/python3.12/urllib/request.py", line 521, in open
    response = meth(req, response)
               ^^^^^^^^^^^^^^^^^^^
  File "/opt/hostedtoolcache/Python/3.12.14/x64/lib/python3.12/urllib/request.py", line 630, in http_response
    response = self.parent.error(
               ^^^^^^^^^^^^^^^^^^
  File "/opt/hostedtoolcache/Python/3.12.14/x64/lib/python3.12/urllib/request.py", line 559, in error
    return self._call_chain(*args)
           ^^^^^^^^^^^^^^^^^^^^^^^
  File "/opt/hostedtoolcache/Python/3.12.14/x64/lib/python3.12/urllib/request.py", line 492, in _call_chain
    result = func(*args)
             ^^^^^^^^^^^
  File "/opt/hostedtoolcache/Python/3.12.14/x64/lib/python3.12/urllib/request.py", line 639, in http_error_default
    raise HTTPError(req.full_url, code, msg, hdrs, fp)
urllib.error.HTTPError: HTTP Error 403: Forbidden
2026-08-25 06:58:10,999 ERROR 테일즈위버: refresh failed; kept previous archive state: Command '['/usr/bin/curl', '-L', '--fail', '--silent', '--show-error', '--max-time', '20', '-A', 'Mozilla/5.0 (Windows NT 10.0; Win64; x64) AppleWebKit/537.36 Chrome/139 Safari/537.36', '-H', 'Accept-Language: ko-KR,ko;q=0.9', '-H', 'Referer: https://tales.nexon.com/', 'https://tales.nexon.com/News/Event']' returned non-zero exit status 22.
Traceback (most recent call last):
  File "/home/runner/work/plan_gen/plan_gen/web/backend/event_bench_refresh.py", line 133, in main
    candidates = [asdict(item) for item in collector()]
                                           ^^^^^^^^^^^
  File "/home/runner/work/plan_gen/plan_gen/web/backend/app/event_bench/nexon_sample.py", line 248, in collect_talesweaver_events
    first_soup = BeautifulSoup(_fetch_talesweaver_html(), "html.parser")
                               ^^^^^^^^^^^^^^^^^^^^^^^^^
  File "/home/runner/work/plan_gen/plan_gen/web/backend/app/event_bench/nexon_sample.py", line 117, in _fetch_talesweaver_html
    result = subprocess.run(
             ^^^^^^^^^^^^^^^
  File "/opt/hostedtoolcache/Python/3.12.14/x64/lib/python3.12/subprocess.py", line 571, in run
    raise CalledProcessError(retcode, process.args,
subprocess.CalledProcessError: Command '['/usr/bin/curl', '-L', '--fail', '--silent', '--show-error', '--max-time', '20', '-A', 'Mozilla/5.0 (Windows NT 10.0; Win64; x64) AppleWebKit/537.36 Chrome/139 Safari/537.36', '-H', 'Accept-Language: ko-KR,ko;q=0.9', '-H', 'Referer: https://tales.nexon.com/', 'https://tales.nexon.com/News/Event']' returned non-zero exit status 22.
2026-08-25 06:58:13,865 INFO 엘소드: refreshed 25 ongoing candidates
2026-08-25 06:58:14,155 INFO 바람의나라: refreshed 4 ongoing candidates
2026-08-25 06:58:16,189 INFO 로스트아크: refreshed 12 ongoing candidates
2026-08-25 06:58:17,012 ERROR 리니지: refresh failed; kept previous archive state: collector returned no candidates
Traceback (most recent call last):
  File "/home/runner/work/plan_gen/plan_gen/web/backend/event_bench_refresh.py", line 135, in main
    raise RuntimeError("collector returned no candidates")
RuntimeError: collector returned no candidates
2026-08-25 06:58:48,266 INFO 검은사막: refreshed 24 ongoing candidates
2026-08-25 06:58:49,033 ERROR 거상: refresh failed; kept previous archive state: <urlopen error [Errno 104] Connection reset by peer>
Traceback (most recent call last):
  File "/opt/hostedtoolcache/Python/3.12.14/x64/lib/python3.12/urllib/request.py", line 1344, in do_open
    h.request(req.get_method(), req.selector, req.data, headers,
  File "/opt/hostedtoolcache/Python/3.12.14/x64/lib/python3.12/http/client.py", line 1386, in request
    self._send_request(method, url, body, headers, encode_chunked)
  File "/opt/hostedtoolcache/Python/3.12.14/x64/lib/python3.12/http/client.py", line 1432, in _send_request
    self.endheaders(body, encode_chunked=encode_chunked)
  File "/opt/hostedtoolcache/Python/3.12.14/x64/lib/python3.12/http/client.py", line 1381, in endheaders
    self._send_output(message_body, encode_chunked=encode_chunked)
  File "/opt/hostedtoolcache/Python/3.12.14/x64/lib/python3.12/http/client.py", line 1141, in _send_output
    self.send(msg)
  File "/opt/hostedtoolcache/Python/3.12.14/x64/lib/python3.12/http/client.py", line 1085, in send
    self.connect()
  File "/opt/hostedtoolcache/Python/3.12.14/x64/lib/python3.12/http/client.py", line 1527, in connect
    self.sock = self._context.wrap_socket(self.sock,
                ^^^^^^^^^^^^^^^^^^^^^^^^^^^^^^^^^^^^
  File "/opt/hostedtoolcache/Python/3.12.14/x64/lib/python3.12/ssl.py", line 455, in wrap_socket
    return self.sslsocket_class._create(
           ^^^^^^^^^^^^^^^^^^^^^^^^^^^^^
  File "/opt/hostedtoolcache/Python/3.12.14/x64/lib/python3.12/ssl.py", line 1041, in _create
    self.do_handshake()
  File "/opt/hostedtoolcache/Python/3.12.14/x64/lib/python3.12/ssl.py", line 1319, in do_handshake
    self._sslobj.do_handshake()
ConnectionResetError: [Errno 104] Connection reset by peer

During handling of the above exception, another exception occurred:

Traceback (most recent call last):
  File "/home/runner/work/plan_gen/plan_gen/web/backend/event_bench_refresh.py", line 133, in main
    candidates = [asdict(item) for item in collector()]
                                           ^^^^^^^^^^^
  File "/home/runner/work/plan_gen/plan_gen/web/backend/app/event_bench/nexon_sample.py", line 366, in collect_gersang_events
    soup = BeautifulSoup(_fetch_html(GERSANG_EVENTS_URL), "html.parser")
                         ^^^^^^^^^^^^^^^^^^^^^^^^^^^^^^^
  File "/home/runner/work/plan_gen/plan_gen/web/backend/app/event_bench/nexon_sample.py", line 58, in _fetch_html
    with urlopen(request, timeout=20) as response:  # noqa: S310 - explicit verified official URLs
         ^^^^^^^^^^^^^^^^^^^^^^^^^^^^
  File "/opt/hostedtoolcache/Python/3.12.14/x64/lib/python3.12/urllib/request.py", line 215, in urlopen
    return opener.open(url, data, timeout)
           ^^^^^^^^^^^^^^^^^^^^^^^^^^^^^^^
  File "/opt/hostedtoolcache/Python/3.12.14/x64/lib/python3.12/urllib/request.py", line 515, in open
    response = self._open(req, data)
               ^^^^^^^^^^^^^^^^^^^^^
  File "/opt/hostedtoolcache/Python/3.12.14/x64/lib/python3.12/urllib/request.py", line 532, in _open
    result = self._call_chain(self.handle_open, protocol, protocol +
             ^^^^^^^^^^^^^^^^^^^^^^^^^^^^^^^^^^^^^^^^^^^^^^^^^^^^^^^
  File "/opt/hostedtoolcache/Python/3.12.14/x64/lib/python3.12/urllib/request.py", line 492, in _call_chain
    result = func(*args)
             ^^^^^^^^^^^
  File "/opt/hostedtoolcache/Python/3.12.14/x64/lib/python3.12/urllib/request.py", line 1392, in https_open
    return self.do_open(http.client.HTTPSConnection, req,
           ^^^^^^^^^^^^^^^^^^^^^^^^^^^^^^^^^^^^^^^^^^^^^^
  File "/opt/hostedtoolcache/Python/3.12.14/x64/lib/python3.12/urllib/request.py", line 1347, in do_open
    raise URLError(err)
urllib.error.URLError: <urlopen error [Errno 104] Connection reset by peer>
2026-08-25 06:58:49,336 INFO 던전앤파이터: refreshed 26 ongoing candidates
2026-08-25 06:58:50,482 ERROR 테일즈런너: refresh failed; kept previous archive state: HTTP Error 403: Forbidden
Traceback (most recent call last):
  File "/home/runner/work/plan_gen/plan_gen/web/backend/event_bench_refresh.py", line 133, in main
    candidates = [asdict(item) for item in collector()]
                                           ^^^^^^^^^^^
  File "/home/runner/work/plan_gen/plan_gen/web/backend/app/event_bench/nexon_sample.py", line 514, in collect_talesrunner_events
    payload = json.loads(_fetch_html(TALESRUNNER_EVENT_API_URL))
                         ^^^^^^^^^^^^^^^^^^^^^^^^^^^^^^^^^^^^^^
  File "/home/runner/work/plan_gen/plan_gen/web/backend/app/event_bench/nexon_sample.py", line 58, in _fetch_html
    with urlopen(request, timeout=20) as response:  # noqa: S310 - explicit verified official URLs
         ^^^^^^^^^^^^^^^^^^^^^^^^^^^^
  File "/opt/hostedtoolcache/Python/3.12.14/x64/lib/python3.12/urllib/request.py", line 215, in urlopen
    return opener.open(url, data, timeout)
           ^^^^^^^^^^^^^^^^^^^^^^^^^^^^^^^
  File "/opt/hostedtoolcache/Python/3.12.14/x64/lib/python3.12/urllib/request.py", line 521, in open
    response = meth(req, response)
               ^^^^^^^^^^^^^^^^^^^
  File "/opt/hostedtoolcache/Python/3.12.14/x64/lib/python3.12/urllib/request.py", line 630, in http_response
    response = self.parent.error(
               ^^^^^^^^^^^^^^^^^^
  File "/opt/hostedtoolcache/Python/3.12.14/x64/lib/python3.12/urllib/request.py", line 559, in error
    return self._call_chain(*args)
           ^^^^^^^^^^^^^^^^^^^^^^^
  File "/opt/hostedtoolcache/Python/3.12.14/x64/lib/python3.12/urllib/request.py", line 492, in _call_chain
    result = func(*args)
             ^^^^^^^^^^^
  File "/opt/hostedtoolcache/Python/3.12.14/x64/lib/python3.12/urllib/request.py", line 639, in http_error_default
    raise HTTPError(req.full_url, code, msg, hdrs, fp)
urllib.error.HTTPError: HTTP Error 403: Forbidden
2026-08-25 06:58:50,955 INFO 카운터스트라이크 온라인: refreshed 2 ongoing candidates
2026-08-25 06:58:51,210 INFO 마비노기 영웅전: refreshed 17 ongoing candidates
2026-08-25 06:58:51,573 INFO 라그나로크: refreshed 10 ongoing candidates
2026-08-25 06:58:51,576 INFO Refresh complete: 183 total archived / 183 active candidates
2026-08-25 07:11:58,540 ERROR FC ONLINE: refresh failed; kept previous archive state: HTTP Error 403: Forbidden
Traceback (most recent call last):
  File "/home/runner/work/plan_gen/plan_gen/web/backend/event_bench_refresh.py", line 133, in main
    candidates = [asdict(item) for item in collector()]
                                           ^^^^^^^^^^^
  File "/home/runner/work/plan_gen/plan_gen/web/backend/app/event_bench/nexon_sample.py", line 161, in collect_fc_online_events
    first_soup = BeautifulSoup(_fetch_html(FC_ONLINE_EVENTS_URL), "html.parser")
                               ^^^^^^^^^^^^^^^^^^^^^^^^^^^^^^^^^
  File "/home/runner/work/plan_gen/plan_gen/web/backend/app/event_bench/nexon_sample.py", line 58, in _fetch_html
    with urlopen(request, timeout=20) as response:  # noqa: S310 - explicit verified official URLs
         ^^^^^^^^^^^^^^^^^^^^^^^^^^^^
  File "/opt/hostedtoolcache/Python/3.12.14/x64/lib/python3.12/urllib/request.py", line 215, in urlopen
    return opener.open(url, data, timeout)
           ^^^^^^^^^^^^^^^^^^^^^^^^^^^^^^^
  File "/opt/hostedtoolcache/Python/3.12.14/x64/lib/python3.12/urllib/request.py", line 521, in open
    response = meth(req, response)
               ^^^^^^^^^^^^^^^^^^^
  File "/opt/hostedtoolcache/Python/3.12.14/x64/lib/python3.12/urllib/request.py", line 630, in http_response
    response = self.parent.error(
               ^^^^^^^^^^^^^^^^^^
  File "/opt/hostedtoolcache/Python/3.12.14/x64/lib/python3.12/urllib/request.py", line 559, in error
    return self._call_chain(*args)
           ^^^^^^^^^^^^^^^^^^^^^^^
  File "/opt/hostedtoolcache/Python/3.12.14/x64/lib/python3.12/urllib/request.py", line 492, in _call_chain
    result = func(*args)
             ^^^^^^^^^^^
  File "/opt/hostedtoolcache/Python/3.12.14/x64/lib/python3.12/urllib/request.py", line 639, in http_error_default
    raise HTTPError(req.full_url, code, msg, hdrs, fp)
urllib.error.HTTPError: HTTP Error 403: Forbidden
2026-08-25 07:12:00,112 INFO 메이플스토리: refreshed 20 ongoing candidates
2026-08-25 07:12:00,229 ERROR 마비노기: refresh failed; kept previous archive state: HTTP Error 403: Forbidden
Traceback (most recent call last):
  File "/home/runner/work/plan_gen/plan_gen/web/backend/event_bench_refresh.py", line 133, in main
    candidates = [asdict(item) for item in collector()]
                                           ^^^^^^^^^^^
  File "/home/runner/work/plan_gen/plan_gen/web/backend/app/event_bench/nexon_sample.py", line 219, in collect_mabinogi_events
    first_soup = BeautifulSoup(_fetch_html(MABINOGI_EVENTS_URL), "html.parser")
                               ^^^^^^^^^^^^^^^^^^^^^^^^^^^^^^^^
  File "/home/runner/work/plan_gen/plan_gen/web/backend/app/event_bench/nexon_sample.py", line 58, in _fetch_html
    with urlopen(request, timeout=20) as response:  # noqa: S310 - explicit verified official URLs
         ^^^^^^^^^^^^^^^^^^^^^^^^^^^^
  File "/opt/hostedtoolcache/Python/3.12.14/x64/lib/python3.12/urllib/request.py", line 215, in urlopen
    return opener.open(url, data, timeout)
           ^^^^^^^^^^^^^^^^^^^^^^^^^^^^^^^
  File "/opt/hostedtoolcache/Python/3.12.14/x64/lib/python3.12/urllib/request.py", line 521, in open
    response = meth(req, response)
               ^^^^^^^^^^^^^^^^^^^
  File "/opt/hostedtoolcache/Python/3.12.14/x64/lib/python3.12/urllib/request.py", line 630, in http_response
    response = self.parent.error(
               ^^^^^^^^^^^^^^^^^^
  File "/opt/hostedtoolcache/Python/3.12.14/x64/lib/python3.12/urllib/request.py", line 559, in error
    return self._call_chain(*args)
           ^^^^^^^^^^^^^^^^^^^^^^^
  File "/opt/hostedtoolcache/Python/3.12.14/x64/lib/python3.12/urllib/request.py", line 492, in _call_chain
    result = func(*args)
             ^^^^^^^^^^^
  File "/opt/hostedtoolcache/Python/3.12.14/x64/lib/python3.12/urllib/request.py", line 639, in http_error_default
    raise HTTPError(req.full_url, code, msg, hdrs, fp)
urllib.error.HTTPError: HTTP Error 403: Forbidden
2026-08-25 07:12:00,339 ERROR 테일즈위버: refresh failed; kept previous archive state: Command '['/usr/bin/curl', '-L', '--fail', '--silent', '--show-error', '--max-time', '20', '-A', 'Mozilla/5.0 (Windows NT 10.0; Win64; x64) AppleWebKit/537.36 Chrome/139 Safari/537.36', '-H', 'Accept-Language: ko-KR,ko;q=0.9', '-H', 'Referer: https://tales.nexon.com/', 'https://tales.nexon.com/News/Event']' returned non-zero exit status 22.
Traceback (most recent call last):
  File "/home/runner/work/plan_gen/plan_gen/web/backend/event_bench_refresh.py", line 133, in main
    candidates = [asdict(item) for item in collector()]
                                           ^^^^^^^^^^^
  File "/home/runner/work/plan_gen/plan_gen/web/backend/app/event_bench/nexon_sample.py", line 248, in collect_talesweaver_events
    first_soup = BeautifulSoup(_fetch_talesweaver_html(), "html.parser")
                               ^^^^^^^^^^^^^^^^^^^^^^^^^
  File "/home/runner/work/plan_gen/plan_gen/web/backend/app/event_bench/nexon_sample.py", line 117, in _fetch_talesweaver_html
    result = subprocess.run(
             ^^^^^^^^^^^^^^^
  File "/opt/hostedtoolcache/Python/3.12.14/x64/lib/python3.12/subprocess.py", line 571, in run
    raise CalledProcessError(retcode, process.args,
subprocess.CalledProcessError: Command '['/usr/bin/curl', '-L', '--fail', '--silent', '--show-error', '--max-time', '20', '-A', 'Mozilla/5.0 (Windows NT 10.0; Win64; x64) AppleWebKit/537.36 Chrome/139 Safari/537.36', '-H', 'Accept-Language: ko-KR,ko;q=0.9', '-H', 'Referer: https://tales.nexon.com/', 'https://tales.nexon.com/News/Event']' returned non-zero exit status 22.
2026-08-25 07:12:03,131 INFO 엘소드: refreshed 25 ongoing candidates
2026-08-25 07:12:03,292 ERROR 바람의나라: refresh failed; kept previous archive state: HTTP Error 403: Forbidden
Traceback (most recent call last):
  File "/home/runner/work/plan_gen/plan_gen/web/backend/event_bench_refresh.py", line 133, in main
    candidates = [asdict(item) for item in collector()]
                                           ^^^^^^^^^^^
  File "/home/runner/work/plan_gen/plan_gen/web/backend/app/event_bench/nexon_sample.py", line 310, in collect_baram_events
    soup = BeautifulSoup(_fetch_html(BARAM_EVENTS_URL), "html.parser")
                         ^^^^^^^^^^^^^^^^^^^^^^^^^^^^^
  File "/home/runner/work/plan_gen/plan_gen/web/backend/app/event_bench/nexon_sample.py", line 58, in _fetch_html
    with urlopen(request, timeout=20) as response:  # noqa: S310 - explicit verified official URLs
         ^^^^^^^^^^^^^^^^^^^^^^^^^^^^
  File "/opt/hostedtoolcache/Python/3.12.14/x64/lib/python3.12/urllib/request.py", line 215, in urlopen
    return opener.open(url, data, timeout)
           ^^^^^^^^^^^^^^^^^^^^^^^^^^^^^^^
  File "/opt/hostedtoolcache/Python/3.12.14/x64/lib/python3.12/urllib/request.py", line 521, in open
    response = meth(req, response)
               ^^^^^^^^^^^^^^^^^^^
  File "/opt/hostedtoolcache/Python/3.12.14/x64/lib/python3.12/urllib/request.py", line 630, in http_response
    response = self.parent.error(
               ^^^^^^^^^^^^^^^^^^
  File "/opt/hostedtoolcache/Python/3.12.14/x64/lib/python3.12/urllib/request.py", line 559, in error
    return self._call_chain(*args)
           ^^^^^^^^^^^^^^^^^^^^^^^
  File "/opt/hostedtoolcache/Python/3.12.14/x64/lib/python3.12/urllib/request.py", line 492, in _call_chain
    result = func(*args)
             ^^^^^^^^^^^
  File "/opt/hostedtoolcache/Python/3.12.14/x64/lib/python3.12/urllib/request.py", line 639, in http_error_default
    raise HTTPError(req.full_url, code, msg, hdrs, fp)
urllib.error.HTTPError: HTTP Error 403: Forbidden
2026-08-25 07:12:05,298 INFO 로스트아크: refreshed 12 ongoing candidates
2026-08-25 07:12:06,133 ERROR 리니지: refresh failed; kept previous archive state: collector returned no candidates
Traceback (most recent call last):
  File "/home/runner/work/plan_gen/plan_gen/web/backend/event_bench_refresh.py", line 135, in main
    raise RuntimeError("collector returned no candidates")
RuntimeError: collector returned no candidates
2026-08-25 07:12:38,017 INFO 검은사막: refreshed 24 ongoing candidates
2026-08-25 07:12:38,820 ERROR 거상: refresh failed; kept previous archive state: <urlopen error [Errno 104] Connection reset by peer>
Traceback (most recent call last):
  File "/opt/hostedtoolcache/Python/3.12.14/x64/lib/python3.12/urllib/request.py", line 1344, in do_open
    h.request(req.get_method(), req.selector, req.data, headers,
  File "/opt/hostedtoolcache/Python/3.12.14/x64/lib/python3.12/http/client.py", line 1386, in request
    self._send_request(method, url, body, headers, encode_chunked)
  File "/opt/hostedtoolcache/Python/3.12.14/x64/lib/python3.12/http/client.py", line 1432, in _send_request
    self.endheaders(body, encode_chunked=encode_chunked)
  File "/opt/hostedtoolcache/Python/3.12.14/x64/lib/python3.12/http/client.py", line 1381, in endheaders
    self._send_output(message_body, encode_chunked=encode_chunked)
  File "/opt/hostedtoolcache/Python/3.12.14/x64/lib/python3.12/http/client.py", line 1141, in _send_output
    self.send(msg)
  File "/opt/hostedtoolcache/Python/3.12.14/x64/lib/python3.12/http/client.py", line 1085, in send
    self.connect()
  File "/opt/hostedtoolcache/Python/3.12.14/x64/lib/python3.12/http/client.py", line 1527, in connect
    self.sock = self._context.wrap_socket(self.sock,
                ^^^^^^^^^^^^^^^^^^^^^^^^^^^^^^^^^^^^
  File "/opt/hostedtoolcache/Python/3.12.14/x64/lib/python3.12/ssl.py", line 455, in wrap_socket
    return self.sslsocket_class._create(
           ^^^^^^^^^^^^^^^^^^^^^^^^^^^^^
  File "/opt/hostedtoolcache/Python/3.12.14/x64/lib/python3.12/ssl.py", line 1041, in _create
    self.do_handshake()
  File "/opt/hostedtoolcache/Python/3.12.14/x64/lib/python3.12/ssl.py", line 1319, in do_handshake
    self._sslobj.do_handshake()
ConnectionResetError: [Errno 104] Connection reset by peer

During handling of the above exception, another exception occurred:

Traceback (most recent call last):
  File "/home/runner/work/plan_gen/plan_gen/web/backend/event_bench_refresh.py", line 133, in main
    candidates = [asdict(item) for item in collector()]
                                           ^^^^^^^^^^^
  File "/home/runner/work/plan_gen/plan_gen/web/backend/app/event_bench/nexon_sample.py", line 366, in collect_gersang_events
    soup = BeautifulSoup(_fetch_html(GERSANG_EVENTS_URL), "html.parser")
                         ^^^^^^^^^^^^^^^^^^^^^^^^^^^^^^^
  File "/home/runner/work/plan_gen/plan_gen/web/backend/app/event_bench/nexon_sample.py", line 58, in _fetch_html
    with urlopen(request, timeout=20) as response:  # noqa: S310 - explicit verified official URLs
         ^^^^^^^^^^^^^^^^^^^^^^^^^^^^
  File "/opt/hostedtoolcache/Python/3.12.14/x64/lib/python3.12/urllib/request.py", line 215, in urlopen
    return opener.open(url, data, timeout)
           ^^^^^^^^^^^^^^^^^^^^^^^^^^^^^^^
  File "/opt/hostedtoolcache/Python/3.12.14/x64/lib/python3.12/urllib/request.py", line 515, in open
    response = self._open(req, data)
               ^^^^^^^^^^^^^^^^^^^^^
  File "/opt/hostedtoolcache/Python/3.12.14/x64/lib/python3.12/urllib/request.py", line 532, in _open
    result = self._call_chain(self.handle_open, protocol, protocol +
             ^^^^^^^^^^^^^^^^^^^^^^^^^^^^^^^^^^^^^^^^^^^^^^^^^^^^^^^
  File "/opt/hostedtoolcache/Python/3.12.14/x64/lib/python3.12/urllib/request.py", line 492, in _call_chain
    result = func(*args)
             ^^^^^^^^^^^
  File "/opt/hostedtoolcache/Python/3.12.14/x64/lib/python3.12/urllib/request.py", line 1392, in https_open
    return self.do_open(http.client.HTTPSConnection, req,
           ^^^^^^^^^^^^^^^^^^^^^^^^^^^^^^^^^^^^^^^^^^^^^^
  File "/opt/hostedtoolcache/Python/3.12.14/x64/lib/python3.12/urllib/request.py", line 1347, in do_open
    raise URLError(err)
urllib.error.URLError: <urlopen error [Errno 104] Connection reset by peer>
2026-08-25 07:12:39,061 ERROR 던전앤파이터: refresh failed; kept previous archive state: HTTP Error 403: Forbidden
Traceback (most recent call last):
  File "/home/runner/work/plan_gen/plan_gen/web/backend/event_bench_refresh.py", line 133, in main
    candidates = [asdict(item) for item in collector()]
                                           ^^^^^^^^^^^
  File "/home/runner/work/plan_gen/plan_gen/web/backend/app/event_bench/nexon_sample.py", line 538, in collect_dnf_events
    soup = BeautifulSoup(_fetch_html(DNF_EVENTS_URL), "html.parser")
                         ^^^^^^^^^^^^^^^^^^^^^^^^^^^
  File "/home/runner/work/plan_gen/plan_gen/web/backend/app/event_bench/nexon_sample.py", line 58, in _fetch_html
    with urlopen(request, timeout=20) as response:  # noqa: S310 - explicit verified official URLs
         ^^^^^^^^^^^^^^^^^^^^^^^^^^^^
  File "/opt/hostedtoolcache/Python/3.12.14/x64/lib/python3.12/urllib/request.py", line 215, in urlopen
    return opener.open(url, data, timeout)
           ^^^^^^^^^^^^^^^^^^^^^^^^^^^^^^^
  File "/opt/hostedtoolcache/Python/3.12.14/x64/lib/python3.12/urllib/request.py", line 521, in open
    response = meth(req, response)
               ^^^^^^^^^^^^^^^^^^^
  File "/opt/hostedtoolcache/Python/3.12.14/x64/lib/python3.12/urllib/request.py", line 630, in http_response
    response = self.parent.error(
               ^^^^^^^^^^^^^^^^^^
  File "/opt/hostedtoolcache/Python/3.12.14/x64/lib/python3.12/urllib/request.py", line 559, in error
    return self._call_chain(*args)
           ^^^^^^^^^^^^^^^^^^^^^^^
  File "/opt/hostedtoolcache/Python/3.12.14/x64/lib/python3.12/urllib/request.py", line 492, in _call_chain
    result = func(*args)
             ^^^^^^^^^^^
  File "/opt/hostedtoolcache/Python/3.12.14/x64/lib/python3.12/urllib/request.py", line 639, in http_error_default
    raise HTTPError(req.full_url, code, msg, hdrs, fp)
urllib.error.HTTPError: HTTP Error 403: Forbidden
2026-08-25 07:12:39,877 ERROR 테일즈런너: refresh failed; kept previous archive state: HTTP Error 403: Forbidden
Traceback (most recent call last):
  File "/home/runner/work/plan_gen/plan_gen/web/backend/event_bench_refresh.py", line 133, in main
    candidates = [asdict(item) for item in collector()]
                                           ^^^^^^^^^^^
  File "/home/runner/work/plan_gen/plan_gen/web/backend/app/event_bench/nexon_sample.py", line 514, in collect_talesrunner_events
    payload = json.loads(_fetch_html(TALESRUNNER_EVENT_API_URL))
                         ^^^^^^^^^^^^^^^^^^^^^^^^^^^^^^^^^^^^^^
  File "/home/runner/work/plan_gen/plan_gen/web/backend/app/event_bench/nexon_sample.py", line 58, in _fetch_html
    with urlopen(request, timeout=20) as response:  # noqa: S310 - explicit verified official URLs
         ^^^^^^^^^^^^^^^^^^^^^^^^^^^^
  File "/opt/hostedtoolcache/Python/3.12.14/x64/lib/python3.12/urllib/request.py", line 215, in urlopen
    return opener.open(url, data, timeout)
           ^^^^^^^^^^^^^^^^^^^^^^^^^^^^^^^
  File "/opt/hostedtoolcache/Python/3.12.14/x64/lib/python3.12/urllib/request.py", line 521, in open
    response = meth(req, response)
               ^^^^^^^^^^^^^^^^^^^
  File "/opt/hostedtoolcache/Python/3.12.14/x64/lib/python3.12/urllib/request.py", line 630, in http_response
    response = self.parent.error(
               ^^^^^^^^^^^^^^^^^^
  File "/opt/hostedtoolcache/Python/3.12.14/x64/lib/python3.12/urllib/request.py", line 559, in error
    return self._call_chain(*args)
           ^^^^^^^^^^^^^^^^^^^^^^^
  File "/opt/hostedtoolcache/Python/3.12.14/x64/lib/python3.12/urllib/request.py", line 492, in _call_chain
    result = func(*args)
             ^^^^^^^^^^^
  File "/opt/hostedtoolcache/Python/3.12.14/x64/lib/python3.12/urllib/request.py", line 639, in http_error_default
    raise HTTPError(req.full_url, code, msg, hdrs, fp)
urllib.error.HTTPError: HTTP Error 403: Forbidden
2026-08-25 07:12:39,967 ERROR 카운터스트라이크 온라인: refresh failed; kept previous archive state: HTTP Error 403: Forbidden
Traceback (most recent call last):
  File "/home/runner/work/plan_gen/plan_gen/web/backend/event_bench_refresh.py", line 133, in main
    candidates = [asdict(item) for item in collector()]
                                           ^^^^^^^^^^^
  File "/home/runner/work/plan_gen/plan_gen/web/backend/app/event_bench/nexon_sample.py", line 427, in collect_cso_events
    soup = BeautifulSoup(_fetch_html(list_url), "html.parser")
                         ^^^^^^^^^^^^^^^^^^^^^
  File "/home/runner/work/plan_gen/plan_gen/web/backend/app/event_bench/nexon_sample.py", line 58, in _fetch_html
    with urlopen(request, timeout=20) as response:  # noqa: S310 - explicit verified official URLs
         ^^^^^^^^^^^^^^^^^^^^^^^^^^^^
  File "/opt/hostedtoolcache/Python/3.12.14/x64/lib/python3.12/urllib/request.py", line 215, in urlopen
    return opener.open(url, data, timeout)
           ^^^^^^^^^^^^^^^^^^^^^^^^^^^^^^^
  File "/opt/hostedtoolcache/Python/3.12.14/x64/lib/python3.12/urllib/request.py", line 521, in open
    response = meth(req, response)
               ^^^^^^^^^^^^^^^^^^^
  File "/opt/hostedtoolcache/Python/3.12.14/x64/lib/python3.12/urllib/request.py", line 630, in http_response
    response = self.parent.error(
               ^^^^^^^^^^^^^^^^^^
  File "/opt/hostedtoolcache/Python/3.12.14/x64/lib/python3.12/urllib/request.py", line 559, in error
    return self._call_chain(*args)
           ^^^^^^^^^^^^^^^^^^^^^^^
  File "/opt/hostedtoolcache/Python/3.12.14/x64/lib/python3.12/urllib/request.py", line 492, in _call_chain
    result = func(*args)
             ^^^^^^^^^^^
  File "/opt/hostedtoolcache/Python/3.12.14/x64/lib/python3.12/urllib/request.py", line 639, in http_error_default
    raise HTTPError(req.full_url, code, msg, hdrs, fp)
urllib.error.HTTPError: HTTP Error 403: Forbidden
2026-08-25 07:12:40,047 ERROR 마비노기 영웅전: refresh failed; kept previous archive state: HTTP Error 403: Forbidden
Traceback (most recent call last):
  File "/home/runner/work/plan_gen/plan_gen/web/backend/event_bench_refresh.py", line 133, in main
    candidates = [asdict(item) for item in collector()]
                                           ^^^^^^^^^^^
  File "/home/runner/work/plan_gen/plan_gen/web/backend/app/event_bench/nexon_sample.py", line 460, in collect_heroes_events
    soup = BeautifulSoup(_fetch_html(HEROES_EVENTS_URL), "html.parser")
                         ^^^^^^^^^^^^^^^^^^^^^^^^^^^^^^
  File "/home/runner/work/plan_gen/plan_gen/web/backend/app/event_bench/nexon_sample.py", line 58, in _fetch_html
    with urlopen(request, timeout=20) as response:  # noqa: S310 - explicit verified official URLs
         ^^^^^^^^^^^^^^^^^^^^^^^^^^^^
  File "/opt/hostedtoolcache/Python/3.12.14/x64/lib/python3.12/urllib/request.py", line 215, in urlopen
    return opener.open(url, data, timeout)
           ^^^^^^^^^^^^^^^^^^^^^^^^^^^^^^^
  File "/opt/hostedtoolcache/Python/3.12.14/x64/lib/python3.12/urllib/request.py", line 521, in open
    response = meth(req, response)
               ^^^^^^^^^^^^^^^^^^^
  File "/opt/hostedtoolcache/Python/3.12.14/x64/lib/python3.12/urllib/request.py", line 630, in http_response
    response = self.parent.error(
               ^^^^^^^^^^^^^^^^^^
  File "/opt/hostedtoolcache/Python/3.12.14/x64/lib/python3.12/urllib/request.py", line 559, in error
    return self._call_chain(*args)
           ^^^^^^^^^^^^^^^^^^^^^^^
  File "/opt/hostedtoolcache/Python/3.12.14/x64/lib/python3.12/urllib/request.py", line 492, in _call_chain
    result = func(*args)
             ^^^^^^^^^^^
  File "/opt/hostedtoolcache/Python/3.12.14/x64/lib/python3.12/urllib/request.py", line 639, in http_error_default
    raise HTTPError(req.full_url, code, msg, hdrs, fp)
urllib.error.HTTPError: HTTP Error 403: Forbidden
2026-08-25 07:12:40,767 INFO 라그나로크: refreshed 10 ongoing candidates
2026-08-25 07:12:40,807 INFO Refresh complete: 183 total archived / 183 active candidates
2026-08-25 13:15:34,612 INFO FC ONLINE: refreshed 15 ongoing candidates
2026-08-25 13:15:36,362 INFO 메이플스토리: refreshed 20 ongoing candidates
2026-08-25 13:15:36,483 ERROR 마비노기: refresh failed; kept previous archive state: HTTP Error 403: Forbidden
Traceback (most recent call last):
  File "/home/runner/work/plan_gen/plan_gen/web/backend/event_bench_refresh.py", line 133, in main
    candidates = [asdict(item) for item in collector()]
                                           ^^^^^^^^^^^
  File "/home/runner/work/plan_gen/plan_gen/web/backend/app/event_bench/nexon_sample.py", line 219, in collect_mabinogi_events
    first_soup = BeautifulSoup(_fetch_html(MABINOGI_EVENTS_URL), "html.parser")
                               ^^^^^^^^^^^^^^^^^^^^^^^^^^^^^^^^
  File "/home/runner/work/plan_gen/plan_gen/web/backend/app/event_bench/nexon_sample.py", line 58, in _fetch_html
    with urlopen(request, timeout=20) as response:  # noqa: S310 - explicit verified official URLs
         ^^^^^^^^^^^^^^^^^^^^^^^^^^^^
  File "/opt/hostedtoolcache/Python/3.12.14/x64/lib/python3.12/urllib/request.py", line 215, in urlopen
    return opener.open(url, data, timeout)
           ^^^^^^^^^^^^^^^^^^^^^^^^^^^^^^^
  File "/opt/hostedtoolcache/Python/3.12.14/x64/lib/python3.12/urllib/request.py", line 521, in open
    response = meth(req, response)
               ^^^^^^^^^^^^^^^^^^^
  File "/opt/hostedtoolcache/Python/3.12.14/x64/lib/python3.12/urllib/request.py", line 630, in http_response
    response = self.parent.error(
               ^^^^^^^^^^^^^^^^^^
  File "/opt/hostedtoolcache/Python/3.12.14/x64/lib/python3.12/urllib/request.py", line 559, in error
    return self._call_chain(*args)
           ^^^^^^^^^^^^^^^^^^^^^^^
  File "/opt/hostedtoolcache/Python/3.12.14/x64/lib/python3.12/urllib/request.py", line 492, in _call_chain
    result = func(*args)
             ^^^^^^^^^^^
  File "/opt/hostedtoolcache/Python/3.12.14/x64/lib/python3.12/urllib/request.py", line 639, in http_error_default
    raise HTTPError(req.full_url, code, msg, hdrs, fp)
urllib.error.HTTPError: HTTP Error 403: Forbidden
2026-08-25 13:15:36,614 ERROR 테일즈위버: refresh failed; kept previous archive state: Command '['/usr/bin/curl', '-L', '--fail', '--silent', '--show-error', '--max-time', '20', '-A', 'Mozilla/5.0 (Windows NT 10.0; Win64; x64) AppleWebKit/537.36 Chrome/139 Safari/537.36', '-H', 'Accept-Language: ko-KR,ko;q=0.9', '-H', 'Referer: https://tales.nexon.com/', 'https://tales.nexon.com/News/Event']' returned non-zero exit status 22.
Traceback (most recent call last):
  File "/home/runner/work/plan_gen/plan_gen/web/backend/event_bench_refresh.py", line 133, in main
    candidates = [asdict(item) for item in collector()]
                                           ^^^^^^^^^^^
  File "/home/runner/work/plan_gen/plan_gen/web/backend/app/event_bench/nexon_sample.py", line 248, in collect_talesweaver_events
    first_soup = BeautifulSoup(_fetch_talesweaver_html(), "html.parser")
                               ^^^^^^^^^^^^^^^^^^^^^^^^^
  File "/home/runner/work/plan_gen/plan_gen/web/backend/app/event_bench/nexon_sample.py", line 117, in _fetch_talesweaver_html
    result = subprocess.run(
             ^^^^^^^^^^^^^^^
  File "/opt/hostedtoolcache/Python/3.12.14/x64/lib/python3.12/subprocess.py", line 571, in run
    raise CalledProcessError(retcode, process.args,
subprocess.CalledProcessError: Command '['/usr/bin/curl', '-L', '--fail', '--silent', '--show-error', '--max-time', '20', '-A', 'Mozilla/5.0 (Windows NT 10.0; Win64; x64) AppleWebKit/537.36 Chrome/139 Safari/537.36', '-H', 'Accept-Language: ko-KR,ko;q=0.9', '-H', 'Referer: https://tales.nexon.com/', 'https://tales.nexon.com/News/Event']' returned non-zero exit status 22.
2026-08-25 13:15:40,178 INFO 엘소드: refreshed 25 ongoing candidates
2026-08-25 13:15:40,541 INFO 바람의나라: refreshed 4 ongoing candidates
2026-08-25 13:15:43,433 INFO 로스트아크: refreshed 12 ongoing candidates
2026-08-25 13:15:44,168 ERROR 리니지: refresh failed; kept previous archive state: collector returned no candidates
Traceback (most recent call last):
  File "/home/runner/work/plan_gen/plan_gen/web/backend/event_bench_refresh.py", line 135, in main
    raise RuntimeError("collector returned no candidates")
RuntimeError: collector returned no candidates
2026-08-25 13:16:29,259 INFO 검은사막: refreshed 24 ongoing candidates
2026-08-25 13:16:29,949 ERROR 거상: refresh failed; kept previous archive state: <urlopen error [Errno 104] Connection reset by peer>
Traceback (most recent call last):
  File "/opt/hostedtoolcache/Python/3.12.14/x64/lib/python3.12/urllib/request.py", line 1344, in do_open
    h.request(req.get_method(), req.selector, req.data, headers,
  File "/opt/hostedtoolcache/Python/3.12.14/x64/lib/python3.12/http/client.py", line 1386, in request
    self._send_request(method, url, body, headers, encode_chunked)
  File "/opt/hostedtoolcache/Python/3.12.14/x64/lib/python3.12/http/client.py", line 1432, in _send_request
    self.endheaders(body, encode_chunked=encode_chunked)
  File "/opt/hostedtoolcache/Python/3.12.14/x64/lib/python3.12/http/client.py", line 1381, in endheaders
    self._send_output(message_body, encode_chunked=encode_chunked)
  File "/opt/hostedtoolcache/Python/3.12.14/x64/lib/python3.12/http/client.py", line 1141, in _send_output
    self.send(msg)
  File "/opt/hostedtoolcache/Python/3.12.14/x64/lib/python3.12/http/client.py", line 1085, in send
    self.connect()
  File "/opt/hostedtoolcache/Python/3.12.14/x64/lib/python3.12/http/client.py", line 1527, in connect
    self.sock = self._context.wrap_socket(self.sock,
                ^^^^^^^^^^^^^^^^^^^^^^^^^^^^^^^^^^^^
  File "/opt/hostedtoolcache/Python/3.12.14/x64/lib/python3.12/ssl.py", line 455, in wrap_socket
    return self.sslsocket_class._create(
           ^^^^^^^^^^^^^^^^^^^^^^^^^^^^^
  File "/opt/hostedtoolcache/Python/3.12.14/x64/lib/python3.12/ssl.py", line 1041, in _create
    self.do_handshake()
  File "/opt/hostedtoolcache/Python/3.12.14/x64/lib/python3.12/ssl.py", line 1319, in do_handshake
    self._sslobj.do_handshake()
ConnectionResetError: [Errno 104] Connection reset by peer

During handling of the above exception, another exception occurred:

Traceback (most recent call last):
  File "/home/runner/work/plan_gen/plan_gen/web/backend/event_bench_refresh.py", line 133, in main
    candidates = [asdict(item) for item in collector()]
                                           ^^^^^^^^^^^
  File "/home/runner/work/plan_gen/plan_gen/web/backend/app/event_bench/nexon_sample.py", line 366, in collect_gersang_events
    soup = BeautifulSoup(_fetch_html(GERSANG_EVENTS_URL), "html.parser")
                         ^^^^^^^^^^^^^^^^^^^^^^^^^^^^^^^
  File "/home/runner/work/plan_gen/plan_gen/web/backend/app/event_bench/nexon_sample.py", line 58, in _fetch_html
    with urlopen(request, timeout=20) as response:  # noqa: S310 - explicit verified official URLs
         ^^^^^^^^^^^^^^^^^^^^^^^^^^^^
  File "/opt/hostedtoolcache/Python/3.12.14/x64/lib/python3.12/urllib/request.py", line 215, in urlopen
    return opener.open(url, data, timeout)
           ^^^^^^^^^^^^^^^^^^^^^^^^^^^^^^^
  File "/opt/hostedtoolcache/Python/3.12.14/x64/lib/python3.12/urllib/request.py", line 515, in open
    response = self._open(req, data)
               ^^^^^^^^^^^^^^^^^^^^^
  File "/opt/hostedtoolcache/Python/3.12.14/x64/lib/python3.12/urllib/request.py", line 532, in _open
    result = self._call_chain(self.handle_open, protocol, protocol +
             ^^^^^^^^^^^^^^^^^^^^^^^^^^^^^^^^^^^^^^^^^^^^^^^^^^^^^^^
  File "/opt/hostedtoolcache/Python/3.12.14/x64/lib/python3.12/urllib/request.py", line 492, in _call_chain
    result = func(*args)
             ^^^^^^^^^^^
  File "/opt/hostedtoolcache/Python/3.12.14/x64/lib/python3.12/urllib/request.py", line 1392, in https_open
    return self.do_open(http.client.HTTPSConnection, req,
           ^^^^^^^^^^^^^^^^^^^^^^^^^^^^^^^^^^^^^^^^^^^^^^
  File "/opt/hostedtoolcache/Python/3.12.14/x64/lib/python3.12/urllib/request.py", line 1347, in do_open
    raise URLError(err)
urllib.error.URLError: <urlopen error [Errno 104] Connection reset by peer>
2026-08-25 13:16:30,806 INFO 던전앤파이터: refreshed 26 ongoing candidates
2026-08-25 13:16:32,227 ERROR 테일즈런너: refresh failed; kept previous archive state: HTTP Error 403: Forbidden
Traceback (most recent call last):
  File "/home/runner/work/plan_gen/plan_gen/web/backend/event_bench_refresh.py", line 133, in main
    candidates = [asdict(item) for item in collector()]
                                           ^^^^^^^^^^^
  File "/home/runner/work/plan_gen/plan_gen/web/backend/app/event_bench/nexon_sample.py", line 514, in collect_talesrunner_events
    payload = json.loads(_fetch_html(TALESRUNNER_EVENT_API_URL))
                         ^^^^^^^^^^^^^^^^^^^^^^^^^^^^^^^^^^^^^^
  File "/home/runner/work/plan_gen/plan_gen/web/backend/app/event_bench/nexon_sample.py", line 58, in _fetch_html
    with urlopen(request, timeout=20) as response:  # noqa: S310 - explicit verified official URLs
         ^^^^^^^^^^^^^^^^^^^^^^^^^^^^
  File "/opt/hostedtoolcache/Python/3.12.14/x64/lib/python3.12/urllib/request.py", line 215, in urlopen
    return opener.open(url, data, timeout)
           ^^^^^^^^^^^^^^^^^^^^^^^^^^^^^^^
  File "/opt/hostedtoolcache/Python/3.12.14/x64/lib/python3.12/urllib/request.py", line 521, in open
    response = meth(req, response)
               ^^^^^^^^^^^^^^^^^^^
  File "/opt/hostedtoolcache/Python/3.12.14/x64/lib/python3.12/urllib/request.py", line 630, in http_response
    response = self.parent.error(
               ^^^^^^^^^^^^^^^^^^
  File "/opt/hostedtoolcache/Python/3.12.14/x64/lib/python3.12/urllib/request.py", line 559, in error
    return self._call_chain(*args)
           ^^^^^^^^^^^^^^^^^^^^^^^
  File "/opt/hostedtoolcache/Python/3.12.14/x64/lib/python3.12/urllib/request.py", line 492, in _call_chain
    result = func(*args)
             ^^^^^^^^^^^
  File "/opt/hostedtoolcache/Python/3.12.14/x64/lib/python3.12/urllib/request.py", line 639, in http_error_default
    raise HTTPError(req.full_url, code, msg, hdrs, fp)
urllib.error.HTTPError: HTTP Error 403: Forbidden
2026-08-25 13:16:32,809 INFO 카운터스트라이크 온라인: refreshed 2 ongoing candidates
2026-08-25 13:16:33,133 INFO 마비노기 영웅전: refreshed 17 ongoing candidates
2026-08-25 13:16:33,628 INFO 라그나로크: refreshed 10 ongoing candidates
2026-08-25 13:16:33,630 INFO Refresh complete: 183 total archived / 183 active candidates
2026-08-25 19:02:16,413 INFO FC ONLINE: refreshed 15 ongoing candidates
2026-08-25 19:02:18,523 INFO 메이플스토리: refreshed 20 ongoing candidates
2026-08-25 19:02:18,657 ERROR 마비노기: refresh failed; kept previous archive state: HTTP Error 403: Forbidden
Traceback (most recent call last):
  File "/home/runner/work/plan_gen/plan_gen/web/backend/event_bench_refresh.py", line 133, in main
    candidates = [asdict(item) for item in collector()]
                                           ^^^^^^^^^^^
  File "/home/runner/work/plan_gen/plan_gen/web/backend/app/event_bench/nexon_sample.py", line 219, in collect_mabinogi_events
    first_soup = BeautifulSoup(_fetch_html(MABINOGI_EVENTS_URL), "html.parser")
                               ^^^^^^^^^^^^^^^^^^^^^^^^^^^^^^^^
  File "/home/runner/work/plan_gen/plan_gen/web/backend/app/event_bench/nexon_sample.py", line 58, in _fetch_html
    with urlopen(request, timeout=20) as response:  # noqa: S310 - explicit verified official URLs
         ^^^^^^^^^^^^^^^^^^^^^^^^^^^^
  File "/opt/hostedtoolcache/Python/3.12.14/x64/lib/python3.12/urllib/request.py", line 215, in urlopen
    return opener.open(url, data, timeout)
           ^^^^^^^^^^^^^^^^^^^^^^^^^^^^^^^
  File "/opt/hostedtoolcache/Python/3.12.14/x64/lib/python3.12/urllib/request.py", line 521, in open
    response = meth(req, response)
               ^^^^^^^^^^^^^^^^^^^
  File "/opt/hostedtoolcache/Python/3.12.14/x64/lib/python3.12/urllib/request.py", line 630, in http_response
    response = self.parent.error(
               ^^^^^^^^^^^^^^^^^^
  File "/opt/hostedtoolcache/Python/3.12.14/x64/lib/python3.12/urllib/request.py", line 559, in error
    return self._call_chain(*args)
           ^^^^^^^^^^^^^^^^^^^^^^^
  File "/opt/hostedtoolcache/Python/3.12.14/x64/lib/python3.12/urllib/request.py", line 492, in _call_chain
    result = func(*args)
             ^^^^^^^^^^^
  File "/opt/hostedtoolcache/Python/3.12.14/x64/lib/python3.12/urllib/request.py", line 639, in http_error_default
    raise HTTPError(req.full_url, code, msg, hdrs, fp)
urllib.error.HTTPError: HTTP Error 403: Forbidden
2026-08-25 19:02:18,819 ERROR 테일즈위버: refresh failed; kept previous archive state: Command '['/usr/bin/curl', '-L', '--fail', '--silent', '--show-error', '--max-time', '20', '-A', 'Mozilla/5.0 (Windows NT 10.0; Win64; x64) AppleWebKit/537.36 Chrome/139 Safari/537.36', '-H', 'Accept-Language: ko-KR,ko;q=0.9', '-H', 'Referer: https://tales.nexon.com/', 'https://tales.nexon.com/News/Event']' returned non-zero exit status 22.
Traceback (most recent call last):
  File "/home/runner/work/plan_gen/plan_gen/web/backend/event_bench_refresh.py", line 133, in main
    candidates = [asdict(item) for item in collector()]
                                           ^^^^^^^^^^^
  File "/home/runner/work/plan_gen/plan_gen/web/backend/app/event_bench/nexon_sample.py", line 248, in collect_talesweaver_events
    first_soup = BeautifulSoup(_fetch_talesweaver_html(), "html.parser")
                               ^^^^^^^^^^^^^^^^^^^^^^^^^
  File "/home/runner/work/plan_gen/plan_gen/web/backend/app/event_bench/nexon_sample.py", line 117, in _fetch_talesweaver_html
    result = subprocess.run(
             ^^^^^^^^^^^^^^^
  File "/opt/hostedtoolcache/Python/3.12.14/x64/lib/python3.12/subprocess.py", line 571, in run
    raise CalledProcessError(retcode, process.args,
subprocess.CalledProcessError: Command '['/usr/bin/curl', '-L', '--fail', '--silent', '--show-error', '--max-time', '20', '-A', 'Mozilla/5.0 (Windows NT 10.0; Win64; x64) AppleWebKit/537.36 Chrome/139 Safari/537.36', '-H', 'Accept-Language: ko-KR,ko;q=0.9', '-H', 'Referer: https://tales.nexon.com/', 'https://tales.nexon.com/News/Event']' returned non-zero exit status 22.
2026-08-25 19:02:22,734 INFO 엘소드: refreshed 25 ongoing candidates
2026-08-25 19:02:23,161 INFO 바람의나라: refreshed 4 ongoing candidates
2026-08-25 19:02:26,173 INFO 로스트아크: refreshed 11 ongoing candidates
2026-08-25 19:02:26,934 ERROR 리니지: refresh failed; kept previous archive state: collector returned no candidates
Traceback (most recent call last):
  File "/home/runner/work/plan_gen/plan_gen/web/backend/event_bench_refresh.py", line 135, in main
    raise RuntimeError("collector returned no candidates")
RuntimeError: collector returned no candidates
2026-08-25 19:03:12,943 INFO 검은사막: refreshed 24 ongoing candidates
2026-08-25 19:03:13,686 ERROR 거상: refresh failed; kept previous archive state: <urlopen error [Errno 104] Connection reset by peer>
Traceback (most recent call last):
  File "/opt/hostedtoolcache/Python/3.12.14/x64/lib/python3.12/urllib/request.py", line 1344, in do_open
    h.request(req.get_method(), req.selector, req.data, headers,
  File "/opt/hostedtoolcache/Python/3.12.14/x64/lib/python3.12/http/client.py", line 1386, in request
    self._send_request(method, url, body, headers, encode_chunked)
  File "/opt/hostedtoolcache/Python/3.12.14/x64/lib/python3.12/http/client.py", line 1432, in _send_request
    self.endheaders(body, encode_chunked=encode_chunked)
  File "/opt/hostedtoolcache/Python/3.12.14/x64/lib/python3.12/http/client.py", line 1381, in endheaders
    self._send_output(message_body, encode_chunked=encode_chunked)
  File "/opt/hostedtoolcache/Python/3.12.14/x64/lib/python3.12/http/client.py", line 1141, in _send_output
    self.send(msg)
  File "/opt/hostedtoolcache/Python/3.12.14/x64/lib/python3.12/http/client.py", line 1085, in send
    self.connect()
  File "/opt/hostedtoolcache/Python/3.12.14/x64/lib/python3.12/http/client.py", line 1527, in connect
    self.sock = self._context.wrap_socket(self.sock,
                ^^^^^^^^^^^^^^^^^^^^^^^^^^^^^^^^^^^^
  File "/opt/hostedtoolcache/Python/3.12.14/x64/lib/python3.12/ssl.py", line 455, in wrap_socket
    return self.sslsocket_class._create(
           ^^^^^^^^^^^^^^^^^^^^^^^^^^^^^
  File "/opt/hostedtoolcache/Python/3.12.14/x64/lib/python3.12/ssl.py", line 1041, in _create
    self.do_handshake()
  File "/opt/hostedtoolcache/Python/3.12.14/x64/lib/python3.12/ssl.py", line 1319, in do_handshake
    self._sslobj.do_handshake()
ConnectionResetError: [Errno 104] Connection reset by peer

During handling of the above exception, another exception occurred:

Traceback (most recent call last):
  File "/home/runner/work/plan_gen/plan_gen/web/backend/event_bench_refresh.py", line 133, in main
    candidates = [asdict(item) for item in collector()]
                                           ^^^^^^^^^^^
  File "/home/runner/work/plan_gen/plan_gen/web/backend/app/event_bench/nexon_sample.py", line 366, in collect_gersang_events
    soup = BeautifulSoup(_fetch_html(GERSANG_EVENTS_URL), "html.parser")
                         ^^^^^^^^^^^^^^^^^^^^^^^^^^^^^^^
  File "/home/runner/work/plan_gen/plan_gen/web/backend/app/event_bench/nexon_sample.py", line 58, in _fetch_html
    with urlopen(request, timeout=20) as response:  # noqa: S310 - explicit verified official URLs
         ^^^^^^^^^^^^^^^^^^^^^^^^^^^^
  File "/opt/hostedtoolcache/Python/3.12.14/x64/lib/python3.12/urllib/request.py", line 215, in urlopen
    return opener.open(url, data, timeout)
           ^^^^^^^^^^^^^^^^^^^^^^^^^^^^^^^
  File "/opt/hostedtoolcache/Python/3.12.14/x64/lib/python3.12/urllib/request.py", line 515, in open
    response = self._open(req, data)
               ^^^^^^^^^^^^^^^^^^^^^
  File "/opt/hostedtoolcache/Python/3.12.14/x64/lib/python3.12/urllib/request.py", line 532, in _open
    result = self._call_chain(self.handle_open, protocol, protocol +
             ^^^^^^^^^^^^^^^^^^^^^^^^^^^^^^^^^^^^^^^^^^^^^^^^^^^^^^^
  File "/opt/hostedtoolcache/Python/3.12.14/x64/lib/python3.12/urllib/request.py", line 492, in _call_chain
    result = func(*args)
             ^^^^^^^^^^^
  File "/opt/hostedtoolcache/Python/3.12.14/x64/lib/python3.12/urllib/request.py", line 1392, in https_open
    return self.do_open(http.client.HTTPSConnection, req,
           ^^^^^^^^^^^^^^^^^^^^^^^^^^^^^^^^^^^^^^^^^^^^^^
  File "/opt/hostedtoolcache/Python/3.12.14/x64/lib/python3.12/urllib/request.py", line 1347, in do_open
    raise URLError(err)
urllib.error.URLError: <urlopen error [Errno 104] Connection reset by peer>
2026-08-25 19:03:14,059 INFO 던전앤파이터: refreshed 26 ongoing candidates
2026-08-25 19:03:15,261 ERROR 테일즈런너: refresh failed; kept previous archive state: HTTP Error 403: Forbidden
Traceback (most recent call last):
  File "/home/runner/work/plan_gen/plan_gen/web/backend/event_bench_refresh.py", line 133, in main
    candidates = [asdict(item) for item in collector()]
                                           ^^^^^^^^^^^
  File "/home/runner/work/plan_gen/plan_gen/web/backend/app/event_bench/nexon_sample.py", line 514, in collect_talesrunner_events
    payload = json.loads(_fetch_html(TALESRUNNER_EVENT_API_URL))
                         ^^^^^^^^^^^^^^^^^^^^^^^^^^^^^^^^^^^^^^
  File "/home/runner/work/plan_gen/plan_gen/web/backend/app/event_bench/nexon_sample.py", line 58, in _fetch_html
    with urlopen(request, timeout=20) as response:  # noqa: S310 - explicit verified official URLs
         ^^^^^^^^^^^^^^^^^^^^^^^^^^^^
  File "/opt/hostedtoolcache/Python/3.12.14/x64/lib/python3.12/urllib/request.py", line 215, in urlopen
    return opener.open(url, data, timeout)
           ^^^^^^^^^^^^^^^^^^^^^^^^^^^^^^^
  File "/opt/hostedtoolcache/Python/3.12.14/x64/lib/python3.12/urllib/request.py", line 521, in open
    response = meth(req, response)
               ^^^^^^^^^^^^^^^^^^^
  File "/opt/hostedtoolcache/Python/3.12.14/x64/lib/python3.12/urllib/request.py", line 630, in http_response
    response = self.parent.error(
               ^^^^^^^^^^^^^^^^^^
  File "/opt/hostedtoolcache/Python/3.12.14/x64/lib/python3.12/urllib/request.py", line 559, in error
    return self._call_chain(*args)
           ^^^^^^^^^^^^^^^^^^^^^^^
  File "/opt/hostedtoolcache/Python/3.12.14/x64/lib/python3.12/urllib/request.py", line 492, in _call_chain
    result = func(*args)
             ^^^^^^^^^^^
  File "/opt/hostedtoolcache/Python/3.12.14/x64/lib/python3.12/urllib/request.py", line 639, in http_error_default
    raise HTTPError(req.full_url, code, msg, hdrs, fp)
urllib.error.HTTPError: HTTP Error 403: Forbidden
2026-08-25 19:03:15,914 INFO 카운터스트라이크 온라인: refreshed 2 ongoing candidates
2026-08-25 19:03:16,937 INFO 마비노기 영웅전: refreshed 17 ongoing candidates
2026-08-25 19:03:17,323 INFO 라그나로크: refreshed 10 ongoing candidates
2026-08-25 19:03:17,327 INFO Refresh complete: 184 total archived / 182 active candidates
2026-08-26 01:29:18,328 INFO FC ONLINE: refreshed 15 ongoing candidates
2026-08-26 01:29:44,736 INFO 메이플스토리: refreshed 20 ongoing candidates
2026-08-26 01:29:44,946 ERROR 마비노기: refresh failed; kept previous archive state: HTTP Error 403: Forbidden
Traceback (most recent call last):
  File "/home/runner/work/plan_gen/plan_gen/web/backend/event_bench_refresh.py", line 134, in main
    candidates = [asdict(item) for item in collector()]
                                           ^^^^^^^^^^^
  File "/home/runner/work/plan_gen/plan_gen/web/backend/app/event_bench/nexon_sample.py", line 219, in collect_mabinogi_events
    first_soup = BeautifulSoup(_fetch_html(MABINOGI_EVENTS_URL), "html.parser")
                               ^^^^^^^^^^^^^^^^^^^^^^^^^^^^^^^^
  File "/home/runner/work/plan_gen/plan_gen/web/backend/app/event_bench/nexon_sample.py", line 58, in _fetch_html
    with urlopen(request, timeout=20) as response:  # noqa: S310 - explicit verified official URLs
         ^^^^^^^^^^^^^^^^^^^^^^^^^^^^
  File "/opt/hostedtoolcache/Python/3.12.14/x64/lib/python3.12/urllib/request.py", line 215, in urlopen
    return opener.open(url, data, timeout)
           ^^^^^^^^^^^^^^^^^^^^^^^^^^^^^^^
  File "/opt/hostedtoolcache/Python/3.12.14/x64/lib/python3.12/urllib/request.py", line 521, in open
    response = meth(req, response)
               ^^^^^^^^^^^^^^^^^^^
  File "/opt/hostedtoolcache/Python/3.12.14/x64/lib/python3.12/urllib/request.py", line 630, in http_response
    response = self.parent.error(
               ^^^^^^^^^^^^^^^^^^
  File "/opt/hostedtoolcache/Python/3.12.14/x64/lib/python3.12/urllib/request.py", line 559, in error
    return self._call_chain(*args)
           ^^^^^^^^^^^^^^^^^^^^^^^
  File "/opt/hostedtoolcache/Python/3.12.14/x64/lib/python3.12/urllib/request.py", line 492, in _call_chain
    result = func(*args)
             ^^^^^^^^^^^
  File "/opt/hostedtoolcache/Python/3.12.14/x64/lib/python3.12/urllib/request.py", line 639, in http_error_default
    raise HTTPError(req.full_url, code, msg, hdrs, fp)
urllib.error.HTTPError: HTTP Error 403: Forbidden
2026-08-26 01:29:45,119 ERROR 테일즈위버: refresh failed; kept previous archive state: Command '['/usr/bin/curl', '-L', '--fail', '--silent', '--show-error', '--max-time', '20', '-A', 'Mozilla/5.0 (Windows NT 10.0; Win64; x64) AppleWebKit/537.36 Chrome/139 Safari/537.36', '-H', 'Accept-Language: ko-KR,ko;q=0.9', '-H', 'Referer: https://tales.nexon.com/', 'https://tales.nexon.com/News/Event']' returned non-zero exit status 22.
Traceback (most recent call last):
  File "/home/runner/work/plan_gen/plan_gen/web/backend/event_bench_refresh.py", line 134, in main
    candidates = [asdict(item) for item in collector()]
                                           ^^^^^^^^^^^
  File "/home/runner/work/plan_gen/plan_gen/web/backend/app/event_bench/nexon_sample.py", line 248, in collect_talesweaver_events
    first_soup = BeautifulSoup(_fetch_talesweaver_html(), "html.parser")
                               ^^^^^^^^^^^^^^^^^^^^^^^^^
  File "/home/runner/work/plan_gen/plan_gen/web/backend/app/event_bench/nexon_sample.py", line 117, in _fetch_talesweaver_html
    result = subprocess.run(
             ^^^^^^^^^^^^^^^
  File "/opt/hostedtoolcache/Python/3.12.14/x64/lib/python3.12/subprocess.py", line 571, in run
    raise CalledProcessError(retcode, process.args,
subprocess.CalledProcessError: Command '['/usr/bin/curl', '-L', '--fail', '--silent', '--show-error', '--max-time', '20', '-A', 'Mozilla/5.0 (Windows NT 10.0; Win64; x64) AppleWebKit/537.36 Chrome/139 Safari/537.36', '-H', 'Accept-Language: ko-KR,ko;q=0.9', '-H', 'Referer: https://tales.nexon.com/', 'https://tales.nexon.com/News/Event']' returned non-zero exit status 22.
2026-08-26 01:30:26,272 INFO 엘소드: refreshed 24 ongoing candidates
2026-08-26 01:30:32,681 INFO 바람의나라: refreshed 4 ongoing candidates
2026-08-26 01:30:45,373 INFO 로스트아크: refreshed 10 ongoing candidates
2026-08-26 01:30:45,993 ERROR 리니지: refresh failed; kept previous archive state: collector returned no candidates
Traceback (most recent call last):
  File "/home/runner/work/plan_gen/plan_gen/web/backend/event_bench_refresh.py", line 136, in main
    raise RuntimeError("collector returned no candidates")
RuntimeError: collector returned no candidates
2026-08-26 01:31:34,173 INFO 검은사막: refreshed 23 ongoing candidates
2026-08-26 01:31:34,718 ERROR 거상: refresh failed; kept previous archive state: <urlopen error [Errno 104] Connection reset by peer>
Traceback (most recent call last):
  File "/opt/hostedtoolcache/Python/3.12.14/x64/lib/python3.12/urllib/request.py", line 1344, in do_open
    h.request(req.get_method(), req.selector, req.data, headers,
  File "/opt/hostedtoolcache/Python/3.12.14/x64/lib/python3.12/http/client.py", line 1386, in request
    self._send_request(method, url, body, headers, encode_chunked)
  File "/opt/hostedtoolcache/Python/3.12.14/x64/lib/python3.12/http/client.py", line 1432, in _send_request
    self.endheaders(body, encode_chunked=encode_chunked)
  File "/opt/hostedtoolcache/Python/3.12.14/x64/lib/python3.12/http/client.py", line 1381, in endheaders
    self._send_output(message_body, encode_chunked=encode_chunked)
  File "/opt/hostedtoolcache/Python/3.12.14/x64/lib/python3.12/http/client.py", line 1141, in _send_output
    self.send(msg)
  File "/opt/hostedtoolcache/Python/3.12.14/x64/lib/python3.12/http/client.py", line 1085, in send
    self.connect()
  File "/opt/hostedtoolcache/Python/3.12.14/x64/lib/python3.12/http/client.py", line 1527, in connect
    self.sock = self._context.wrap_socket(self.sock,
                ^^^^^^^^^^^^^^^^^^^^^^^^^^^^^^^^^^^^
  File "/opt/hostedtoolcache/Python/3.12.14/x64/lib/python3.12/ssl.py", line 455, in wrap_socket
    return self.sslsocket_class._create(
           ^^^^^^^^^^^^^^^^^^^^^^^^^^^^^
  File "/opt/hostedtoolcache/Python/3.12.14/x64/lib/python3.12/ssl.py", line 1041, in _create
    self.do_handshake()
  File "/opt/hostedtoolcache/Python/3.12.14/x64/lib/python3.12/ssl.py", line 1319, in do_handshake
    self._sslobj.do_handshake()
ConnectionResetError: [Errno 104] Connection reset by peer

During handling of the above exception, another exception occurred:

Traceback (most recent call last):
  File "/home/runner/work/plan_gen/plan_gen/web/backend/event_bench_refresh.py", line 134, in main
    candidates = [asdict(item) for item in collector()]
                                           ^^^^^^^^^^^
  File "/home/runner/work/plan_gen/plan_gen/web/backend/app/event_bench/nexon_sample.py", line 366, in collect_gersang_events
    soup = BeautifulSoup(_fetch_html(GERSANG_EVENTS_URL), "html.parser")
                         ^^^^^^^^^^^^^^^^^^^^^^^^^^^^^^^
  File "/home/runner/work/plan_gen/plan_gen/web/backend/app/event_bench/nexon_sample.py", line 58, in _fetch_html
    with urlopen(request, timeout=20) as response:  # noqa: S310 - explicit verified official URLs
         ^^^^^^^^^^^^^^^^^^^^^^^^^^^^
  File "/opt/hostedtoolcache/Python/3.12.14/x64/lib/python3.12/urllib/request.py", line 215, in urlopen
    return opener.open(url, data, timeout)
           ^^^^^^^^^^^^^^^^^^^^^^^^^^^^^^^
  File "/opt/hostedtoolcache/Python/3.12.14/x64/lib/python3.12/urllib/request.py", line 515, in open
    response = self._open(req, data)
               ^^^^^^^^^^^^^^^^^^^^^
  File "/opt/hostedtoolcache/Python/3.12.14/x64/lib/python3.12/urllib/request.py", line 532, in _open
    result = self._call_chain(self.handle_open, protocol, protocol +
             ^^^^^^^^^^^^^^^^^^^^^^^^^^^^^^^^^^^^^^^^^^^^^^^^^^^^^^^
  File "/opt/hostedtoolcache/Python/3.12.14/x64/lib/python3.12/urllib/request.py", line 492, in _call_chain
    result = func(*args)
             ^^^^^^^^^^^
  File "/opt/hostedtoolcache/Python/3.12.14/x64/lib/python3.12/urllib/request.py", line 1392, in https_open
    return self.do_open(http.client.HTTPSConnection, req,
           ^^^^^^^^^^^^^^^^^^^^^^^^^^^^^^^^^^^^^^^^^^^^^^
  File "/opt/hostedtoolcache/Python/3.12.14/x64/lib/python3.12/urllib/request.py", line 1347, in do_open
    raise URLError(err)
urllib.error.URLError: <urlopen error [Errno 104] Connection reset by peer>
2026-08-26 01:31:56,734 INFO 던전앤파이터: refreshed 26 ongoing candidates
2026-08-26 01:31:57,607 ERROR 테일즈런너: refresh failed; kept previous archive state: HTTP Error 403: Forbidden
Traceback (most recent call last):
  File "/home/runner/work/plan_gen/plan_gen/web/backend/event_bench_refresh.py", line 134, in main
    candidates = [asdict(item) for item in collector()]
                                           ^^^^^^^^^^^
  File "/home/runner/work/plan_gen/plan_gen/web/backend/app/event_bench/nexon_sample.py", line 514, in collect_talesrunner_events
    payload = json.loads(_fetch_html(TALESRUNNER_EVENT_API_URL))
                         ^^^^^^^^^^^^^^^^^^^^^^^^^^^^^^^^^^^^^^
  File "/home/runner/work/plan_gen/plan_gen/web/backend/app/event_bench/nexon_sample.py", line 58, in _fetch_html
    with urlopen(request, timeout=20) as response:  # noqa: S310 - explicit verified official URLs
         ^^^^^^^^^^^^^^^^^^^^^^^^^^^^
  File "/opt/hostedtoolcache/Python/3.12.14/x64/lib/python3.12/urllib/request.py", line 215, in urlopen
    return opener.open(url, data, timeout)
           ^^^^^^^^^^^^^^^^^^^^^^^^^^^^^^^
  File "/opt/hostedtoolcache/Python/3.12.14/x64/lib/python3.12/urllib/request.py", line 521, in open
    response = meth(req, response)
               ^^^^^^^^^^^^^^^^^^^
  File "/opt/hostedtoolcache/Python/3.12.14/x64/lib/python3.12/urllib/request.py", line 630, in http_response
    response = self.parent.error(
               ^^^^^^^^^^^^^^^^^^
  File "/opt/hostedtoolcache/Python/3.12.14/x64/lib/python3.12/urllib/request.py", line 559, in error
    return self._call_chain(*args)
           ^^^^^^^^^^^^^^^^^^^^^^^
  File "/opt/hostedtoolcache/Python/3.12.14/x64/lib/python3.12/urllib/request.py", line 492, in _call_chain
    result = func(*args)
             ^^^^^^^^^^^
  File "/opt/hostedtoolcache/Python/3.12.14/x64/lib/python3.12/urllib/request.py", line 639, in http_error_default
    raise HTTPError(req.full_url, code, msg, hdrs, fp)
urllib.error.HTTPError: HTTP Error 403: Forbidden
2026-08-26 01:32:01,549 INFO 카운터스트라이크 온라인: refreshed 2 ongoing candidates
2026-08-26 01:32:09,470 INFO 마비노기 영웅전: refreshed 17 ongoing candidates
2026-08-26 01:32:15,979 INFO 라그나로크: refreshed 10 ongoing candidates
2026-08-26 01:32:15,982 INFO Refresh complete: 190 total archived / 179 active candidates
2026-08-26 01:52:34,674 INFO FC ONLINE: refreshed 15 ongoing candidates
2026-08-26 01:53:18,865 INFO 메이플스토리: refreshed 20 ongoing candidates
2026-08-26 01:53:19,024 ERROR 마비노기: refresh failed; kept previous archive state: HTTP Error 403: Forbidden
Traceback (most recent call last):
  File "/home/runner/work/plan_gen/plan_gen/web/backend/event_bench_refresh.py", line 134, in main
    candidates = [asdict(item) for item in collector()]
                                           ^^^^^^^^^^^
  File "/home/runner/work/plan_gen/plan_gen/web/backend/app/event_bench/nexon_sample.py", line 219, in collect_mabinogi_events
    first_soup = BeautifulSoup(_fetch_html(MABINOGI_EVENTS_URL), "html.parser")
                               ^^^^^^^^^^^^^^^^^^^^^^^^^^^^^^^^
  File "/home/runner/work/plan_gen/plan_gen/web/backend/app/event_bench/nexon_sample.py", line 58, in _fetch_html
    with urlopen(request, timeout=20) as response:  # noqa: S310 - explicit verified official URLs
         ^^^^^^^^^^^^^^^^^^^^^^^^^^^^
  File "/opt/hostedtoolcache/Python/3.12.14/x64/lib/python3.12/urllib/request.py", line 215, in urlopen
    return opener.open(url, data, timeout)
           ^^^^^^^^^^^^^^^^^^^^^^^^^^^^^^^
  File "/opt/hostedtoolcache/Python/3.12.14/x64/lib/python3.12/urllib/request.py", line 521, in open
    response = meth(req, response)
               ^^^^^^^^^^^^^^^^^^^
  File "/opt/hostedtoolcache/Python/3.12.14/x64/lib/python3.12/urllib/request.py", line 630, in http_response
    response = self.parent.error(
               ^^^^^^^^^^^^^^^^^^
  File "/opt/hostedtoolcache/Python/3.12.14/x64/lib/python3.12/urllib/request.py", line 559, in error
    return self._call_chain(*args)
           ^^^^^^^^^^^^^^^^^^^^^^^
  File "/opt/hostedtoolcache/Python/3.12.14/x64/lib/python3.12/urllib/request.py", line 492, in _call_chain
    result = func(*args)
             ^^^^^^^^^^^
  File "/opt/hostedtoolcache/Python/3.12.14/x64/lib/python3.12/urllib/request.py", line 639, in http_error_default
    raise HTTPError(req.full_url, code, msg, hdrs, fp)
urllib.error.HTTPError: HTTP Error 403: Forbidden
2026-08-26 01:53:19,157 ERROR 테일즈위버: refresh failed; kept previous archive state: Command '['/usr/bin/curl', '-L', '--fail', '--silent', '--show-error', '--max-time', '20', '-A', 'Mozilla/5.0 (Windows NT 10.0; Win64; x64) AppleWebKit/537.36 Chrome/139 Safari/537.36', '-H', 'Accept-Language: ko-KR,ko;q=0.9', '-H', 'Referer: https://tales.nexon.com/', 'https://tales.nexon.com/News/Event']' returned non-zero exit status 22.
Traceback (most recent call last):
  File "/home/runner/work/plan_gen/plan_gen/web/backend/event_bench_refresh.py", line 134, in main
    candidates = [asdict(item) for item in collector()]
                                           ^^^^^^^^^^^
  File "/home/runner/work/plan_gen/plan_gen/web/backend/app/event_bench/nexon_sample.py", line 248, in collect_talesweaver_events
    first_soup = BeautifulSoup(_fetch_talesweaver_html(), "html.parser")
                               ^^^^^^^^^^^^^^^^^^^^^^^^^
  File "/home/runner/work/plan_gen/plan_gen/web/backend/app/event_bench/nexon_sample.py", line 117, in _fetch_talesweaver_html
    result = subprocess.run(
             ^^^^^^^^^^^^^^^
  File "/opt/hostedtoolcache/Python/3.12.14/x64/lib/python3.12/subprocess.py", line 571, in run
    raise CalledProcessError(retcode, process.args,
subprocess.CalledProcessError: Command '['/usr/bin/curl', '-L', '--fail', '--silent', '--show-error', '--max-time', '20', '-A', 'Mozilla/5.0 (Windows NT 10.0; Win64; x64) AppleWebKit/537.36 Chrome/139 Safari/537.36', '-H', 'Accept-Language: ko-KR,ko;q=0.9', '-H', 'Referer: https://tales.nexon.com/', 'https://tales.nexon.com/News/Event']' returned non-zero exit status 22.
2026-08-26 01:54:15,749 INFO 엘소드: refreshed 24 ongoing candidates
2026-08-26 01:54:22,894 INFO 바람의나라: refreshed 4 ongoing candidates
2026-08-26 01:54:42,904 INFO 로스트아크: refreshed 10 ongoing candidates
2026-08-26 01:54:43,608 ERROR 리니지: refresh failed; kept previous archive state: collector returned no candidates
Traceback (most recent call last):
  File "/home/runner/work/plan_gen/plan_gen/web/backend/event_bench_refresh.py", line 136, in main
    raise RuntimeError("collector returned no candidates")
RuntimeError: collector returned no candidates
2026-08-26 01:55:46,189 INFO 검은사막: refreshed 23 ongoing candidates
2026-08-26 01:55:47,295 ERROR 거상: refresh failed; kept previous archive state: <urlopen error [Errno 104] Connection reset by peer>
Traceback (most recent call last):
  File "/opt/hostedtoolcache/Python/3.12.14/x64/lib/python3.12/urllib/request.py", line 1344, in do_open
    h.request(req.get_method(), req.selector, req.data, headers,
  File "/opt/hostedtoolcache/Python/3.12.14/x64/lib/python3.12/http/client.py", line 1386, in request
    self._send_request(method, url, body, headers, encode_chunked)
  File "/opt/hostedtoolcache/Python/3.12.14/x64/lib/python3.12/http/client.py", line 1432, in _send_request
    self.endheaders(body, encode_chunked=encode_chunked)
  File "/opt/hostedtoolcache/Python/3.12.14/x64/lib/python3.12/http/client.py", line 1381, in endheaders
    self._send_output(message_body, encode_chunked=encode_chunked)
  File "/opt/hostedtoolcache/Python/3.12.14/x64/lib/python3.12/http/client.py", line 1141, in _send_output
    self.send(msg)
  File "/opt/hostedtoolcache/Python/3.12.14/x64/lib/python3.12/http/client.py", line 1085, in send
    self.connect()
  File "/opt/hostedtoolcache/Python/3.12.14/x64/lib/python3.12/http/client.py", line 1527, in connect
    self.sock = self._context.wrap_socket(self.sock,
                ^^^^^^^^^^^^^^^^^^^^^^^^^^^^^^^^^^^^
  File "/opt/hostedtoolcache/Python/3.12.14/x64/lib/python3.12/ssl.py", line 455, in wrap_socket
    return self.sslsocket_class._create(
           ^^^^^^^^^^^^^^^^^^^^^^^^^^^^^
  File "/opt/hostedtoolcache/Python/3.12.14/x64/lib/python3.12/ssl.py", line 1041, in _create
    self.do_handshake()
  File "/opt/hostedtoolcache/Python/3.12.14/x64/lib/python3.12/ssl.py", line 1319, in do_handshake
    self._sslobj.do_handshake()
ConnectionResetError: [Errno 104] Connection reset by peer

During handling of the above exception, another exception occurred:

Traceback (most recent call last):
  File "/home/runner/work/plan_gen/plan_gen/web/backend/event_bench_refresh.py", line 134, in main
    candidates = [asdict(item) for item in collector()]
                                           ^^^^^^^^^^^
  File "/home/runner/work/plan_gen/plan_gen/web/backend/app/event_bench/nexon_sample.py", line 366, in collect_gersang_events
    soup = BeautifulSoup(_fetch_html(GERSANG_EVENTS_URL), "html.parser")
                         ^^^^^^^^^^^^^^^^^^^^^^^^^^^^^^^
  File "/home/runner/work/plan_gen/plan_gen/web/backend/app/event_bench/nexon_sample.py", line 58, in _fetch_html
    with urlopen(request, timeout=20) as response:  # noqa: S310 - explicit verified official URLs
         ^^^^^^^^^^^^^^^^^^^^^^^^^^^^
  File "/opt/hostedtoolcache/Python/3.12.14/x64/lib/python3.12/urllib/request.py", line 215, in urlopen
    return opener.open(url, data, timeout)
           ^^^^^^^^^^^^^^^^^^^^^^^^^^^^^^^
  File "/opt/hostedtoolcache/Python/3.12.14/x64/lib/python3.12/urllib/request.py", line 515, in open
    response = self._open(req, data)
               ^^^^^^^^^^^^^^^^^^^^^
  File "/opt/hostedtoolcache/Python/3.12.14/x64/lib/python3.12/urllib/request.py", line 532, in _open
    result = self._call_chain(self.handle_open, protocol, protocol +
             ^^^^^^^^^^^^^^^^^^^^^^^^^^^^^^^^^^^^^^^^^^^^^^^^^^^^^^^
  File "/opt/hostedtoolcache/Python/3.12.14/x64/lib/python3.12/urllib/request.py", line 492, in _call_chain
    result = func(*args)
             ^^^^^^^^^^^
  File "/opt/hostedtoolcache/Python/3.12.14/x64/lib/python3.12/urllib/request.py", line 1392, in https_open
    return self.do_open(http.client.HTTPSConnection, req,
           ^^^^^^^^^^^^^^^^^^^^^^^^^^^^^^^^^^^^^^^^^^^^^^
  File "/opt/hostedtoolcache/Python/3.12.14/x64/lib/python3.12/urllib/request.py", line 1347, in do_open
    raise URLError(err)
urllib.error.URLError: <urlopen error [Errno 104] Connection reset by peer>
2026-08-26 01:56:22,470 INFO 던전앤파이터: refreshed 26 ongoing candidates
2026-08-26 01:56:23,713 ERROR 테일즈런너: refresh failed; kept previous archive state: HTTP Error 403: Forbidden
Traceback (most recent call last):
  File "/home/runner/work/plan_gen/plan_gen/web/backend/event_bench_refresh.py", line 134, in main
    candidates = [asdict(item) for item in collector()]
                                           ^^^^^^^^^^^
  File "/home/runner/work/plan_gen/plan_gen/web/backend/app/event_bench/nexon_sample.py", line 514, in collect_talesrunner_events
    payload = json.loads(_fetch_html(TALESRUNNER_EVENT_API_URL))
                         ^^^^^^^^^^^^^^^^^^^^^^^^^^^^^^^^^^^^^^
  File "/home/runner/work/plan_gen/plan_gen/web/backend/app/event_bench/nexon_sample.py", line 58, in _fetch_html
    with urlopen(request, timeout=20) as response:  # noqa: S310 - explicit verified official URLs
         ^^^^^^^^^^^^^^^^^^^^^^^^^^^^
  File "/opt/hostedtoolcache/Python/3.12.14/x64/lib/python3.12/urllib/request.py", line 215, in urlopen
    return opener.open(url, data, timeout)
           ^^^^^^^^^^^^^^^^^^^^^^^^^^^^^^^
  File "/opt/hostedtoolcache/Python/3.12.14/x64/lib/python3.12/urllib/request.py", line 521, in open
    response = meth(req, response)
               ^^^^^^^^^^^^^^^^^^^
  File "/opt/hostedtoolcache/Python/3.12.14/x64/lib/python3.12/urllib/request.py", line 630, in http_response
    response = self.parent.error(
               ^^^^^^^^^^^^^^^^^^
  File "/opt/hostedtoolcache/Python/3.12.14/x64/lib/python3.12/urllib/request.py", line 559, in error
    return self._call_chain(*args)
           ^^^^^^^^^^^^^^^^^^^^^^^
  File "/opt/hostedtoolcache/Python/3.12.14/x64/lib/python3.12/urllib/request.py", line 492, in _call_chain
    result = func(*args)
             ^^^^^^^^^^^
  File "/opt/hostedtoolcache/Python/3.12.14/x64/lib/python3.12/urllib/request.py", line 639, in http_error_default
    raise HTTPError(req.full_url, code, msg, hdrs, fp)
urllib.error.HTTPError: HTTP Error 403: Forbidden
2026-08-26 01:56:28,959 INFO 카운터스트라이크 온라인: refreshed 2 ongoing candidates
2026-08-26 01:56:33,445 INFO 마비노기 영웅전: refreshed 17 ongoing candidates
2026-08-26 01:56:41,489 INFO 라그나로크: refreshed 10 ongoing candidates
2026-08-26 01:56:41,492 INFO Refresh complete: 190 total archived / 179 active candidates
2026-08-26 02:16:43,773 INFO FC ONLINE: refreshed 15 ongoing candidates
2026-08-26 02:17:24,531 INFO 메이플스토리: refreshed 20 ongoing candidates
2026-08-26 02:17:24,633 ERROR 마비노기: refresh failed; kept previous archive state: HTTP Error 403: Forbidden
Traceback (most recent call last):
  File "/home/runner/work/plan_gen/plan_gen/web/backend/event_bench_refresh.py", line 134, in main
    candidates = [asdict(item) for item in collector()]
                                           ^^^^^^^^^^^
  File "/home/runner/work/plan_gen/plan_gen/web/backend/app/event_bench/nexon_sample.py", line 219, in collect_mabinogi_events
    first_soup = BeautifulSoup(_fetch_html(MABINOGI_EVENTS_URL), "html.parser")
                               ^^^^^^^^^^^^^^^^^^^^^^^^^^^^^^^^
  File "/home/runner/work/plan_gen/plan_gen/web/backend/app/event_bench/nexon_sample.py", line 58, in _fetch_html
    with urlopen(request, timeout=20) as response:  # noqa: S310 - explicit verified official URLs
         ^^^^^^^^^^^^^^^^^^^^^^^^^^^^
  File "/opt/hostedtoolcache/Python/3.12.14/x64/lib/python3.12/urllib/request.py", line 215, in urlopen
    return opener.open(url, data, timeout)
           ^^^^^^^^^^^^^^^^^^^^^^^^^^^^^^^
  File "/opt/hostedtoolcache/Python/3.12.14/x64/lib/python3.12/urllib/request.py", line 521, in open
    response = meth(req, response)
               ^^^^^^^^^^^^^^^^^^^
  File "/opt/hostedtoolcache/Python/3.12.14/x64/lib/python3.12/urllib/request.py", line 630, in http_response
    response = self.parent.error(
               ^^^^^^^^^^^^^^^^^^
  File "/opt/hostedtoolcache/Python/3.12.14/x64/lib/python3.12/urllib/request.py", line 559, in error
    return self._call_chain(*args)
           ^^^^^^^^^^^^^^^^^^^^^^^
  File "/opt/hostedtoolcache/Python/3.12.14/x64/lib/python3.12/urllib/request.py", line 492, in _call_chain
    result = func(*args)
             ^^^^^^^^^^^
  File "/opt/hostedtoolcache/Python/3.12.14/x64/lib/python3.12/urllib/request.py", line 639, in http_error_default
    raise HTTPError(req.full_url, code, msg, hdrs, fp)
urllib.error.HTTPError: HTTP Error 403: Forbidden
2026-08-26 02:17:24,791 ERROR 테일즈위버: refresh failed; kept previous archive state: Command '['/usr/bin/curl', '-L', '--fail', '--silent', '--show-error', '--max-time', '20', '-A', 'Mozilla/5.0 (Windows NT 10.0; Win64; x64) AppleWebKit/537.36 Chrome/139 Safari/537.36', '-H', 'Accept-Language: ko-KR,ko;q=0.9', '-H', 'Referer: https://tales.nexon.com/', 'https://tales.nexon.com/News/Event']' returned non-zero exit status 22.
Traceback (most recent call last):
  File "/home/runner/work/plan_gen/plan_gen/web/backend/event_bench_refresh.py", line 134, in main
    candidates = [asdict(item) for item in collector()]
                                           ^^^^^^^^^^^
  File "/home/runner/work/plan_gen/plan_gen/web/backend/app/event_bench/nexon_sample.py", line 248, in collect_talesweaver_events
    first_soup = BeautifulSoup(_fetch_talesweaver_html(), "html.parser")
                               ^^^^^^^^^^^^^^^^^^^^^^^^^
  File "/home/runner/work/plan_gen/plan_gen/web/backend/app/event_bench/nexon_sample.py", line 117, in _fetch_talesweaver_html
    result = subprocess.run(
             ^^^^^^^^^^^^^^^
  File "/opt/hostedtoolcache/Python/3.12.14/x64/lib/python3.12/subprocess.py", line 571, in run
    raise CalledProcessError(retcode, process.args,
subprocess.CalledProcessError: Command '['/usr/bin/curl', '-L', '--fail', '--silent', '--show-error', '--max-time', '20', '-A', 'Mozilla/5.0 (Windows NT 10.0; Win64; x64) AppleWebKit/537.36 Chrome/139 Safari/537.36', '-H', 'Accept-Language: ko-KR,ko;q=0.9', '-H', 'Referer: https://tales.nexon.com/', 'https://tales.nexon.com/News/Event']' returned non-zero exit status 22.
2026-08-26 02:18:23,438 INFO 엘소드: refreshed 24 ongoing candidates
2026-08-26 02:18:31,153 INFO 바람의나라: refreshed 4 ongoing candidates
2026-08-26 02:18:50,112 INFO 로스트아크: refreshed 10 ongoing candidates
2026-08-26 02:18:50,696 ERROR 리니지: refresh failed; kept previous archive state: collector returned no candidates
Traceback (most recent call last):
  File "/home/runner/work/plan_gen/plan_gen/web/backend/event_bench_refresh.py", line 136, in main
    raise RuntimeError("collector returned no candidates")
RuntimeError: collector returned no candidates
2026-08-26 02:19:45,080 INFO 검은사막: refreshed 23 ongoing candidates
2026-08-26 02:19:45,841 ERROR 거상: refresh failed; kept previous archive state: <urlopen error [Errno 104] Connection reset by peer>
Traceback (most recent call last):
  File "/opt/hostedtoolcache/Python/3.12.14/x64/lib/python3.12/urllib/request.py", line 1344, in do_open
    h.request(req.get_method(), req.selector, req.data, headers,
  File "/opt/hostedtoolcache/Python/3.12.14/x64/lib/python3.12/http/client.py", line 1386, in request
    self._send_request(method, url, body, headers, encode_chunked)
  File "/opt/hostedtoolcache/Python/3.12.14/x64/lib/python3.12/http/client.py", line 1432, in _send_request
    self.endheaders(body, encode_chunked=encode_chunked)
  File "/opt/hostedtoolcache/Python/3.12.14/x64/lib/python3.12/http/client.py", line 1381, in endheaders
    self._send_output(message_body, encode_chunked=encode_chunked)
  File "/opt/hostedtoolcache/Python/3.12.14/x64/lib/python3.12/http/client.py", line 1141, in _send_output
    self.send(msg)
  File "/opt/hostedtoolcache/Python/3.12.14/x64/lib/python3.12/http/client.py", line 1085, in send
    self.connect()
  File "/opt/hostedtoolcache/Python/3.12.14/x64/lib/python3.12/http/client.py", line 1527, in connect
    self.sock = self._context.wrap_socket(self.sock,
                ^^^^^^^^^^^^^^^^^^^^^^^^^^^^^^^^^^^^
  File "/opt/hostedtoolcache/Python/3.12.14/x64/lib/python3.12/ssl.py", line 455, in wrap_socket
    return self.sslsocket_class._create(
           ^^^^^^^^^^^^^^^^^^^^^^^^^^^^^
  File "/opt/hostedtoolcache/Python/3.12.14/x64/lib/python3.12/ssl.py", line 1041, in _create
    self.do_handshake()
  File "/opt/hostedtoolcache/Python/3.12.14/x64/lib/python3.12/ssl.py", line 1319, in do_handshake
    self._sslobj.do_handshake()
ConnectionResetError: [Errno 104] Connection reset by peer

During handling of the above exception, another exception occurred:

Traceback (most recent call last):
  File "/home/runner/work/plan_gen/plan_gen/web/backend/event_bench_refresh.py", line 134, in main
    candidates = [asdict(item) for item in collector()]
                                           ^^^^^^^^^^^
  File "/home/runner/work/plan_gen/plan_gen/web/backend/app/event_bench/nexon_sample.py", line 366, in collect_gersang_events
    soup = BeautifulSoup(_fetch_html(GERSANG_EVENTS_URL), "html.parser")
                         ^^^^^^^^^^^^^^^^^^^^^^^^^^^^^^^
  File "/home/runner/work/plan_gen/plan_gen/web/backend/app/event_bench/nexon_sample.py", line 58, in _fetch_html
    with urlopen(request, timeout=20) as response:  # noqa: S310 - explicit verified official URLs
         ^^^^^^^^^^^^^^^^^^^^^^^^^^^^
  File "/opt/hostedtoolcache/Python/3.12.14/x64/lib/python3.12/urllib/request.py", line 215, in urlopen
    return opener.open(url, data, timeout)
           ^^^^^^^^^^^^^^^^^^^^^^^^^^^^^^^
  File "/opt/hostedtoolcache/Python/3.12.14/x64/lib/python3.12/urllib/request.py", line 515, in open
    response = self._open(req, data)
               ^^^^^^^^^^^^^^^^^^^^^
  File "/opt/hostedtoolcache/Python/3.12.14/x64/lib/python3.12/urllib/request.py", line 532, in _open
    result = self._call_chain(self.handle_open, protocol, protocol +
             ^^^^^^^^^^^^^^^^^^^^^^^^^^^^^^^^^^^^^^^^^^^^^^^^^^^^^^^
  File "/opt/hostedtoolcache/Python/3.12.14/x64/lib/python3.12/urllib/request.py", line 492, in _call_chain
    result = func(*args)
             ^^^^^^^^^^^
  File "/opt/hostedtoolcache/Python/3.12.14/x64/lib/python3.12/urllib/request.py", line 1392, in https_open
    return self.do_open(http.client.HTTPSConnection, req,
           ^^^^^^^^^^^^^^^^^^^^^^^^^^^^^^^^^^^^^^^^^^^^^^
  File "/opt/hostedtoolcache/Python/3.12.14/x64/lib/python3.12/urllib/request.py", line 1347, in do_open
    raise URLError(err)
urllib.error.URLError: <urlopen error [Errno 104] Connection reset by peer>
2026-08-26 02:20:18,422 INFO 던전앤파이터: refreshed 26 ongoing candidates
2026-08-26 02:20:20,103 ERROR 테일즈런너: refresh failed; kept previous archive state: HTTP Error 403: Forbidden
Traceback (most recent call last):
  File "/home/runner/work/plan_gen/plan_gen/web/backend/event_bench_refresh.py", line 134, in main
    candidates = [asdict(item) for item in collector()]
                                           ^^^^^^^^^^^
  File "/home/runner/work/plan_gen/plan_gen/web/backend/app/event_bench/nexon_sample.py", line 514, in collect_talesrunner_events
    payload = json.loads(_fetch_html(TALESRUNNER_EVENT_API_URL))
                         ^^^^^^^^^^^^^^^^^^^^^^^^^^^^^^^^^^^^^^
  File "/home/runner/work/plan_gen/plan_gen/web/backend/app/event_bench/nexon_sample.py", line 58, in _fetch_html
    with urlopen(request, timeout=20) as response:  # noqa: S310 - explicit verified official URLs
         ^^^^^^^^^^^^^^^^^^^^^^^^^^^^
  File "/opt/hostedtoolcache/Python/3.12.14/x64/lib/python3.12/urllib/request.py", line 215, in urlopen
    return opener.open(url, data, timeout)
           ^^^^^^^^^^^^^^^^^^^^^^^^^^^^^^^
  File "/opt/hostedtoolcache/Python/3.12.14/x64/lib/python3.12/urllib/request.py", line 521, in open
    response = meth(req, response)
               ^^^^^^^^^^^^^^^^^^^
  File "/opt/hostedtoolcache/Python/3.12.14/x64/lib/python3.12/urllib/request.py", line 630, in http_response
    response = self.parent.error(
               ^^^^^^^^^^^^^^^^^^
  File "/opt/hostedtoolcache/Python/3.12.14/x64/lib/python3.12/urllib/request.py", line 559, in error
    return self._call_chain(*args)
           ^^^^^^^^^^^^^^^^^^^^^^^
  File "/opt/hostedtoolcache/Python/3.12.14/x64/lib/python3.12/urllib/request.py", line 492, in _call_chain
    result = func(*args)
             ^^^^^^^^^^^
  File "/opt/hostedtoolcache/Python/3.12.14/x64/lib/python3.12/urllib/request.py", line 639, in http_error_default
    raise HTTPError(req.full_url, code, msg, hdrs, fp)
urllib.error.HTTPError: HTTP Error 403: Forbidden
2026-08-26 02:20:26,074 INFO 카운터스트라이크 온라인: refreshed 2 ongoing candidates
2026-08-26 02:20:28,181 INFO 마비노기 영웅전: refreshed 17 ongoing candidates
2026-08-26 02:20:29,123 INFO 라그나로크: refreshed 10 ongoing candidates
2026-08-26 02:20:29,126 INFO Refresh complete: 190 total archived / 179 active candidates
2026-08-26 02:59:09,524 INFO FC ONLINE: refreshed 15 ongoing candidates
2026-08-26 02:59:46,496 INFO 메이플스토리: refreshed 20 ongoing candidates
2026-08-26 02:59:46,902 ERROR 마비노기: refresh failed; kept previous archive state: HTTP Error 403: Forbidden
Traceback (most recent call last):
  File "/home/runner/work/plan_gen/plan_gen/web/backend/event_bench_refresh.py", line 134, in main
    candidates = [asdict(item) for item in collector()]
                                           ^^^^^^^^^^^
  File "/home/runner/work/plan_gen/plan_gen/web/backend/app/event_bench/nexon_sample.py", line 219, in collect_mabinogi_events
    first_soup = BeautifulSoup(_fetch_html(MABINOGI_EVENTS_URL), "html.parser")
                               ^^^^^^^^^^^^^^^^^^^^^^^^^^^^^^^^
  File "/home/runner/work/plan_gen/plan_gen/web/backend/app/event_bench/nexon_sample.py", line 58, in _fetch_html
    with urlopen(request, timeout=20) as response:  # noqa: S310 - explicit verified official URLs
         ^^^^^^^^^^^^^^^^^^^^^^^^^^^^
  File "/opt/hostedtoolcache/Python/3.12.14/x64/lib/python3.12/urllib/request.py", line 215, in urlopen
    return opener.open(url, data, timeout)
           ^^^^^^^^^^^^^^^^^^^^^^^^^^^^^^^
  File "/opt/hostedtoolcache/Python/3.12.14/x64/lib/python3.12/urllib/request.py", line 521, in open
    response = meth(req, response)
               ^^^^^^^^^^^^^^^^^^^
  File "/opt/hostedtoolcache/Python/3.12.14/x64/lib/python3.12/urllib/request.py", line 630, in http_response
    response = self.parent.error(
               ^^^^^^^^^^^^^^^^^^
  File "/opt/hostedtoolcache/Python/3.12.14/x64/lib/python3.12/urllib/request.py", line 559, in error
    return self._call_chain(*args)
           ^^^^^^^^^^^^^^^^^^^^^^^
  File "/opt/hostedtoolcache/Python/3.12.14/x64/lib/python3.12/urllib/request.py", line 492, in _call_chain
    result = func(*args)
             ^^^^^^^^^^^
  File "/opt/hostedtoolcache/Python/3.12.14/x64/lib/python3.12/urllib/request.py", line 639, in http_error_default
    raise HTTPError(req.full_url, code, msg, hdrs, fp)
urllib.error.HTTPError: HTTP Error 403: Forbidden
2026-08-26 02:59:47,369 ERROR 테일즈위버: refresh failed; kept previous archive state: Command '['/usr/bin/curl', '-L', '--fail', '--silent', '--show-error', '--max-time', '20', '-A', 'Mozilla/5.0 (Windows NT 10.0; Win64; x64) AppleWebKit/537.36 Chrome/139 Safari/537.36', '-H', 'Accept-Language: ko-KR,ko;q=0.9', '-H', 'Referer: https://tales.nexon.com/', 'https://tales.nexon.com/News/Event']' returned non-zero exit status 22.
Traceback (most recent call last):
  File "/home/runner/work/plan_gen/plan_gen/web/backend/event_bench_refresh.py", line 134, in main
    candidates = [asdict(item) for item in collector()]
                                           ^^^^^^^^^^^
  File "/home/runner/work/plan_gen/plan_gen/web/backend/app/event_bench/nexon_sample.py", line 248, in collect_talesweaver_events
    first_soup = BeautifulSoup(_fetch_talesweaver_html(), "html.parser")
                               ^^^^^^^^^^^^^^^^^^^^^^^^^
  File "/home/runner/work/plan_gen/plan_gen/web/backend/app/event_bench/nexon_sample.py", line 117, in _fetch_talesweaver_html
    result = subprocess.run(
             ^^^^^^^^^^^^^^^
  File "/opt/hostedtoolcache/Python/3.12.14/x64/lib/python3.12/subprocess.py", line 571, in run
    raise CalledProcessError(retcode, process.args,
subprocess.CalledProcessError: Command '['/usr/bin/curl', '-L', '--fail', '--silent', '--show-error', '--max-time', '20', '-A', 'Mozilla/5.0 (Windows NT 10.0; Win64; x64) AppleWebKit/537.36 Chrome/139 Safari/537.36', '-H', 'Accept-Language: ko-KR,ko;q=0.9', '-H', 'Referer: https://tales.nexon.com/', 'https://tales.nexon.com/News/Event']' returned non-zero exit status 22.
2026-08-26 03:00:38,053 INFO 엘소드: refreshed 24 ongoing candidates
2026-08-26 03:00:46,124 INFO 바람의나라: refreshed 4 ongoing candidates
2026-08-26 03:01:03,324 INFO 로스트아크: refreshed 10 ongoing candidates
2026-08-26 03:01:04,304 ERROR 리니지: refresh failed; kept previous archive state: collector returned no candidates
Traceback (most recent call last):
  File "/home/runner/work/plan_gen/plan_gen/web/backend/event_bench_refresh.py", line 136, in main
    raise RuntimeError("collector returned no candidates")
RuntimeError: collector returned no candidates
2026-08-26 03:02:07,635 INFO 검은사막: refreshed 23 ongoing candidates
2026-08-26 03:02:08,645 ERROR 거상: refresh failed; kept previous archive state: <urlopen error [Errno 104] Connection reset by peer>
Traceback (most recent call last):
  File "/opt/hostedtoolcache/Python/3.12.14/x64/lib/python3.12/urllib/request.py", line 1344, in do_open
    h.request(req.get_method(), req.selector, req.data, headers,
  File "/opt/hostedtoolcache/Python/3.12.14/x64/lib/python3.12/http/client.py", line 1386, in request
    self._send_request(method, url, body, headers, encode_chunked)
  File "/opt/hostedtoolcache/Python/3.12.14/x64/lib/python3.12/http/client.py", line 1432, in _send_request
    self.endheaders(body, encode_chunked=encode_chunked)
  File "/opt/hostedtoolcache/Python/3.12.14/x64/lib/python3.12/http/client.py", line 1381, in endheaders
    self._send_output(message_body, encode_chunked=encode_chunked)
  File "/opt/hostedtoolcache/Python/3.12.14/x64/lib/python3.12/http/client.py", line 1141, in _send_output
    self.send(msg)
  File "/opt/hostedtoolcache/Python/3.12.14/x64/lib/python3.12/http/client.py", line 1085, in send
    self.connect()
  File "/opt/hostedtoolcache/Python/3.12.14/x64/lib/python3.12/http/client.py", line 1527, in connect
    self.sock = self._context.wrap_socket(self.sock,
                ^^^^^^^^^^^^^^^^^^^^^^^^^^^^^^^^^^^^
  File "/opt/hostedtoolcache/Python/3.12.14/x64/lib/python3.12/ssl.py", line 455, in wrap_socket
    return self.sslsocket_class._create(
           ^^^^^^^^^^^^^^^^^^^^^^^^^^^^^
  File "/opt/hostedtoolcache/Python/3.12.14/x64/lib/python3.12/ssl.py", line 1041, in _create
    self.do_handshake()
  File "/opt/hostedtoolcache/Python/3.12.14/x64/lib/python3.12/ssl.py", line 1319, in do_handshake
    self._sslobj.do_handshake()
ConnectionResetError: [Errno 104] Connection reset by peer

During handling of the above exception, another exception occurred:

Traceback (most recent call last):
  File "/home/runner/work/plan_gen/plan_gen/web/backend/event_bench_refresh.py", line 134, in main
    candidates = [asdict(item) for item in collector()]
                                           ^^^^^^^^^^^
  File "/home/runner/work/plan_gen/plan_gen/web/backend/app/event_bench/nexon_sample.py", line 366, in collect_gersang_events
    soup = BeautifulSoup(_fetch_html(GERSANG_EVENTS_URL), "html.parser")
                         ^^^^^^^^^^^^^^^^^^^^^^^^^^^^^^^
  File "/home/runner/work/plan_gen/plan_gen/web/backend/app/event_bench/nexon_sample.py", line 58, in _fetch_html
    with urlopen(request, timeout=20) as response:  # noqa: S310 - explicit verified official URLs
         ^^^^^^^^^^^^^^^^^^^^^^^^^^^^
  File "/opt/hostedtoolcache/Python/3.12.14/x64/lib/python3.12/urllib/request.py", line 215, in urlopen
    return opener.open(url, data, timeout)
           ^^^^^^^^^^^^^^^^^^^^^^^^^^^^^^^
  File "/opt/hostedtoolcache/Python/3.12.14/x64/lib/python3.12/urllib/request.py", line 515, in open
    response = self._open(req, data)
               ^^^^^^^^^^^^^^^^^^^^^
  File "/opt/hostedtoolcache/Python/3.12.14/x64/lib/python3.12/urllib/request.py", line 532, in _open
    result = self._call_chain(self.handle_open, protocol, protocol +
             ^^^^^^^^^^^^^^^^^^^^^^^^^^^^^^^^^^^^^^^^^^^^^^^^^^^^^^^
  File "/opt/hostedtoolcache/Python/3.12.14/x64/lib/python3.12/urllib/request.py", line 492, in _call_chain
    result = func(*args)
             ^^^^^^^^^^^
  File "/opt/hostedtoolcache/Python/3.12.14/x64/lib/python3.12/urllib/request.py", line 1392, in https_open
    return self.do_open(http.client.HTTPSConnection, req,
           ^^^^^^^^^^^^^^^^^^^^^^^^^^^^^^^^^^^^^^^^^^^^^^
  File "/opt/hostedtoolcache/Python/3.12.14/x64/lib/python3.12/urllib/request.py", line 1347, in do_open
    raise URLError(err)
urllib.error.URLError: <urlopen error [Errno 104] Connection reset by peer>
2026-08-26 03:02:37,204 INFO 던전앤파이터: refreshed 26 ongoing candidates
2026-08-26 03:02:38,463 ERROR 테일즈런너: refresh failed; kept previous archive state: HTTP Error 403: Forbidden
Traceback (most recent call last):
  File "/home/runner/work/plan_gen/plan_gen/web/backend/event_bench_refresh.py", line 134, in main
    candidates = [asdict(item) for item in collector()]
                                           ^^^^^^^^^^^
  File "/home/runner/work/plan_gen/plan_gen/web/backend/app/event_bench/nexon_sample.py", line 514, in collect_talesrunner_events
    payload = json.loads(_fetch_html(TALESRUNNER_EVENT_API_URL))
                         ^^^^^^^^^^^^^^^^^^^^^^^^^^^^^^^^^^^^^^
  File "/home/runner/work/plan_gen/plan_gen/web/backend/app/event_bench/nexon_sample.py", line 58, in _fetch_html
    with urlopen(request, timeout=20) as response:  # noqa: S310 - explicit verified official URLs
         ^^^^^^^^^^^^^^^^^^^^^^^^^^^^
  File "/opt/hostedtoolcache/Python/3.12.14/x64/lib/python3.12/urllib/request.py", line 215, in urlopen
    return opener.open(url, data, timeout)
           ^^^^^^^^^^^^^^^^^^^^^^^^^^^^^^^
  File "/opt/hostedtoolcache/Python/3.12.14/x64/lib/python3.12/urllib/request.py", line 521, in open
    response = meth(req, response)
               ^^^^^^^^^^^^^^^^^^^
  File "/opt/hostedtoolcache/Python/3.12.14/x64/lib/python3.12/urllib/request.py", line 630, in http_response
    response = self.parent.error(
               ^^^^^^^^^^^^^^^^^^
  File "/opt/hostedtoolcache/Python/3.12.14/x64/lib/python3.12/urllib/request.py", line 559, in error
    return self._call_chain(*args)
           ^^^^^^^^^^^^^^^^^^^^^^^
  File "/opt/hostedtoolcache/Python/3.12.14/x64/lib/python3.12/urllib/request.py", line 492, in _call_chain
    result = func(*args)
             ^^^^^^^^^^^
  File "/opt/hostedtoolcache/Python/3.12.14/x64/lib/python3.12/urllib/request.py", line 639, in http_error_default
    raise HTTPError(req.full_url, code, msg, hdrs, fp)
urllib.error.HTTPError: HTTP Error 403: Forbidden
2026-08-26 03:02:44,521 INFO 카운터스트라이크 온라인: refreshed 2 ongoing candidates
2026-08-26 03:02:57,029 INFO 마비노기 영웅전: refreshed 17 ongoing candidates
2026-08-26 03:03:06,028 INFO 라그나로크: refreshed 10 ongoing candidates
2026-08-26 03:03:06,031 INFO Refresh complete: 190 total archived / 179 active candidates
2026-08-26 03:37:05,166 INFO FC ONLINE: refreshed 15 ongoing candidates
2026-08-26 03:37:44,289 INFO 메이플스토리: refreshed 20 ongoing candidates
2026-08-26 03:37:44,392 ERROR 마비노기: refresh failed; kept previous archive state: HTTP Error 403: Forbidden
Traceback (most recent call last):
  File "/home/runner/work/plan_gen/plan_gen/web/backend/event_bench_refresh.py", line 134, in main
    candidates = [asdict(item) for item in collector()]
                                           ^^^^^^^^^^^
  File "/home/runner/work/plan_gen/plan_gen/web/backend/app/event_bench/nexon_sample.py", line 219, in collect_mabinogi_events
    first_soup = BeautifulSoup(_fetch_html(MABINOGI_EVENTS_URL), "html.parser")
                               ^^^^^^^^^^^^^^^^^^^^^^^^^^^^^^^^
  File "/home/runner/work/plan_gen/plan_gen/web/backend/app/event_bench/nexon_sample.py", line 58, in _fetch_html
    with urlopen(request, timeout=20) as response:  # noqa: S310 - explicit verified official URLs
         ^^^^^^^^^^^^^^^^^^^^^^^^^^^^
  File "/opt/hostedtoolcache/Python/3.12.14/x64/lib/python3.12/urllib/request.py", line 215, in urlopen
    return opener.open(url, data, timeout)
           ^^^^^^^^^^^^^^^^^^^^^^^^^^^^^^^
  File "/opt/hostedtoolcache/Python/3.12.14/x64/lib/python3.12/urllib/request.py", line 521, in open
    response = meth(req, response)
               ^^^^^^^^^^^^^^^^^^^
  File "/opt/hostedtoolcache/Python/3.12.14/x64/lib/python3.12/urllib/request.py", line 630, in http_response
    response = self.parent.error(
               ^^^^^^^^^^^^^^^^^^
  File "/opt/hostedtoolcache/Python/3.12.14/x64/lib/python3.12/urllib/request.py", line 559, in error
    return self._call_chain(*args)
           ^^^^^^^^^^^^^^^^^^^^^^^
  File "/opt/hostedtoolcache/Python/3.12.14/x64/lib/python3.12/urllib/request.py", line 492, in _call_chain
    result = func(*args)
             ^^^^^^^^^^^
  File "/opt/hostedtoolcache/Python/3.12.14/x64/lib/python3.12/urllib/request.py", line 639, in http_error_default
    raise HTTPError(req.full_url, code, msg, hdrs, fp)
urllib.error.HTTPError: HTTP Error 403: Forbidden
2026-08-26 03:37:44,560 ERROR 테일즈위버: refresh failed; kept previous archive state: Command '['/usr/bin/curl', '-L', '--fail', '--silent', '--show-error', '--max-time', '20', '-A', 'Mozilla/5.0 (Windows NT 10.0; Win64; x64) AppleWebKit/537.36 Chrome/139 Safari/537.36', '-H', 'Accept-Language: ko-KR,ko;q=0.9', '-H', 'Referer: https://tales.nexon.com/', 'https://tales.nexon.com/News/Event']' returned non-zero exit status 22.
Traceback (most recent call last):
  File "/home/runner/work/plan_gen/plan_gen/web/backend/event_bench_refresh.py", line 134, in main
    candidates = [asdict(item) for item in collector()]
                                           ^^^^^^^^^^^
  File "/home/runner/work/plan_gen/plan_gen/web/backend/app/event_bench/nexon_sample.py", line 248, in collect_talesweaver_events
    first_soup = BeautifulSoup(_fetch_talesweaver_html(), "html.parser")
                               ^^^^^^^^^^^^^^^^^^^^^^^^^
  File "/home/runner/work/plan_gen/plan_gen/web/backend/app/event_bench/nexon_sample.py", line 117, in _fetch_talesweaver_html
    result = subprocess.run(
             ^^^^^^^^^^^^^^^
  File "/opt/hostedtoolcache/Python/3.12.14/x64/lib/python3.12/subprocess.py", line 571, in run
    raise CalledProcessError(retcode, process.args,
subprocess.CalledProcessError: Command '['/usr/bin/curl', '-L', '--fail', '--silent', '--show-error', '--max-time', '20', '-A', 'Mozilla/5.0 (Windows NT 10.0; Win64; x64) AppleWebKit/537.36 Chrome/139 Safari/537.36', '-H', 'Accept-Language: ko-KR,ko;q=0.9', '-H', 'Referer: https://tales.nexon.com/', 'https://tales.nexon.com/News/Event']' returned non-zero exit status 22.
2026-08-26 03:38:37,559 INFO 엘소드: refreshed 24 ongoing candidates
2026-08-26 03:38:45,383 INFO 바람의나라: refreshed 4 ongoing candidates
2026-08-26 03:39:05,787 INFO 로스트아크: refreshed 10 ongoing candidates
2026-08-26 03:39:06,444 ERROR 리니지: refresh failed; kept previous archive state: collector returned no candidates
Traceback (most recent call last):
  File "/home/runner/work/plan_gen/plan_gen/web/backend/event_bench_refresh.py", line 136, in main
    raise RuntimeError("collector returned no candidates")
RuntimeError: collector returned no candidates
2026-08-26 03:40:05,000 INFO 검은사막: refreshed 23 ongoing candidates
2026-08-26 03:40:05,732 ERROR 거상: refresh failed; kept previous archive state: <urlopen error [Errno 104] Connection reset by peer>
Traceback (most recent call last):
  File "/opt/hostedtoolcache/Python/3.12.14/x64/lib/python3.12/urllib/request.py", line 1344, in do_open
    h.request(req.get_method(), req.selector, req.data, headers,
  File "/opt/hostedtoolcache/Python/3.12.14/x64/lib/python3.12/http/client.py", line 1386, in request
    self._send_request(method, url, body, headers, encode_chunked)
  File "/opt/hostedtoolcache/Python/3.12.14/x64/lib/python3.12/http/client.py", line 1432, in _send_request
    self.endheaders(body, encode_chunked=encode_chunked)
  File "/opt/hostedtoolcache/Python/3.12.14/x64/lib/python3.12/http/client.py", line 1381, in endheaders
    self._send_output(message_body, encode_chunked=encode_chunked)
  File "/opt/hostedtoolcache/Python/3.12.14/x64/lib/python3.12/http/client.py", line 1141, in _send_output
    self.send(msg)
  File "/opt/hostedtoolcache/Python/3.12.14/x64/lib/python3.12/http/client.py", line 1085, in send
    self.connect()
  File "/opt/hostedtoolcache/Python/3.12.14/x64/lib/python3.12/http/client.py", line 1527, in connect
    self.sock = self._context.wrap_socket(self.sock,
                ^^^^^^^^^^^^^^^^^^^^^^^^^^^^^^^^^^^^
  File "/opt/hostedtoolcache/Python/3.12.14/x64/lib/python3.12/ssl.py", line 455, in wrap_socket
    return self.sslsocket_class._create(
           ^^^^^^^^^^^^^^^^^^^^^^^^^^^^^
  File "/opt/hostedtoolcache/Python/3.12.14/x64/lib/python3.12/ssl.py", line 1041, in _create
    self.do_handshake()
  File "/opt/hostedtoolcache/Python/3.12.14/x64/lib/python3.12/ssl.py", line 1319, in do_handshake
    self._sslobj.do_handshake()
ConnectionResetError: [Errno 104] Connection reset by peer

During handling of the above exception, another exception occurred:

Traceback (most recent call last):
  File "/home/runner/work/plan_gen/plan_gen/web/backend/event_bench_refresh.py", line 134, in main
    candidates = [asdict(item) for item in collector()]
                                           ^^^^^^^^^^^
  File "/home/runner/work/plan_gen/plan_gen/web/backend/app/event_bench/nexon_sample.py", line 366, in collect_gersang_events
    soup = BeautifulSoup(_fetch_html(GERSANG_EVENTS_URL), "html.parser")
                         ^^^^^^^^^^^^^^^^^^^^^^^^^^^^^^^
  File "/home/runner/work/plan_gen/plan_gen/web/backend/app/event_bench/nexon_sample.py", line 58, in _fetch_html
    with urlopen(request, timeout=20) as response:  # noqa: S310 - explicit verified official URLs
         ^^^^^^^^^^^^^^^^^^^^^^^^^^^^
  File "/opt/hostedtoolcache/Python/3.12.14/x64/lib/python3.12/urllib/request.py", line 215, in urlopen
    return opener.open(url, data, timeout)
           ^^^^^^^^^^^^^^^^^^^^^^^^^^^^^^^
  File "/opt/hostedtoolcache/Python/3.12.14/x64/lib/python3.12/urllib/request.py", line 515, in open
    response = self._open(req, data)
               ^^^^^^^^^^^^^^^^^^^^^
  File "/opt/hostedtoolcache/Python/3.12.14/x64/lib/python3.12/urllib/request.py", line 532, in _open
    result = self._call_chain(self.handle_open, protocol, protocol +
             ^^^^^^^^^^^^^^^^^^^^^^^^^^^^^^^^^^^^^^^^^^^^^^^^^^^^^^^
  File "/opt/hostedtoolcache/Python/3.12.14/x64/lib/python3.12/urllib/request.py", line 492, in _call_chain
    result = func(*args)
             ^^^^^^^^^^^
  File "/opt/hostedtoolcache/Python/3.12.14/x64/lib/python3.12/urllib/request.py", line 1392, in https_open
    return self.do_open(http.client.HTTPSConnection, req,
           ^^^^^^^^^^^^^^^^^^^^^^^^^^^^^^^^^^^^^^^^^^^^^^
  File "/opt/hostedtoolcache/Python/3.12.14/x64/lib/python3.12/urllib/request.py", line 1347, in do_open
    raise URLError(err)
urllib.error.URLError: <urlopen error [Errno 104] Connection reset by peer>
2026-08-26 03:40:44,335 INFO 던전앤파이터: refreshed 26 ongoing candidates
2026-08-26 03:40:45,639 ERROR 테일즈런너: refresh failed; kept previous archive state: HTTP Error 403: Forbidden
Traceback (most recent call last):
  File "/home/runner/work/plan_gen/plan_gen/web/backend/event_bench_refresh.py", line 134, in main
    candidates = [asdict(item) for item in collector()]
                                           ^^^^^^^^^^^
  File "/home/runner/work/plan_gen/plan_gen/web/backend/app/event_bench/nexon_sample.py", line 514, in collect_talesrunner_events
    payload = json.loads(_fetch_html(TALESRUNNER_EVENT_API_URL))
                         ^^^^^^^^^^^^^^^^^^^^^^^^^^^^^^^^^^^^^^
  File "/home/runner/work/plan_gen/plan_gen/web/backend/app/event_bench/nexon_sample.py", line 58, in _fetch_html
    with urlopen(request, timeout=20) as response:  # noqa: S310 - explicit verified official URLs
         ^^^^^^^^^^^^^^^^^^^^^^^^^^^^
  File "/opt/hostedtoolcache/Python/3.12.14/x64/lib/python3.12/urllib/request.py", line 215, in urlopen
    return opener.open(url, data, timeout)
           ^^^^^^^^^^^^^^^^^^^^^^^^^^^^^^^
  File "/opt/hostedtoolcache/Python/3.12.14/x64/lib/python3.12/urllib/request.py", line 521, in open
    response = meth(req, response)
               ^^^^^^^^^^^^^^^^^^^
  File "/opt/hostedtoolcache/Python/3.12.14/x64/lib/python3.12/urllib/request.py", line 630, in http_response
    response = self.parent.error(
               ^^^^^^^^^^^^^^^^^^
  File "/opt/hostedtoolcache/Python/3.12.14/x64/lib/python3.12/urllib/request.py", line 559, in error
    return self._call_chain(*args)
           ^^^^^^^^^^^^^^^^^^^^^^^
  File "/opt/hostedtoolcache/Python/3.12.14/x64/lib/python3.12/urllib/request.py", line 492, in _call_chain
    result = func(*args)
             ^^^^^^^^^^^
  File "/opt/hostedtoolcache/Python/3.12.14/x64/lib/python3.12/urllib/request.py", line 639, in http_error_default
    raise HTTPError(req.full_url, code, msg, hdrs, fp)
urllib.error.HTTPError: HTTP Error 403: Forbidden
2026-08-26 03:40:51,805 INFO 카운터스트라이크 온라인: refreshed 2 ongoing candidates
2026-08-26 03:40:56,423 INFO 마비노기 영웅전: refreshed 17 ongoing candidates
2026-08-26 03:40:57,273 INFO 라그나로크: refreshed 10 ongoing candidates
2026-08-26 03:40:57,277 INFO Refresh complete: 190 total archived / 179 active candidates
2026-08-26 03:52:35,376 INFO FC ONLINE: refreshed 15 ongoing candidates
2026-08-26 03:53:01,880 INFO 메이플스토리: refreshed 20 ongoing candidates
2026-08-26 03:53:02,066 ERROR 마비노기: refresh failed; kept previous archive state: HTTP Error 403: Forbidden
Traceback (most recent call last):
  File "/home/runner/work/plan_gen/plan_gen/web/backend/event_bench_refresh.py", line 134, in main
    candidates = [asdict(item) for item in collector()]
                                           ^^^^^^^^^^^
  File "/home/runner/work/plan_gen/plan_gen/web/backend/app/event_bench/nexon_sample.py", line 219, in collect_mabinogi_events
    first_soup = BeautifulSoup(_fetch_html(MABINOGI_EVENTS_URL), "html.parser")
                               ^^^^^^^^^^^^^^^^^^^^^^^^^^^^^^^^
  File "/home/runner/work/plan_gen/plan_gen/web/backend/app/event_bench/nexon_sample.py", line 58, in _fetch_html
    with urlopen(request, timeout=20) as response:  # noqa: S310 - explicit verified official URLs
         ^^^^^^^^^^^^^^^^^^^^^^^^^^^^
  File "/opt/hostedtoolcache/Python/3.12.14/x64/lib/python3.12/urllib/request.py", line 215, in urlopen
    return opener.open(url, data, timeout)
           ^^^^^^^^^^^^^^^^^^^^^^^^^^^^^^^
  File "/opt/hostedtoolcache/Python/3.12.14/x64/lib/python3.12/urllib/request.py", line 521, in open
    response = meth(req, response)
               ^^^^^^^^^^^^^^^^^^^
  File "/opt/hostedtoolcache/Python/3.12.14/x64/lib/python3.12/urllib/request.py", line 630, in http_response
    response = self.parent.error(
               ^^^^^^^^^^^^^^^^^^
  File "/opt/hostedtoolcache/Python/3.12.14/x64/lib/python3.12/urllib/request.py", line 559, in error
    return self._call_chain(*args)
           ^^^^^^^^^^^^^^^^^^^^^^^
  File "/opt/hostedtoolcache/Python/3.12.14/x64/lib/python3.12/urllib/request.py", line 492, in _call_chain
    result = func(*args)
             ^^^^^^^^^^^
  File "/opt/hostedtoolcache/Python/3.12.14/x64/lib/python3.12/urllib/request.py", line 639, in http_error_default
    raise HTTPError(req.full_url, code, msg, hdrs, fp)
urllib.error.HTTPError: HTTP Error 403: Forbidden
2026-08-26 03:53:02,301 ERROR 테일즈위버: refresh failed; kept previous archive state: Command '['/usr/bin/curl', '-L', '--fail', '--silent', '--show-error', '--max-time', '20', '-A', 'Mozilla/5.0 (Windows NT 10.0; Win64; x64) AppleWebKit/537.36 Chrome/139 Safari/537.36', '-H', 'Accept-Language: ko-KR,ko;q=0.9', '-H', 'Referer: https://tales.nexon.com/', 'https://tales.nexon.com/News/Event']' returned non-zero exit status 22.
Traceback (most recent call last):
  File "/home/runner/work/plan_gen/plan_gen/web/backend/event_bench_refresh.py", line 134, in main
    candidates = [asdict(item) for item in collector()]
                                           ^^^^^^^^^^^
  File "/home/runner/work/plan_gen/plan_gen/web/backend/app/event_bench/nexon_sample.py", line 248, in collect_talesweaver_events
    first_soup = BeautifulSoup(_fetch_talesweaver_html(), "html.parser")
                               ^^^^^^^^^^^^^^^^^^^^^^^^^
  File "/home/runner/work/plan_gen/plan_gen/web/backend/app/event_bench/nexon_sample.py", line 117, in _fetch_talesweaver_html
    result = subprocess.run(
             ^^^^^^^^^^^^^^^
  File "/opt/hostedtoolcache/Python/3.12.14/x64/lib/python3.12/subprocess.py", line 571, in run
    raise CalledProcessError(retcode, process.args,
subprocess.CalledProcessError: Command '['/usr/bin/curl', '-L', '--fail', '--silent', '--show-error', '--max-time', '20', '-A', 'Mozilla/5.0 (Windows NT 10.0; Win64; x64) AppleWebKit/537.36 Chrome/139 Safari/537.36', '-H', 'Accept-Language: ko-KR,ko;q=0.9', '-H', 'Referer: https://tales.nexon.com/', 'https://tales.nexon.com/News/Event']' returned non-zero exit status 22.
2026-08-26 03:53:39,472 INFO 엘소드: refreshed 24 ongoing candidates
2026-08-26 03:53:44,413 INFO 바람의나라: refreshed 4 ongoing candidates
2026-08-26 03:53:57,673 INFO 로스트아크: refreshed 10 ongoing candidates
2026-08-26 03:53:58,413 ERROR 리니지: refresh failed; kept previous archive state: collector returned no candidates
Traceback (most recent call last):
  File "/home/runner/work/plan_gen/plan_gen/web/backend/event_bench_refresh.py", line 136, in main
    raise RuntimeError("collector returned no candidates")
RuntimeError: collector returned no candidates
2026-08-26 03:54:41,861 INFO 검은사막: refreshed 23 ongoing candidates
2026-08-26 03:54:42,360 ERROR 거상: refresh failed; kept previous archive state: <urlopen error [Errno 104] Connection reset by peer>
Traceback (most recent call last):
  File "/opt/hostedtoolcache/Python/3.12.14/x64/lib/python3.12/urllib/request.py", line 1344, in do_open
    h.request(req.get_method(), req.selector, req.data, headers,
  File "/opt/hostedtoolcache/Python/3.12.14/x64/lib/python3.12/http/client.py", line 1386, in request
    self._send_request(method, url, body, headers, encode_chunked)
  File "/opt/hostedtoolcache/Python/3.12.14/x64/lib/python3.12/http/client.py", line 1432, in _send_request
    self.endheaders(body, encode_chunked=encode_chunked)
  File "/opt/hostedtoolcache/Python/3.12.14/x64/lib/python3.12/http/client.py", line 1381, in endheaders
    self._send_output(message_body, encode_chunked=encode_chunked)
  File "/opt/hostedtoolcache/Python/3.12.14/x64/lib/python3.12/http/client.py", line 1141, in _send_output
    self.send(msg)
  File "/opt/hostedtoolcache/Python/3.12.14/x64/lib/python3.12/http/client.py", line 1085, in send
    self.connect()
  File "/opt/hostedtoolcache/Python/3.12.14/x64/lib/python3.12/http/client.py", line 1527, in connect
    self.sock = self._context.wrap_socket(self.sock,
                ^^^^^^^^^^^^^^^^^^^^^^^^^^^^^^^^^^^^
  File "/opt/hostedtoolcache/Python/3.12.14/x64/lib/python3.12/ssl.py", line 455, in wrap_socket
    return self.sslsocket_class._create(
           ^^^^^^^^^^^^^^^^^^^^^^^^^^^^^
  File "/opt/hostedtoolcache/Python/3.12.14/x64/lib/python3.12/ssl.py", line 1041, in _create
    self.do_handshake()
  File "/opt/hostedtoolcache/Python/3.12.14/x64/lib/python3.12/ssl.py", line 1319, in do_handshake
    self._sslobj.do_handshake()
ConnectionResetError: [Errno 104] Connection reset by peer

During handling of the above exception, another exception occurred:

Traceback (most recent call last):
  File "/home/runner/work/plan_gen/plan_gen/web/backend/event_bench_refresh.py", line 134, in main
    candidates = [asdict(item) for item in collector()]
                                           ^^^^^^^^^^^
  File "/home/runner/work/plan_gen/plan_gen/web/backend/app/event_bench/nexon_sample.py", line 366, in collect_gersang_events
    soup = BeautifulSoup(_fetch_html(GERSANG_EVENTS_URL), "html.parser")
                         ^^^^^^^^^^^^^^^^^^^^^^^^^^^^^^^
  File "/home/runner/work/plan_gen/plan_gen/web/backend/app/event_bench/nexon_sample.py", line 58, in _fetch_html
    with urlopen(request, timeout=20) as response:  # noqa: S310 - explicit verified official URLs
         ^^^^^^^^^^^^^^^^^^^^^^^^^^^^
  File "/opt/hostedtoolcache/Python/3.12.14/x64/lib/python3.12/urllib/request.py", line 215, in urlopen
    return opener.open(url, data, timeout)
           ^^^^^^^^^^^^^^^^^^^^^^^^^^^^^^^
  File "/opt/hostedtoolcache/Python/3.12.14/x64/lib/python3.12/urllib/request.py", line 515, in open
    response = self._open(req, data)
               ^^^^^^^^^^^^^^^^^^^^^
  File "/opt/hostedtoolcache/Python/3.12.14/x64/lib/python3.12/urllib/request.py", line 532, in _open
    result = self._call_chain(self.handle_open, protocol, protocol +
             ^^^^^^^^^^^^^^^^^^^^^^^^^^^^^^^^^^^^^^^^^^^^^^^^^^^^^^^
  File "/opt/hostedtoolcache/Python/3.12.14/x64/lib/python3.12/urllib/request.py", line 492, in _call_chain
    result = func(*args)
             ^^^^^^^^^^^
  File "/opt/hostedtoolcache/Python/3.12.14/x64/lib/python3.12/urllib/request.py", line 1392, in https_open
    return self.do_open(http.client.HTTPSConnection, req,
           ^^^^^^^^^^^^^^^^^^^^^^^^^^^^^^^^^^^^^^^^^^^^^^
  File "/opt/hostedtoolcache/Python/3.12.14/x64/lib/python3.12/urllib/request.py", line 1347, in do_open
    raise URLError(err)
urllib.error.URLError: <urlopen error [Errno 104] Connection reset by peer>
2026-08-26 03:55:06,697 INFO 던전앤파이터: refreshed 26 ongoing candidates
2026-08-26 03:55:07,537 ERROR 테일즈런너: refresh failed; kept previous archive state: HTTP Error 403: Forbidden
Traceback (most recent call last):
  File "/home/runner/work/plan_gen/plan_gen/web/backend/event_bench_refresh.py", line 134, in main
    candidates = [asdict(item) for item in collector()]
                                           ^^^^^^^^^^^
  File "/home/runner/work/plan_gen/plan_gen/web/backend/app/event_bench/nexon_sample.py", line 514, in collect_talesrunner_events
    payload = json.loads(_fetch_html(TALESRUNNER_EVENT_API_URL))
                         ^^^^^^^^^^^^^^^^^^^^^^^^^^^^^^^^^^^^^^
  File "/home/runner/work/plan_gen/plan_gen/web/backend/app/event_bench/nexon_sample.py", line 58, in _fetch_html
    with urlopen(request, timeout=20) as response:  # noqa: S310 - explicit verified official URLs
         ^^^^^^^^^^^^^^^^^^^^^^^^^^^^
  File "/opt/hostedtoolcache/Python/3.12.14/x64/lib/python3.12/urllib/request.py", line 215, in urlopen
    return opener.open(url, data, timeout)
           ^^^^^^^^^^^^^^^^^^^^^^^^^^^^^^^
  File "/opt/hostedtoolcache/Python/3.12.14/x64/lib/python3.12/urllib/request.py", line 521, in open
    response = meth(req, response)
               ^^^^^^^^^^^^^^^^^^^
  File "/opt/hostedtoolcache/Python/3.12.14/x64/lib/python3.12/urllib/request.py", line 630, in http_response
    response = self.parent.error(
               ^^^^^^^^^^^^^^^^^^
  File "/opt/hostedtoolcache/Python/3.12.14/x64/lib/python3.12/urllib/request.py", line 559, in error
    return self._call_chain(*args)
           ^^^^^^^^^^^^^^^^^^^^^^^
  File "/opt/hostedtoolcache/Python/3.12.14/x64/lib/python3.12/urllib/request.py", line 492, in _call_chain
    result = func(*args)
             ^^^^^^^^^^^
  File "/opt/hostedtoolcache/Python/3.12.14/x64/lib/python3.12/urllib/request.py", line 639, in http_error_default
    raise HTTPError(req.full_url, code, msg, hdrs, fp)
urllib.error.HTTPError: HTTP Error 403: Forbidden
2026-08-26 03:55:11,162 INFO 카운터스트라이크 온라인: refreshed 2 ongoing candidates
2026-08-26 03:55:21,273 INFO 마비노기 영웅전: refreshed 17 ongoing candidates
2026-08-26 03:55:22,304 INFO 라그나로크: refreshed 10 ongoing candidates
2026-08-26 03:55:22,307 INFO Refresh complete: 190 total archived / 179 active candidates
2026-08-26 04:32:34,883 INFO FC ONLINE: refreshed 15 ongoing candidates
2026-08-26 04:33:16,345 INFO 메이플스토리: refreshed 20 ongoing candidates
2026-08-26 04:33:16,385 ERROR 마비노기: refresh failed; kept previous archive state: HTTP Error 403: Forbidden
Traceback (most recent call last):
  File "/home/runner/work/plan_gen/plan_gen/web/backend/event_bench_refresh.py", line 134, in main
    candidates = [asdict(item) for item in collector()]
                                           ^^^^^^^^^^^
  File "/home/runner/work/plan_gen/plan_gen/web/backend/app/event_bench/nexon_sample.py", line 219, in collect_mabinogi_events
    first_soup = BeautifulSoup(_fetch_html(MABINOGI_EVENTS_URL), "html.parser")
                               ^^^^^^^^^^^^^^^^^^^^^^^^^^^^^^^^
  File "/home/runner/work/plan_gen/plan_gen/web/backend/app/event_bench/nexon_sample.py", line 58, in _fetch_html
    with urlopen(request, timeout=20) as response:  # noqa: S310 - explicit verified official URLs
         ^^^^^^^^^^^^^^^^^^^^^^^^^^^^
  File "/opt/hostedtoolcache/Python/3.12.14/x64/lib/python3.12/urllib/request.py", line 215, in urlopen
    return opener.open(url, data, timeout)
           ^^^^^^^^^^^^^^^^^^^^^^^^^^^^^^^
  File "/opt/hostedtoolcache/Python/3.12.14/x64/lib/python3.12/urllib/request.py", line 521, in open
    response = meth(req, response)
               ^^^^^^^^^^^^^^^^^^^
  File "/opt/hostedtoolcache/Python/3.12.14/x64/lib/python3.12/urllib/request.py", line 630, in http_response
    response = self.parent.error(
               ^^^^^^^^^^^^^^^^^^
  File "/opt/hostedtoolcache/Python/3.12.14/x64/lib/python3.12/urllib/request.py", line 559, in error
    return self._call_chain(*args)
           ^^^^^^^^^^^^^^^^^^^^^^^
  File "/opt/hostedtoolcache/Python/3.12.14/x64/lib/python3.12/urllib/request.py", line 492, in _call_chain
    result = func(*args)
             ^^^^^^^^^^^
  File "/opt/hostedtoolcache/Python/3.12.14/x64/lib/python3.12/urllib/request.py", line 639, in http_error_default
    raise HTTPError(req.full_url, code, msg, hdrs, fp)
urllib.error.HTTPError: HTTP Error 403: Forbidden
2026-08-26 04:33:16,542 ERROR 테일즈위버: refresh failed; kept previous archive state: Command '['/usr/bin/curl', '-L', '--fail', '--silent', '--show-error', '--max-time', '20', '-A', 'Mozilla/5.0 (Windows NT 10.0; Win64; x64) AppleWebKit/537.36 Chrome/139 Safari/537.36', '-H', 'Accept-Language: ko-KR,ko;q=0.9', '-H', 'Referer: https://tales.nexon.com/', 'https://tales.nexon.com/News/Event']' returned non-zero exit status 22.
Traceback (most recent call last):
  File "/home/runner/work/plan_gen/plan_gen/web/backend/event_bench_refresh.py", line 134, in main
    candidates = [asdict(item) for item in collector()]
                                           ^^^^^^^^^^^
  File "/home/runner/work/plan_gen/plan_gen/web/backend/app/event_bench/nexon_sample.py", line 248, in collect_talesweaver_events
    first_soup = BeautifulSoup(_fetch_talesweaver_html(), "html.parser")
                               ^^^^^^^^^^^^^^^^^^^^^^^^^
  File "/home/runner/work/plan_gen/plan_gen/web/backend/app/event_bench/nexon_sample.py", line 117, in _fetch_talesweaver_html
    result = subprocess.run(
             ^^^^^^^^^^^^^^^
  File "/opt/hostedtoolcache/Python/3.12.14/x64/lib/python3.12/subprocess.py", line 571, in run
    raise CalledProcessError(retcode, process.args,
subprocess.CalledProcessError: Command '['/usr/bin/curl', '-L', '--fail', '--silent', '--show-error', '--max-time', '20', '-A', 'Mozilla/5.0 (Windows NT 10.0; Win64; x64) AppleWebKit/537.36 Chrome/139 Safari/537.36', '-H', 'Accept-Language: ko-KR,ko;q=0.9', '-H', 'Referer: https://tales.nexon.com/', 'https://tales.nexon.com/News/Event']' returned non-zero exit status 22.
2026-08-26 04:34:13,056 INFO 엘소드: refreshed 24 ongoing candidates
2026-08-26 04:34:21,482 INFO 바람의나라: refreshed 4 ongoing candidates
2026-08-26 04:34:43,327 INFO 로스트아크: refreshed 10 ongoing candidates
2026-08-26 04:34:43,962 ERROR 리니지: refresh failed; kept previous archive state: collector returned no candidates
Traceback (most recent call last):
  File "/home/runner/work/plan_gen/plan_gen/web/backend/event_bench_refresh.py", line 136, in main
    raise RuntimeError("collector returned no candidates")
RuntimeError: collector returned no candidates
2026-08-26 04:35:39,660 INFO 검은사막: refreshed 23 ongoing candidates
2026-08-26 04:35:40,394 ERROR 거상: refresh failed; kept previous archive state: <urlopen error [Errno 104] Connection reset by peer>
Traceback (most recent call last):
  File "/opt/hostedtoolcache/Python/3.12.14/x64/lib/python3.12/urllib/request.py", line 1344, in do_open
    h.request(req.get_method(), req.selector, req.data, headers,
  File "/opt/hostedtoolcache/Python/3.12.14/x64/lib/python3.12/http/client.py", line 1386, in request
    self._send_request(method, url, body, headers, encode_chunked)
  File "/opt/hostedtoolcache/Python/3.12.14/x64/lib/python3.12/http/client.py", line 1432, in _send_request
    self.endheaders(body, encode_chunked=encode_chunked)
  File "/opt/hostedtoolcache/Python/3.12.14/x64/lib/python3.12/http/client.py", line 1381, in endheaders
    self._send_output(message_body, encode_chunked=encode_chunked)
  File "/opt/hostedtoolcache/Python/3.12.14/x64/lib/python3.12/http/client.py", line 1141, in _send_output
    self.send(msg)
  File "/opt/hostedtoolcache/Python/3.12.14/x64/lib/python3.12/http/client.py", line 1085, in send
    self.connect()
  File "/opt/hostedtoolcache/Python/3.12.14/x64/lib/python3.12/http/client.py", line 1527, in connect
    self.sock = self._context.wrap_socket(self.sock,
                ^^^^^^^^^^^^^^^^^^^^^^^^^^^^^^^^^^^^
  File "/opt/hostedtoolcache/Python/3.12.14/x64/lib/python3.12/ssl.py", line 455, in wrap_socket
    return self.sslsocket_class._create(
           ^^^^^^^^^^^^^^^^^^^^^^^^^^^^^
  File "/opt/hostedtoolcache/Python/3.12.14/x64/lib/python3.12/ssl.py", line 1041, in _create
    self.do_handshake()
  File "/opt/hostedtoolcache/Python/3.12.14/x64/lib/python3.12/ssl.py", line 1319, in do_handshake
    self._sslobj.do_handshake()
ConnectionResetError: [Errno 104] Connection reset by peer

During handling of the above exception, another exception occurred:

Traceback (most recent call last):
  File "/home/runner/work/plan_gen/plan_gen/web/backend/event_bench_refresh.py", line 134, in main
    candidates = [asdict(item) for item in collector()]
                                           ^^^^^^^^^^^
  File "/home/runner/work/plan_gen/plan_gen/web/backend/app/event_bench/nexon_sample.py", line 366, in collect_gersang_events
    soup = BeautifulSoup(_fetch_html(GERSANG_EVENTS_URL), "html.parser")
                         ^^^^^^^^^^^^^^^^^^^^^^^^^^^^^^^
  File "/home/runner/work/plan_gen/plan_gen/web/backend/app/event_bench/nexon_sample.py", line 58, in _fetch_html
    with urlopen(request, timeout=20) as response:  # noqa: S310 - explicit verified official URLs
         ^^^^^^^^^^^^^^^^^^^^^^^^^^^^
  File "/opt/hostedtoolcache/Python/3.12.14/x64/lib/python3.12/urllib/request.py", line 215, in urlopen
    return opener.open(url, data, timeout)
           ^^^^^^^^^^^^^^^^^^^^^^^^^^^^^^^
  File "/opt/hostedtoolcache/Python/3.12.14/x64/lib/python3.12/urllib/request.py", line 515, in open
    response = self._open(req, data)
               ^^^^^^^^^^^^^^^^^^^^^
  File "/opt/hostedtoolcache/Python/3.12.14/x64/lib/python3.12/urllib/request.py", line 532, in _open
    result = self._call_chain(self.handle_open, protocol, protocol +
             ^^^^^^^^^^^^^^^^^^^^^^^^^^^^^^^^^^^^^^^^^^^^^^^^^^^^^^^
  File "/opt/hostedtoolcache/Python/3.12.14/x64/lib/python3.12/urllib/request.py", line 492, in _call_chain
    result = func(*args)
             ^^^^^^^^^^^
  File "/opt/hostedtoolcache/Python/3.12.14/x64/lib/python3.12/urllib/request.py", line 1392, in https_open
    return self.do_open(http.client.HTTPSConnection, req,
           ^^^^^^^^^^^^^^^^^^^^^^^^^^^^^^^^^^^^^^^^^^^^^^
  File "/opt/hostedtoolcache/Python/3.12.14/x64/lib/python3.12/urllib/request.py", line 1347, in do_open
    raise URLError(err)
urllib.error.URLError: <urlopen error [Errno 104] Connection reset by peer>
2026-08-26 04:36:11,437 INFO 던전앤파이터: refreshed 26 ongoing candidates
2026-08-26 04:36:12,924 ERROR 테일즈런너: refresh failed; kept previous archive state: HTTP Error 403: Forbidden
Traceback (most recent call last):
  File "/home/runner/work/plan_gen/plan_gen/web/backend/event_bench_refresh.py", line 134, in main
    candidates = [asdict(item) for item in collector()]
                                           ^^^^^^^^^^^
  File "/home/runner/work/plan_gen/plan_gen/web/backend/app/event_bench/nexon_sample.py", line 514, in collect_talesrunner_events
    payload = json.loads(_fetch_html(TALESRUNNER_EVENT_API_URL))
                         ^^^^^^^^^^^^^^^^^^^^^^^^^^^^^^^^^^^^^^
  File "/home/runner/work/plan_gen/plan_gen/web/backend/app/event_bench/nexon_sample.py", line 58, in _fetch_html
    with urlopen(request, timeout=20) as response:  # noqa: S310 - explicit verified official URLs
         ^^^^^^^^^^^^^^^^^^^^^^^^^^^^
  File "/opt/hostedtoolcache/Python/3.12.14/x64/lib/python3.12/urllib/request.py", line 215, in urlopen
    return opener.open(url, data, timeout)
           ^^^^^^^^^^^^^^^^^^^^^^^^^^^^^^^
  File "/opt/hostedtoolcache/Python/3.12.14/x64/lib/python3.12/urllib/request.py", line 521, in open
    response = meth(req, response)
               ^^^^^^^^^^^^^^^^^^^
  File "/opt/hostedtoolcache/Python/3.12.14/x64/lib/python3.12/urllib/request.py", line 630, in http_response
    response = self.parent.error(
               ^^^^^^^^^^^^^^^^^^
  File "/opt/hostedtoolcache/Python/3.12.14/x64/lib/python3.12/urllib/request.py", line 559, in error
    return self._call_chain(*args)
           ^^^^^^^^^^^^^^^^^^^^^^^
  File "/opt/hostedtoolcache/Python/3.12.14/x64/lib/python3.12/urllib/request.py", line 492, in _call_chain
    result = func(*args)
             ^^^^^^^^^^^
  File "/opt/hostedtoolcache/Python/3.12.14/x64/lib/python3.12/urllib/request.py", line 639, in http_error_default
    raise HTTPError(req.full_url, code, msg, hdrs, fp)
urllib.error.HTTPError: HTTP Error 403: Forbidden
2026-08-26 04:36:18,304 INFO 카운터스트라이크 온라인: refreshed 2 ongoing candidates
2026-08-26 04:36:20,185 INFO 마비노기 영웅전: refreshed 17 ongoing candidates
2026-08-26 04:36:21,024 INFO 라그나로크: refreshed 10 ongoing candidates
2026-08-26 04:36:21,027 INFO Refresh complete: 190 total archived / 179 active candidates
2026-08-26 05:23:51,642 INFO FC ONLINE: refreshed 15 ongoing candidates
2026-08-26 05:24:16,971 INFO 메이플스토리: refreshed 20 ongoing candidates
2026-08-26 05:24:17,100 ERROR 마비노기: refresh failed; kept previous archive state: HTTP Error 403: Forbidden
Traceback (most recent call last):
  File "/home/runner/work/plan_gen/plan_gen/web/backend/event_bench_refresh.py", line 134, in main
    candidates = [asdict(item) for item in collector()]
                                           ^^^^^^^^^^^
  File "/home/runner/work/plan_gen/plan_gen/web/backend/app/event_bench/nexon_sample.py", line 219, in collect_mabinogi_events
    first_soup = BeautifulSoup(_fetch_html(MABINOGI_EVENTS_URL), "html.parser")
                               ^^^^^^^^^^^^^^^^^^^^^^^^^^^^^^^^
  File "/home/runner/work/plan_gen/plan_gen/web/backend/app/event_bench/nexon_sample.py", line 58, in _fetch_html
    with urlopen(request, timeout=20) as response:  # noqa: S310 - explicit verified official URLs
         ^^^^^^^^^^^^^^^^^^^^^^^^^^^^
  File "/opt/hostedtoolcache/Python/3.12.14/x64/lib/python3.12/urllib/request.py", line 215, in urlopen
    return opener.open(url, data, timeout)
           ^^^^^^^^^^^^^^^^^^^^^^^^^^^^^^^
  File "/opt/hostedtoolcache/Python/3.12.14/x64/lib/python3.12/urllib/request.py", line 521, in open
    response = meth(req, response)
               ^^^^^^^^^^^^^^^^^^^
  File "/opt/hostedtoolcache/Python/3.12.14/x64/lib/python3.12/urllib/request.py", line 630, in http_response
    response = self.parent.error(
               ^^^^^^^^^^^^^^^^^^
  File "/opt/hostedtoolcache/Python/3.12.14/x64/lib/python3.12/urllib/request.py", line 559, in error
    return self._call_chain(*args)
           ^^^^^^^^^^^^^^^^^^^^^^^
  File "/opt/hostedtoolcache/Python/3.12.14/x64/lib/python3.12/urllib/request.py", line 492, in _call_chain
    result = func(*args)
             ^^^^^^^^^^^
  File "/opt/hostedtoolcache/Python/3.12.14/x64/lib/python3.12/urllib/request.py", line 639, in http_error_default
    raise HTTPError(req.full_url, code, msg, hdrs, fp)
urllib.error.HTTPError: HTTP Error 403: Forbidden
2026-08-26 05:24:17,252 ERROR 테일즈위버: refresh failed; kept previous archive state: Command '['/usr/bin/curl', '-L', '--fail', '--silent', '--show-error', '--max-time', '20', '-A', 'Mozilla/5.0 (Windows NT 10.0; Win64; x64) AppleWebKit/537.36 Chrome/139 Safari/537.36', '-H', 'Accept-Language: ko-KR,ko;q=0.9', '-H', 'Referer: https://tales.nexon.com/', 'https://tales.nexon.com/News/Event']' returned non-zero exit status 22.
Traceback (most recent call last):
  File "/home/runner/work/plan_gen/plan_gen/web/backend/event_bench_refresh.py", line 134, in main
    candidates = [asdict(item) for item in collector()]
                                           ^^^^^^^^^^^
  File "/home/runner/work/plan_gen/plan_gen/web/backend/app/event_bench/nexon_sample.py", line 248, in collect_talesweaver_events
    first_soup = BeautifulSoup(_fetch_talesweaver_html(), "html.parser")
                               ^^^^^^^^^^^^^^^^^^^^^^^^^
  File "/home/runner/work/plan_gen/plan_gen/web/backend/app/event_bench/nexon_sample.py", line 117, in _fetch_talesweaver_html
    result = subprocess.run(
             ^^^^^^^^^^^^^^^
  File "/opt/hostedtoolcache/Python/3.12.14/x64/lib/python3.12/subprocess.py", line 571, in run
    raise CalledProcessError(retcode, process.args,
subprocess.CalledProcessError: Command '['/usr/bin/curl', '-L', '--fail', '--silent', '--show-error', '--max-time', '20', '-A', 'Mozilla/5.0 (Windows NT 10.0; Win64; x64) AppleWebKit/537.36 Chrome/139 Safari/537.36', '-H', 'Accept-Language: ko-KR,ko;q=0.9', '-H', 'Referer: https://tales.nexon.com/', 'https://tales.nexon.com/News/Event']' returned non-zero exit status 22.
2026-08-26 05:24:55,616 INFO 엘소드: refreshed 24 ongoing candidates
2026-08-26 05:25:01,197 INFO 바람의나라: refreshed 4 ongoing candidates
2026-08-26 05:25:13,760 INFO 로스트아크: refreshed 10 ongoing candidates
2026-08-26 05:25:14,621 ERROR 리니지: refresh failed; kept previous archive state: collector returned no candidates
Traceback (most recent call last):
  File "/home/runner/work/plan_gen/plan_gen/web/backend/event_bench_refresh.py", line 136, in main
    raise RuntimeError("collector returned no candidates")
RuntimeError: collector returned no candidates
2026-08-26 05:25:57,173 INFO 검은사막: refreshed 23 ongoing candidates
2026-08-26 05:25:57,725 ERROR 거상: refresh failed; kept previous archive state: <urlopen error [Errno 104] Connection reset by peer>
Traceback (most recent call last):
  File "/opt/hostedtoolcache/Python/3.12.14/x64/lib/python3.12/urllib/request.py", line 1344, in do_open
    h.request(req.get_method(), req.selector, req.data, headers,
  File "/opt/hostedtoolcache/Python/3.12.14/x64/lib/python3.12/http/client.py", line 1386, in request
    self._send_request(method, url, body, headers, encode_chunked)
  File "/opt/hostedtoolcache/Python/3.12.14/x64/lib/python3.12/http/client.py", line 1432, in _send_request
    self.endheaders(body, encode_chunked=encode_chunked)
  File "/opt/hostedtoolcache/Python/3.12.14/x64/lib/python3.12/http/client.py", line 1381, in endheaders
    self._send_output(message_body, encode_chunked=encode_chunked)
  File "/opt/hostedtoolcache/Python/3.12.14/x64/lib/python3.12/http/client.py", line 1141, in _send_output
    self.send(msg)
  File "/opt/hostedtoolcache/Python/3.12.14/x64/lib/python3.12/http/client.py", line 1085, in send
    self.connect()
  File "/opt/hostedtoolcache/Python/3.12.14/x64/lib/python3.12/http/client.py", line 1527, in connect
    self.sock = self._context.wrap_socket(self.sock,
                ^^^^^^^^^^^^^^^^^^^^^^^^^^^^^^^^^^^^
  File "/opt/hostedtoolcache/Python/3.12.14/x64/lib/python3.12/ssl.py", line 455, in wrap_socket
    return self.sslsocket_class._create(
           ^^^^^^^^^^^^^^^^^^^^^^^^^^^^^
  File "/opt/hostedtoolcache/Python/3.12.14/x64/lib/python3.12/ssl.py", line 1041, in _create
    self.do_handshake()
  File "/opt/hostedtoolcache/Python/3.12.14/x64/lib/python3.12/ssl.py", line 1319, in do_handshake
    self._sslobj.do_handshake()
ConnectionResetError: [Errno 104] Connection reset by peer

During handling of the above exception, another exception occurred:

Traceback (most recent call last):
  File "/home/runner/work/plan_gen/plan_gen/web/backend/event_bench_refresh.py", line 134, in main
    candidates = [asdict(item) for item in collector()]
                                           ^^^^^^^^^^^
  File "/home/runner/work/plan_gen/plan_gen/web/backend/app/event_bench/nexon_sample.py", line 366, in collect_gersang_events
    soup = BeautifulSoup(_fetch_html(GERSANG_EVENTS_URL), "html.parser")
                         ^^^^^^^^^^^^^^^^^^^^^^^^^^^^^^^
  File "/home/runner/work/plan_gen/plan_gen/web/backend/app/event_bench/nexon_sample.py", line 58, in _fetch_html
    with urlopen(request, timeout=20) as response:  # noqa: S310 - explicit verified official URLs
         ^^^^^^^^^^^^^^^^^^^^^^^^^^^^
  File "/opt/hostedtoolcache/Python/3.12.14/x64/lib/python3.12/urllib/request.py", line 215, in urlopen
    return opener.open(url, data, timeout)
           ^^^^^^^^^^^^^^^^^^^^^^^^^^^^^^^
  File "/opt/hostedtoolcache/Python/3.12.14/x64/lib/python3.12/urllib/request.py", line 515, in open
    response = self._open(req, data)
               ^^^^^^^^^^^^^^^^^^^^^
  File "/opt/hostedtoolcache/Python/3.12.14/x64/lib/python3.12/urllib/request.py", line 532, in _open
    result = self._call_chain(self.handle_open, protocol, protocol +
             ^^^^^^^^^^^^^^^^^^^^^^^^^^^^^^^^^^^^^^^^^^^^^^^^^^^^^^^
  File "/opt/hostedtoolcache/Python/3.12.14/x64/lib/python3.12/urllib/request.py", line 492, in _call_chain
    result = func(*args)
             ^^^^^^^^^^^
  File "/opt/hostedtoolcache/Python/3.12.14/x64/lib/python3.12/urllib/request.py", line 1392, in https_open
    return self.do_open(http.client.HTTPSConnection, req,
           ^^^^^^^^^^^^^^^^^^^^^^^^^^^^^^^^^^^^^^^^^^^^^^
  File "/opt/hostedtoolcache/Python/3.12.14/x64/lib/python3.12/urllib/request.py", line 1347, in do_open
    raise URLError(err)
urllib.error.URLError: <urlopen error [Errno 104] Connection reset by peer>
2026-08-26 05:26:21,448 INFO 던전앤파이터: refreshed 26 ongoing candidates
2026-08-26 05:26:22,347 ERROR 테일즈런너: refresh failed; kept previous archive state: HTTP Error 403: Forbidden
Traceback (most recent call last):
  File "/home/runner/work/plan_gen/plan_gen/web/backend/event_bench_refresh.py", line 134, in main
    candidates = [asdict(item) for item in collector()]
                                           ^^^^^^^^^^^
  File "/home/runner/work/plan_gen/plan_gen/web/backend/app/event_bench/nexon_sample.py", line 514, in collect_talesrunner_events
    payload = json.loads(_fetch_html(TALESRUNNER_EVENT_API_URL))
                         ^^^^^^^^^^^^^^^^^^^^^^^^^^^^^^^^^^^^^^
  File "/home/runner/work/plan_gen/plan_gen/web/backend/app/event_bench/nexon_sample.py", line 58, in _fetch_html
    with urlopen(request, timeout=20) as response:  # noqa: S310 - explicit verified official URLs
         ^^^^^^^^^^^^^^^^^^^^^^^^^^^^
  File "/opt/hostedtoolcache/Python/3.12.14/x64/lib/python3.12/urllib/request.py", line 215, in urlopen
    return opener.open(url, data, timeout)
           ^^^^^^^^^^^^^^^^^^^^^^^^^^^^^^^
  File "/opt/hostedtoolcache/Python/3.12.14/x64/lib/python3.12/urllib/request.py", line 521, in open
    response = meth(req, response)
               ^^^^^^^^^^^^^^^^^^^
  File "/opt/hostedtoolcache/Python/3.12.14/x64/lib/python3.12/urllib/request.py", line 630, in http_response
    response = self.parent.error(
               ^^^^^^^^^^^^^^^^^^
  File "/opt/hostedtoolcache/Python/3.12.14/x64/lib/python3.12/urllib/request.py", line 559, in error
    return self._call_chain(*args)
           ^^^^^^^^^^^^^^^^^^^^^^^
  File "/opt/hostedtoolcache/Python/3.12.14/x64/lib/python3.12/urllib/request.py", line 492, in _call_chain
    result = func(*args)
             ^^^^^^^^^^^
  File "/opt/hostedtoolcache/Python/3.12.14/x64/lib/python3.12/urllib/request.py", line 639, in http_error_default
    raise HTTPError(req.full_url, code, msg, hdrs, fp)
urllib.error.HTTPError: HTTP Error 403: Forbidden
2026-08-26 05:26:26,878 INFO 카운터스트라이크 온라인: refreshed 2 ongoing candidates
2026-08-26 05:26:34,819 INFO 마비노기 영웅전: refreshed 17 ongoing candidates
2026-08-26 05:26:35,638 INFO 라그나로크: refreshed 10 ongoing candidates
2026-08-26 05:26:35,641 INFO Refresh complete: 190 total archived / 179 active candidates
2026-08-26 06:19:41,650 INFO FC ONLINE: refreshed 16 ongoing candidates
2026-08-26 06:20:21,997 INFO 메이플스토리: refreshed 20 ongoing candidates
2026-08-26 06:20:22,139 ERROR 마비노기: refresh failed; kept previous archive state: HTTP Error 403: Forbidden
Traceback (most recent call last):
  File "/home/runner/work/plan_gen/plan_gen/web/backend/event_bench_refresh.py", line 134, in main
    candidates = [asdict(item) for item in collector()]
                                           ^^^^^^^^^^^
  File "/home/runner/work/plan_gen/plan_gen/web/backend/app/event_bench/nexon_sample.py", line 219, in collect_mabinogi_events
    first_soup = BeautifulSoup(_fetch_html(MABINOGI_EVENTS_URL), "html.parser")
                               ^^^^^^^^^^^^^^^^^^^^^^^^^^^^^^^^
  File "/home/runner/work/plan_gen/plan_gen/web/backend/app/event_bench/nexon_sample.py", line 58, in _fetch_html
    with urlopen(request, timeout=20) as response:  # noqa: S310 - explicit verified official URLs
         ^^^^^^^^^^^^^^^^^^^^^^^^^^^^
  File "/opt/hostedtoolcache/Python/3.12.14/x64/lib/python3.12/urllib/request.py", line 215, in urlopen
    return opener.open(url, data, timeout)
           ^^^^^^^^^^^^^^^^^^^^^^^^^^^^^^^
  File "/opt/hostedtoolcache/Python/3.12.14/x64/lib/python3.12/urllib/request.py", line 521, in open
    response = meth(req, response)
               ^^^^^^^^^^^^^^^^^^^
  File "/opt/hostedtoolcache/Python/3.12.14/x64/lib/python3.12/urllib/request.py", line 630, in http_response
    response = self.parent.error(
               ^^^^^^^^^^^^^^^^^^
  File "/opt/hostedtoolcache/Python/3.12.14/x64/lib/python3.12/urllib/request.py", line 559, in error
    return self._call_chain(*args)
           ^^^^^^^^^^^^^^^^^^^^^^^
  File "/opt/hostedtoolcache/Python/3.12.14/x64/lib/python3.12/urllib/request.py", line 492, in _call_chain
    result = func(*args)
             ^^^^^^^^^^^
  File "/opt/hostedtoolcache/Python/3.12.14/x64/lib/python3.12/urllib/request.py", line 639, in http_error_default
    raise HTTPError(req.full_url, code, msg, hdrs, fp)
urllib.error.HTTPError: HTTP Error 403: Forbidden
2026-08-26 06:20:22,320 ERROR 테일즈위버: refresh failed; kept previous archive state: Command '['/usr/bin/curl', '-L', '--fail', '--silent', '--show-error', '--max-time', '20', '-A', 'Mozilla/5.0 (Windows NT 10.0; Win64; x64) AppleWebKit/537.36 Chrome/139 Safari/537.36', '-H', 'Accept-Language: ko-KR,ko;q=0.9', '-H', 'Referer: https://tales.nexon.com/', 'https://tales.nexon.com/News/Event']' returned non-zero exit status 22.
Traceback (most recent call last):
  File "/home/runner/work/plan_gen/plan_gen/web/backend/event_bench_refresh.py", line 134, in main
    candidates = [asdict(item) for item in collector()]
                                           ^^^^^^^^^^^
  File "/home/runner/work/plan_gen/plan_gen/web/backend/app/event_bench/nexon_sample.py", line 248, in collect_talesweaver_events
    first_soup = BeautifulSoup(_fetch_talesweaver_html(), "html.parser")
                               ^^^^^^^^^^^^^^^^^^^^^^^^^
  File "/home/runner/work/plan_gen/plan_gen/web/backend/app/event_bench/nexon_sample.py", line 117, in _fetch_talesweaver_html
    result = subprocess.run(
             ^^^^^^^^^^^^^^^
  File "/opt/hostedtoolcache/Python/3.12.14/x64/lib/python3.12/subprocess.py", line 571, in run
    raise CalledProcessError(retcode, process.args,
subprocess.CalledProcessError: Command '['/usr/bin/curl', '-L', '--fail', '--silent', '--show-error', '--max-time', '20', '-A', 'Mozilla/5.0 (Windows NT 10.0; Win64; x64) AppleWebKit/537.36 Chrome/139 Safari/537.36', '-H', 'Accept-Language: ko-KR,ko;q=0.9', '-H', 'Referer: https://tales.nexon.com/', 'https://tales.nexon.com/News/Event']' returned non-zero exit status 22.
2026-08-26 06:21:24,544 INFO 엘소드: refreshed 24 ongoing candidates
2026-08-26 06:21:32,638 INFO 바람의나라: refreshed 4 ongoing candidates
2026-08-26 06:21:53,015 INFO 로스트아크: refreshed 10 ongoing candidates
2026-08-26 06:21:53,841 ERROR 리니지: refresh failed; kept previous archive state: collector returned no candidates
Traceback (most recent call last):
  File "/home/runner/work/plan_gen/plan_gen/web/backend/event_bench_refresh.py", line 136, in main
    raise RuntimeError("collector returned no candidates")
RuntimeError: collector returned no candidates
2026-08-26 06:22:48,023 INFO 검은사막: refreshed 23 ongoing candidates
2026-08-26 06:22:48,763 ERROR 거상: refresh failed; kept previous archive state: <urlopen error [Errno 104] Connection reset by peer>
Traceback (most recent call last):
  File "/opt/hostedtoolcache/Python/3.12.14/x64/lib/python3.12/urllib/request.py", line 1344, in do_open
    h.request(req.get_method(), req.selector, req.data, headers,
  File "/opt/hostedtoolcache/Python/3.12.14/x64/lib/python3.12/http/client.py", line 1386, in request
    self._send_request(method, url, body, headers, encode_chunked)
  File "/opt/hostedtoolcache/Python/3.12.14/x64/lib/python3.12/http/client.py", line 1432, in _send_request
    self.endheaders(body, encode_chunked=encode_chunked)
  File "/opt/hostedtoolcache/Python/3.12.14/x64/lib/python3.12/http/client.py", line 1381, in endheaders
    self._send_output(message_body, encode_chunked=encode_chunked)
  File "/opt/hostedtoolcache/Python/3.12.14/x64/lib/python3.12/http/client.py", line 1141, in _send_output
    self.send(msg)
  File "/opt/hostedtoolcache/Python/3.12.14/x64/lib/python3.12/http/client.py", line 1085, in send
    self.connect()
  File "/opt/hostedtoolcache/Python/3.12.14/x64/lib/python3.12/http/client.py", line 1527, in connect
    self.sock = self._context.wrap_socket(self.sock,
                ^^^^^^^^^^^^^^^^^^^^^^^^^^^^^^^^^^^^
  File "/opt/hostedtoolcache/Python/3.12.14/x64/lib/python3.12/ssl.py", line 455, in wrap_socket
    return self.sslsocket_class._create(
           ^^^^^^^^^^^^^^^^^^^^^^^^^^^^^
  File "/opt/hostedtoolcache/Python/3.12.14/x64/lib/python3.12/ssl.py", line 1041, in _create
    self.do_handshake()
  File "/opt/hostedtoolcache/Python/3.12.14/x64/lib/python3.12/ssl.py", line 1319, in do_handshake
    self._sslobj.do_handshake()
ConnectionResetError: [Errno 104] Connection reset by peer

During handling of the above exception, another exception occurred:

Traceback (most recent call last):
  File "/home/runner/work/plan_gen/plan_gen/web/backend/event_bench_refresh.py", line 134, in main
    candidates = [asdict(item) for item in collector()]
                                           ^^^^^^^^^^^
  File "/home/runner/work/plan_gen/plan_gen/web/backend/app/event_bench/nexon_sample.py", line 366, in collect_gersang_events
    soup = BeautifulSoup(_fetch_html(GERSANG_EVENTS_URL), "html.parser")
                         ^^^^^^^^^^^^^^^^^^^^^^^^^^^^^^^
  File "/home/runner/work/plan_gen/plan_gen/web/backend/app/event_bench/nexon_sample.py", line 58, in _fetch_html
    with urlopen(request, timeout=20) as response:  # noqa: S310 - explicit verified official URLs
         ^^^^^^^^^^^^^^^^^^^^^^^^^^^^
  File "/opt/hostedtoolcache/Python/3.12.14/x64/lib/python3.12/urllib/request.py", line 215, in urlopen
    return opener.open(url, data, timeout)
           ^^^^^^^^^^^^^^^^^^^^^^^^^^^^^^^
  File "/opt/hostedtoolcache/Python/3.12.14/x64/lib/python3.12/urllib/request.py", line 515, in open
    response = self._open(req, data)
               ^^^^^^^^^^^^^^^^^^^^^
  File "/opt/hostedtoolcache/Python/3.12.14/x64/lib/python3.12/urllib/request.py", line 532, in _open
    result = self._call_chain(self.handle_open, protocol, protocol +
             ^^^^^^^^^^^^^^^^^^^^^^^^^^^^^^^^^^^^^^^^^^^^^^^^^^^^^^^
  File "/opt/hostedtoolcache/Python/3.12.14/x64/lib/python3.12/urllib/request.py", line 492, in _call_chain
    result = func(*args)
             ^^^^^^^^^^^
  File "/opt/hostedtoolcache/Python/3.12.14/x64/lib/python3.12/urllib/request.py", line 1392, in https_open
    return self.do_open(http.client.HTTPSConnection, req,
           ^^^^^^^^^^^^^^^^^^^^^^^^^^^^^^^^^^^^^^^^^^^^^^
  File "/opt/hostedtoolcache/Python/3.12.14/x64/lib/python3.12/urllib/request.py", line 1347, in do_open
    raise URLError(err)
urllib.error.URLError: <urlopen error [Errno 104] Connection reset by peer>
2026-08-26 06:23:27,891 INFO 던전앤파이터: refreshed 26 ongoing candidates
2026-08-26 06:23:29,189 ERROR 테일즈런너: refresh failed; kept previous archive state: HTTP Error 403: Forbidden
Traceback (most recent call last):
  File "/home/runner/work/plan_gen/plan_gen/web/backend/event_bench_refresh.py", line 134, in main
    candidates = [asdict(item) for item in collector()]
                                           ^^^^^^^^^^^
  File "/home/runner/work/plan_gen/plan_gen/web/backend/app/event_bench/nexon_sample.py", line 514, in collect_talesrunner_events
    payload = json.loads(_fetch_html(TALESRUNNER_EVENT_API_URL))
                         ^^^^^^^^^^^^^^^^^^^^^^^^^^^^^^^^^^^^^^
  File "/home/runner/work/plan_gen/plan_gen/web/backend/app/event_bench/nexon_sample.py", line 58, in _fetch_html
    with urlopen(request, timeout=20) as response:  # noqa: S310 - explicit verified official URLs
         ^^^^^^^^^^^^^^^^^^^^^^^^^^^^
  File "/opt/hostedtoolcache/Python/3.12.14/x64/lib/python3.12/urllib/request.py", line 215, in urlopen
    return opener.open(url, data, timeout)
           ^^^^^^^^^^^^^^^^^^^^^^^^^^^^^^^
  File "/opt/hostedtoolcache/Python/3.12.14/x64/lib/python3.12/urllib/request.py", line 521, in open
    response = meth(req, response)
               ^^^^^^^^^^^^^^^^^^^
  File "/opt/hostedtoolcache/Python/3.12.14/x64/lib/python3.12/urllib/request.py", line 630, in http_response
    response = self.parent.error(
               ^^^^^^^^^^^^^^^^^^
  File "/opt/hostedtoolcache/Python/3.12.14/x64/lib/python3.12/urllib/request.py", line 559, in error
    return self._call_chain(*args)
           ^^^^^^^^^^^^^^^^^^^^^^^
  File "/opt/hostedtoolcache/Python/3.12.14/x64/lib/python3.12/urllib/request.py", line 492, in _call_chain
    result = func(*args)
             ^^^^^^^^^^^
  File "/opt/hostedtoolcache/Python/3.12.14/x64/lib/python3.12/urllib/request.py", line 639, in http_error_default
    raise HTTPError(req.full_url, code, msg, hdrs, fp)
urllib.error.HTTPError: HTTP Error 403: Forbidden
2026-08-26 06:23:34,415 INFO 카운터스트라이크 온라인: refreshed 2 ongoing candidates
2026-08-26 06:23:36,286 INFO 마비노기 영웅전: refreshed 17 ongoing candidates
2026-08-26 06:23:37,214 INFO 라그나로크: refreshed 10 ongoing candidates
2026-08-26 06:23:37,217 INFO Refresh complete: 191 total archived / 180 active candidates
2026-08-26 06:42:32,653 INFO FC ONLINE: refreshed 16 ongoing candidates
2026-08-26 06:42:57,863 INFO 메이플스토리: refreshed 20 ongoing candidates
2026-08-26 06:42:58,091 ERROR 마비노기: refresh failed; kept previous archive state: HTTP Error 403: Forbidden
Traceback (most recent call last):
  File "/home/runner/work/plan_gen/plan_gen/web/backend/event_bench_refresh.py", line 134, in main
    candidates = [asdict(item) for item in collector()]
                                           ^^^^^^^^^^^
  File "/home/runner/work/plan_gen/plan_gen/web/backend/app/event_bench/nexon_sample.py", line 219, in collect_mabinogi_events
    first_soup = BeautifulSoup(_fetch_html(MABINOGI_EVENTS_URL), "html.parser")
                               ^^^^^^^^^^^^^^^^^^^^^^^^^^^^^^^^
  File "/home/runner/work/plan_gen/plan_gen/web/backend/app/event_bench/nexon_sample.py", line 58, in _fetch_html
    with urlopen(request, timeout=20) as response:  # noqa: S310 - explicit verified official URLs
         ^^^^^^^^^^^^^^^^^^^^^^^^^^^^
  File "/opt/hostedtoolcache/Python/3.12.14/x64/lib/python3.12/urllib/request.py", line 215, in urlopen
    return opener.open(url, data, timeout)
           ^^^^^^^^^^^^^^^^^^^^^^^^^^^^^^^
  File "/opt/hostedtoolcache/Python/3.12.14/x64/lib/python3.12/urllib/request.py", line 521, in open
    response = meth(req, response)
               ^^^^^^^^^^^^^^^^^^^
  File "/opt/hostedtoolcache/Python/3.12.14/x64/lib/python3.12/urllib/request.py", line 630, in http_response
    response = self.parent.error(
               ^^^^^^^^^^^^^^^^^^
  File "/opt/hostedtoolcache/Python/3.12.14/x64/lib/python3.12/urllib/request.py", line 559, in error
    return self._call_chain(*args)
           ^^^^^^^^^^^^^^^^^^^^^^^
  File "/opt/hostedtoolcache/Python/3.12.14/x64/lib/python3.12/urllib/request.py", line 492, in _call_chain
    result = func(*args)
             ^^^^^^^^^^^
  File "/opt/hostedtoolcache/Python/3.12.14/x64/lib/python3.12/urllib/request.py", line 639, in http_error_default
    raise HTTPError(req.full_url, code, msg, hdrs, fp)
urllib.error.HTTPError: HTTP Error 403: Forbidden
2026-08-26 06:42:58,249 ERROR 테일즈위버: refresh failed; kept previous archive state: Command '['/usr/bin/curl', '-L', '--fail', '--silent', '--show-error', '--max-time', '20', '-A', 'Mozilla/5.0 (Windows NT 10.0; Win64; x64) AppleWebKit/537.36 Chrome/139 Safari/537.36', '-H', 'Accept-Language: ko-KR,ko;q=0.9', '-H', 'Referer: https://tales.nexon.com/', 'https://tales.nexon.com/News/Event']' returned non-zero exit status 22.
Traceback (most recent call last):
  File "/home/runner/work/plan_gen/plan_gen/web/backend/event_bench_refresh.py", line 134, in main
    candidates = [asdict(item) for item in collector()]
                                           ^^^^^^^^^^^
  File "/home/runner/work/plan_gen/plan_gen/web/backend/app/event_bench/nexon_sample.py", line 248, in collect_talesweaver_events
    first_soup = BeautifulSoup(_fetch_talesweaver_html(), "html.parser")
                               ^^^^^^^^^^^^^^^^^^^^^^^^^
  File "/home/runner/work/plan_gen/plan_gen/web/backend/app/event_bench/nexon_sample.py", line 117, in _fetch_talesweaver_html
    result = subprocess.run(
             ^^^^^^^^^^^^^^^
  File "/opt/hostedtoolcache/Python/3.12.14/x64/lib/python3.12/subprocess.py", line 571, in run
    raise CalledProcessError(retcode, process.args,
subprocess.CalledProcessError: Command '['/usr/bin/curl', '-L', '--fail', '--silent', '--show-error', '--max-time', '20', '-A', 'Mozilla/5.0 (Windows NT 10.0; Win64; x64) AppleWebKit/537.36 Chrome/139 Safari/537.36', '-H', 'Accept-Language: ko-KR,ko;q=0.9', '-H', 'Referer: https://tales.nexon.com/', 'https://tales.nexon.com/News/Event']' returned non-zero exit status 22.
2026-08-26 06:43:41,818 INFO 엘소드: refreshed 24 ongoing candidates
2026-08-26 06:43:47,391 INFO 바람의나라: refreshed 4 ongoing candidates
2026-08-26 06:44:00,624 INFO 로스트아크: refreshed 10 ongoing candidates
2026-08-26 06:44:01,514 ERROR 리니지: refresh failed; kept previous archive state: collector returned no candidates
Traceback (most recent call last):
  File "/home/runner/work/plan_gen/plan_gen/web/backend/event_bench_refresh.py", line 136, in main
    raise RuntimeError("collector returned no candidates")
RuntimeError: collector returned no candidates
2026-08-26 06:44:45,358 INFO 검은사막: refreshed 23 ongoing candidates
2026-08-26 06:44:46,184 ERROR 거상: refresh failed; kept previous archive state: <urlopen error [Errno 104] Connection reset by peer>
Traceback (most recent call last):
  File "/opt/hostedtoolcache/Python/3.12.14/x64/lib/python3.12/urllib/request.py", line 1344, in do_open
    h.request(req.get_method(), req.selector, req.data, headers,
  File "/opt/hostedtoolcache/Python/3.12.14/x64/lib/python3.12/http/client.py", line 1386, in request
    self._send_request(method, url, body, headers, encode_chunked)
  File "/opt/hostedtoolcache/Python/3.12.14/x64/lib/python3.12/http/client.py", line 1432, in _send_request
    self.endheaders(body, encode_chunked=encode_chunked)
  File "/opt/hostedtoolcache/Python/3.12.14/x64/lib/python3.12/http/client.py", line 1381, in endheaders
    self._send_output(message_body, encode_chunked=encode_chunked)
  File "/opt/hostedtoolcache/Python/3.12.14/x64/lib/python3.12/http/client.py", line 1141, in _send_output
    self.send(msg)
  File "/opt/hostedtoolcache/Python/3.12.14/x64/lib/python3.12/http/client.py", line 1085, in send
    self.connect()
  File "/opt/hostedtoolcache/Python/3.12.14/x64/lib/python3.12/http/client.py", line 1527, in connect
    self.sock = self._context.wrap_socket(self.sock,
                ^^^^^^^^^^^^^^^^^^^^^^^^^^^^^^^^^^^^
  File "/opt/hostedtoolcache/Python/3.12.14/x64/lib/python3.12/ssl.py", line 455, in wrap_socket
    return self.sslsocket_class._create(
           ^^^^^^^^^^^^^^^^^^^^^^^^^^^^^
  File "/opt/hostedtoolcache/Python/3.12.14/x64/lib/python3.12/ssl.py", line 1041, in _create
    self.do_handshake()
  File "/opt/hostedtoolcache/Python/3.12.14/x64/lib/python3.12/ssl.py", line 1319, in do_handshake
    self._sslobj.do_handshake()
ConnectionResetError: [Errno 104] Connection reset by peer

During handling of the above exception, another exception occurred:

Traceback (most recent call last):
  File "/home/runner/work/plan_gen/plan_gen/web/backend/event_bench_refresh.py", line 134, in main
    candidates = [asdict(item) for item in collector()]
                                           ^^^^^^^^^^^
  File "/home/runner/work/plan_gen/plan_gen/web/backend/app/event_bench/nexon_sample.py", line 366, in collect_gersang_events
    soup = BeautifulSoup(_fetch_html(GERSANG_EVENTS_URL), "html.parser")
                         ^^^^^^^^^^^^^^^^^^^^^^^^^^^^^^^
  File "/home/runner/work/plan_gen/plan_gen/web/backend/app/event_bench/nexon_sample.py", line 58, in _fetch_html
    with urlopen(request, timeout=20) as response:  # noqa: S310 - explicit verified official URLs
         ^^^^^^^^^^^^^^^^^^^^^^^^^^^^
  File "/opt/hostedtoolcache/Python/3.12.14/x64/lib/python3.12/urllib/request.py", line 215, in urlopen
    return opener.open(url, data, timeout)
           ^^^^^^^^^^^^^^^^^^^^^^^^^^^^^^^
  File "/opt/hostedtoolcache/Python/3.12.14/x64/lib/python3.12/urllib/request.py", line 515, in open
    response = self._open(req, data)
               ^^^^^^^^^^^^^^^^^^^^^
  File "/opt/hostedtoolcache/Python/3.12.14/x64/lib/python3.12/urllib/request.py", line 532, in _open
    result = self._call_chain(self.handle_open, protocol, protocol +
             ^^^^^^^^^^^^^^^^^^^^^^^^^^^^^^^^^^^^^^^^^^^^^^^^^^^^^^^
  File "/opt/hostedtoolcache/Python/3.12.14/x64/lib/python3.12/urllib/request.py", line 492, in _call_chain
    result = func(*args)
             ^^^^^^^^^^^
  File "/opt/hostedtoolcache/Python/3.12.14/x64/lib/python3.12/urllib/request.py", line 1392, in https_open
    return self.do_open(http.client.HTTPSConnection, req,
           ^^^^^^^^^^^^^^^^^^^^^^^^^^^^^^^^^^^^^^^^^^^^^^
  File "/opt/hostedtoolcache/Python/3.12.14/x64/lib/python3.12/urllib/request.py", line 1347, in do_open
    raise URLError(err)
urllib.error.URLError: <urlopen error [Errno 104] Connection reset by peer>
2026-08-26 06:45:10,224 INFO 던전앤파이터: refreshed 26 ongoing candidates
2026-08-26 06:45:11,205 ERROR 테일즈런너: refresh failed; kept previous archive state: HTTP Error 403: Forbidden
Traceback (most recent call last):
  File "/home/runner/work/plan_gen/plan_gen/web/backend/event_bench_refresh.py", line 134, in main
    candidates = [asdict(item) for item in collector()]
                                           ^^^^^^^^^^^
  File "/home/runner/work/plan_gen/plan_gen/web/backend/app/event_bench/nexon_sample.py", line 514, in collect_talesrunner_events
    payload = json.loads(_fetch_html(TALESRUNNER_EVENT_API_URL))
                         ^^^^^^^^^^^^^^^^^^^^^^^^^^^^^^^^^^^^^^
  File "/home/runner/work/plan_gen/plan_gen/web/backend/app/event_bench/nexon_sample.py", line 58, in _fetch_html
    with urlopen(request, timeout=20) as response:  # noqa: S310 - explicit verified official URLs
         ^^^^^^^^^^^^^^^^^^^^^^^^^^^^
  File "/opt/hostedtoolcache/Python/3.12.14/x64/lib/python3.12/urllib/request.py", line 215, in urlopen
    return opener.open(url, data, timeout)
           ^^^^^^^^^^^^^^^^^^^^^^^^^^^^^^^
  File "/opt/hostedtoolcache/Python/3.12.14/x64/lib/python3.12/urllib/request.py", line 521, in open
    response = meth(req, response)
               ^^^^^^^^^^^^^^^^^^^
  File "/opt/hostedtoolcache/Python/3.12.14/x64/lib/python3.12/urllib/request.py", line 630, in http_response
    response = self.parent.error(
               ^^^^^^^^^^^^^^^^^^
  File "/opt/hostedtoolcache/Python/3.12.14/x64/lib/python3.12/urllib/request.py", line 559, in error
    return self._call_chain(*args)
           ^^^^^^^^^^^^^^^^^^^^^^^
  File "/opt/hostedtoolcache/Python/3.12.14/x64/lib/python3.12/urllib/request.py", line 492, in _call_chain
    result = func(*args)
             ^^^^^^^^^^^
  File "/opt/hostedtoolcache/Python/3.12.14/x64/lib/python3.12/urllib/request.py", line 639, in http_error_default
    raise HTTPError(req.full_url, code, msg, hdrs, fp)
urllib.error.HTTPError: HTTP Error 403: Forbidden
2026-08-26 06:45:15,196 INFO 카운터스트라이크 온라인: refreshed 2 ongoing candidates
2026-08-26 06:45:22,594 INFO 마비노기 영웅전: refreshed 17 ongoing candidates
2026-08-26 06:45:23,284 INFO 라그나로크: refreshed 10 ongoing candidates
2026-08-26 06:45:23,287 INFO Refresh complete: 191 total archived / 180 active candidates
2026-08-26 06:55:45,352 INFO FC ONLINE: refreshed 16 ongoing candidates
2026-08-26 06:56:12,894 INFO 메이플스토리: refreshed 20 ongoing candidates
2026-08-26 06:56:12,999 ERROR 마비노기: refresh failed; kept previous archive state: HTTP Error 403: Forbidden
Traceback (most recent call last):
  File "/home/runner/work/plan_gen/plan_gen/web/backend/event_bench_refresh.py", line 134, in main
    candidates = [asdict(item) for item in collector()]
                                           ^^^^^^^^^^^
  File "/home/runner/work/plan_gen/plan_gen/web/backend/app/event_bench/nexon_sample.py", line 219, in collect_mabinogi_events
    first_soup = BeautifulSoup(_fetch_html(MABINOGI_EVENTS_URL), "html.parser")
                               ^^^^^^^^^^^^^^^^^^^^^^^^^^^^^^^^
  File "/home/runner/work/plan_gen/plan_gen/web/backend/app/event_bench/nexon_sample.py", line 58, in _fetch_html
    with urlopen(request, timeout=20) as response:  # noqa: S310 - explicit verified official URLs
         ^^^^^^^^^^^^^^^^^^^^^^^^^^^^
  File "/opt/hostedtoolcache/Python/3.12.14/x64/lib/python3.12/urllib/request.py", line 215, in urlopen
    return opener.open(url, data, timeout)
           ^^^^^^^^^^^^^^^^^^^^^^^^^^^^^^^
  File "/opt/hostedtoolcache/Python/3.12.14/x64/lib/python3.12/urllib/request.py", line 521, in open
    response = meth(req, response)
               ^^^^^^^^^^^^^^^^^^^
  File "/opt/hostedtoolcache/Python/3.12.14/x64/lib/python3.12/urllib/request.py", line 630, in http_response
    response = self.parent.error(
               ^^^^^^^^^^^^^^^^^^
  File "/opt/hostedtoolcache/Python/3.12.14/x64/lib/python3.12/urllib/request.py", line 559, in error
    return self._call_chain(*args)
           ^^^^^^^^^^^^^^^^^^^^^^^
  File "/opt/hostedtoolcache/Python/3.12.14/x64/lib/python3.12/urllib/request.py", line 492, in _call_chain
    result = func(*args)
             ^^^^^^^^^^^
  File "/opt/hostedtoolcache/Python/3.12.14/x64/lib/python3.12/urllib/request.py", line 639, in http_error_default
    raise HTTPError(req.full_url, code, msg, hdrs, fp)
urllib.error.HTTPError: HTTP Error 403: Forbidden
2026-08-26 06:56:13,195 ERROR 테일즈위버: refresh failed; kept previous archive state: Command '['/usr/bin/curl', '-L', '--fail', '--silent', '--show-error', '--max-time', '20', '-A', 'Mozilla/5.0 (Windows NT 10.0; Win64; x64) AppleWebKit/537.36 Chrome/139 Safari/537.36', '-H', 'Accept-Language: ko-KR,ko;q=0.9', '-H', 'Referer: https://tales.nexon.com/', 'https://tales.nexon.com/News/Event']' returned non-zero exit status 22.
Traceback (most recent call last):
  File "/home/runner/work/plan_gen/plan_gen/web/backend/event_bench_refresh.py", line 134, in main
    candidates = [asdict(item) for item in collector()]
                                           ^^^^^^^^^^^
  File "/home/runner/work/plan_gen/plan_gen/web/backend/app/event_bench/nexon_sample.py", line 248, in collect_talesweaver_events
    first_soup = BeautifulSoup(_fetch_talesweaver_html(), "html.parser")
                               ^^^^^^^^^^^^^^^^^^^^^^^^^
  File "/home/runner/work/plan_gen/plan_gen/web/backend/app/event_bench/nexon_sample.py", line 117, in _fetch_talesweaver_html
    result = subprocess.run(
             ^^^^^^^^^^^^^^^
  File "/opt/hostedtoolcache/Python/3.12.14/x64/lib/python3.12/subprocess.py", line 571, in run
    raise CalledProcessError(retcode, process.args,
subprocess.CalledProcessError: Command '['/usr/bin/curl', '-L', '--fail', '--silent', '--show-error', '--max-time', '20', '-A', 'Mozilla/5.0 (Windows NT 10.0; Win64; x64) AppleWebKit/537.36 Chrome/139 Safari/537.36', '-H', 'Accept-Language: ko-KR,ko;q=0.9', '-H', 'Referer: https://tales.nexon.com/', 'https://tales.nexon.com/News/Event']' returned non-zero exit status 22.
2026-08-26 06:56:50,669 INFO 엘소드: refreshed 24 ongoing candidates
2026-08-26 06:56:56,849 INFO 바람의나라: refreshed 4 ongoing candidates
2026-08-26 06:57:10,159 INFO 로스트아크: refreshed 10 ongoing candidates
2026-08-26 06:57:10,787 ERROR 리니지: refresh failed; kept previous archive state: collector returned no candidates
Traceback (most recent call last):
  File "/home/runner/work/plan_gen/plan_gen/web/backend/event_bench_refresh.py", line 136, in main
    raise RuntimeError("collector returned no candidates")
RuntimeError: collector returned no candidates
2026-08-26 06:57:49,135 INFO 검은사막: refreshed 23 ongoing candidates
2026-08-26 06:57:49,925 ERROR 거상: refresh failed; kept previous archive state: <urlopen error [Errno 104] Connection reset by peer>
Traceback (most recent call last):
  File "/opt/hostedtoolcache/Python/3.12.14/x64/lib/python3.12/urllib/request.py", line 1344, in do_open
    h.request(req.get_method(), req.selector, req.data, headers,
  File "/opt/hostedtoolcache/Python/3.12.14/x64/lib/python3.12/http/client.py", line 1386, in request
    self._send_request(method, url, body, headers, encode_chunked)
  File "/opt/hostedtoolcache/Python/3.12.14/x64/lib/python3.12/http/client.py", line 1432, in _send_request
    self.endheaders(body, encode_chunked=encode_chunked)
  File "/opt/hostedtoolcache/Python/3.12.14/x64/lib/python3.12/http/client.py", line 1381, in endheaders
    self._send_output(message_body, encode_chunked=encode_chunked)
  File "/opt/hostedtoolcache/Python/3.12.14/x64/lib/python3.12/http/client.py", line 1141, in _send_output
    self.send(msg)
  File "/opt/hostedtoolcache/Python/3.12.14/x64/lib/python3.12/http/client.py", line 1085, in send
    self.connect()
  File "/opt/hostedtoolcache/Python/3.12.14/x64/lib/python3.12/http/client.py", line 1527, in connect
    self.sock = self._context.wrap_socket(self.sock,
                ^^^^^^^^^^^^^^^^^^^^^^^^^^^^^^^^^^^^
  File "/opt/hostedtoolcache/Python/3.12.14/x64/lib/python3.12/ssl.py", line 455, in wrap_socket
    return self.sslsocket_class._create(
           ^^^^^^^^^^^^^^^^^^^^^^^^^^^^^
  File "/opt/hostedtoolcache/Python/3.12.14/x64/lib/python3.12/ssl.py", line 1041, in _create
    self.do_handshake()
  File "/opt/hostedtoolcache/Python/3.12.14/x64/lib/python3.12/ssl.py", line 1319, in do_handshake
    self._sslobj.do_handshake()
ConnectionResetError: [Errno 104] Connection reset by peer

During handling of the above exception, another exception occurred:

Traceback (most recent call last):
  File "/home/runner/work/plan_gen/plan_gen/web/backend/event_bench_refresh.py", line 134, in main
    candidates = [asdict(item) for item in collector()]
                                           ^^^^^^^^^^^
  File "/home/runner/work/plan_gen/plan_gen/web/backend/app/event_bench/nexon_sample.py", line 366, in collect_gersang_events
    soup = BeautifulSoup(_fetch_html(GERSANG_EVENTS_URL), "html.parser")
                         ^^^^^^^^^^^^^^^^^^^^^^^^^^^^^^^
  File "/home/runner/work/plan_gen/plan_gen/web/backend/app/event_bench/nexon_sample.py", line 58, in _fetch_html
    with urlopen(request, timeout=20) as response:  # noqa: S310 - explicit verified official URLs
         ^^^^^^^^^^^^^^^^^^^^^^^^^^^^
  File "/opt/hostedtoolcache/Python/3.12.14/x64/lib/python3.12/urllib/request.py", line 215, in urlopen
    return opener.open(url, data, timeout)
           ^^^^^^^^^^^^^^^^^^^^^^^^^^^^^^^
  File "/opt/hostedtoolcache/Python/3.12.14/x64/lib/python3.12/urllib/request.py", line 515, in open
    response = self._open(req, data)
               ^^^^^^^^^^^^^^^^^^^^^
  File "/opt/hostedtoolcache/Python/3.12.14/x64/lib/python3.12/urllib/request.py", line 532, in _open
    result = self._call_chain(self.handle_open, protocol, protocol +
             ^^^^^^^^^^^^^^^^^^^^^^^^^^^^^^^^^^^^^^^^^^^^^^^^^^^^^^^
  File "/opt/hostedtoolcache/Python/3.12.14/x64/lib/python3.12/urllib/request.py", line 492, in _call_chain
    result = func(*args)
             ^^^^^^^^^^^
  File "/opt/hostedtoolcache/Python/3.12.14/x64/lib/python3.12/urllib/request.py", line 1392, in https_open
    return self.do_open(http.client.HTTPSConnection, req,
           ^^^^^^^^^^^^^^^^^^^^^^^^^^^^^^^^^^^^^^^^^^^^^^
  File "/opt/hostedtoolcache/Python/3.12.14/x64/lib/python3.12/urllib/request.py", line 1347, in do_open
    raise URLError(err)
urllib.error.URLError: <urlopen error [Errno 104] Connection reset by peer>
2026-08-26 06:58:12,003 INFO 던전앤파이터: refreshed 26 ongoing candidates
2026-08-26 06:58:12,868 ERROR 테일즈런너: refresh failed; kept previous archive state: HTTP Error 403: Forbidden
Traceback (most recent call last):
  File "/home/runner/work/plan_gen/plan_gen/web/backend/event_bench_refresh.py", line 134, in main
    candidates = [asdict(item) for item in collector()]
                                           ^^^^^^^^^^^
  File "/home/runner/work/plan_gen/plan_gen/web/backend/app/event_bench/nexon_sample.py", line 514, in collect_talesrunner_events
    payload = json.loads(_fetch_html(TALESRUNNER_EVENT_API_URL))
                         ^^^^^^^^^^^^^^^^^^^^^^^^^^^^^^^^^^^^^^
  File "/home/runner/work/plan_gen/plan_gen/web/backend/app/event_bench/nexon_sample.py", line 58, in _fetch_html
    with urlopen(request, timeout=20) as response:  # noqa: S310 - explicit verified official URLs
         ^^^^^^^^^^^^^^^^^^^^^^^^^^^^
  File "/opt/hostedtoolcache/Python/3.12.14/x64/lib/python3.12/urllib/request.py", line 215, in urlopen
    return opener.open(url, data, timeout)
           ^^^^^^^^^^^^^^^^^^^^^^^^^^^^^^^
  File "/opt/hostedtoolcache/Python/3.12.14/x64/lib/python3.12/urllib/request.py", line 521, in open
    response = meth(req, response)
               ^^^^^^^^^^^^^^^^^^^
  File "/opt/hostedtoolcache/Python/3.12.14/x64/lib/python3.12/urllib/request.py", line 630, in http_response
    response = self.parent.error(
               ^^^^^^^^^^^^^^^^^^
  File "/opt/hostedtoolcache/Python/3.12.14/x64/lib/python3.12/urllib/request.py", line 559, in error
    return self._call_chain(*args)
           ^^^^^^^^^^^^^^^^^^^^^^^
  File "/opt/hostedtoolcache/Python/3.12.14/x64/lib/python3.12/urllib/request.py", line 492, in _call_chain
    result = func(*args)
             ^^^^^^^^^^^
  File "/opt/hostedtoolcache/Python/3.12.14/x64/lib/python3.12/urllib/request.py", line 639, in http_error_default
    raise HTTPError(req.full_url, code, msg, hdrs, fp)
urllib.error.HTTPError: HTTP Error 403: Forbidden
2026-08-26 06:58:16,497 INFO 카운터스트라이크 온라인: refreshed 2 ongoing candidates
2026-08-26 06:58:23,268 INFO 마비노기 영웅전: refreshed 17 ongoing candidates
2026-08-26 06:58:23,917 INFO 라그나로크: refreshed 10 ongoing candidates
2026-08-26 06:58:23,920 INFO Refresh complete: 191 total archived / 180 active candidates
2026-08-26 07:13:20,125 INFO FC ONLINE: refreshed 16 ongoing candidates
2026-08-26 07:13:48,051 INFO 메이플스토리: refreshed 20 ongoing candidates
2026-08-26 07:13:48,178 ERROR 마비노기: refresh failed; kept previous archive state: HTTP Error 403: Forbidden
Traceback (most recent call last):
  File "/home/runner/work/plan_gen/plan_gen/web/backend/event_bench_refresh.py", line 134, in main
    candidates = [asdict(item) for item in collector()]
                                           ^^^^^^^^^^^
  File "/home/runner/work/plan_gen/plan_gen/web/backend/app/event_bench/nexon_sample.py", line 219, in collect_mabinogi_events
    first_soup = BeautifulSoup(_fetch_html(MABINOGI_EVENTS_URL), "html.parser")
                               ^^^^^^^^^^^^^^^^^^^^^^^^^^^^^^^^
  File "/home/runner/work/plan_gen/plan_gen/web/backend/app/event_bench/nexon_sample.py", line 58, in _fetch_html
    with urlopen(request, timeout=20) as response:  # noqa: S310 - explicit verified official URLs
         ^^^^^^^^^^^^^^^^^^^^^^^^^^^^
  File "/opt/hostedtoolcache/Python/3.12.14/x64/lib/python3.12/urllib/request.py", line 215, in urlopen
    return opener.open(url, data, timeout)
           ^^^^^^^^^^^^^^^^^^^^^^^^^^^^^^^
  File "/opt/hostedtoolcache/Python/3.12.14/x64/lib/python3.12/urllib/request.py", line 521, in open
    response = meth(req, response)
               ^^^^^^^^^^^^^^^^^^^
  File "/opt/hostedtoolcache/Python/3.12.14/x64/lib/python3.12/urllib/request.py", line 630, in http_response
    response = self.parent.error(
               ^^^^^^^^^^^^^^^^^^
  File "/opt/hostedtoolcache/Python/3.12.14/x64/lib/python3.12/urllib/request.py", line 559, in error
    return self._call_chain(*args)
           ^^^^^^^^^^^^^^^^^^^^^^^
  File "/opt/hostedtoolcache/Python/3.12.14/x64/lib/python3.12/urllib/request.py", line 492, in _call_chain
    result = func(*args)
             ^^^^^^^^^^^
  File "/opt/hostedtoolcache/Python/3.12.14/x64/lib/python3.12/urllib/request.py", line 639, in http_error_default
    raise HTTPError(req.full_url, code, msg, hdrs, fp)
urllib.error.HTTPError: HTTP Error 403: Forbidden
2026-08-26 07:13:48,353 ERROR 테일즈위버: refresh failed; kept previous archive state: Command '['/usr/bin/curl', '-L', '--fail', '--silent', '--show-error', '--max-time', '20', '-A', 'Mozilla/5.0 (Windows NT 10.0; Win64; x64) AppleWebKit/537.36 Chrome/139 Safari/537.36', '-H', 'Accept-Language: ko-KR,ko;q=0.9', '-H', 'Referer: https://tales.nexon.com/', 'https://tales.nexon.com/News/Event']' returned non-zero exit status 22.
Traceback (most recent call last):
  File "/home/runner/work/plan_gen/plan_gen/web/backend/event_bench_refresh.py", line 134, in main
    candidates = [asdict(item) for item in collector()]
                                           ^^^^^^^^^^^
  File "/home/runner/work/plan_gen/plan_gen/web/backend/app/event_bench/nexon_sample.py", line 248, in collect_talesweaver_events
    first_soup = BeautifulSoup(_fetch_talesweaver_html(), "html.parser")
                               ^^^^^^^^^^^^^^^^^^^^^^^^^
  File "/home/runner/work/plan_gen/plan_gen/web/backend/app/event_bench/nexon_sample.py", line 117, in _fetch_talesweaver_html
    result = subprocess.run(
             ^^^^^^^^^^^^^^^
  File "/opt/hostedtoolcache/Python/3.12.14/x64/lib/python3.12/subprocess.py", line 571, in run
    raise CalledProcessError(retcode, process.args,
subprocess.CalledProcessError: Command '['/usr/bin/curl', '-L', '--fail', '--silent', '--show-error', '--max-time', '20', '-A', 'Mozilla/5.0 (Windows NT 10.0; Win64; x64) AppleWebKit/537.36 Chrome/139 Safari/537.36', '-H', 'Accept-Language: ko-KR,ko;q=0.9', '-H', 'Referer: https://tales.nexon.com/', 'https://tales.nexon.com/News/Event']' returned non-zero exit status 22.
2026-08-26 07:14:25,518 INFO 엘소드: refreshed 24 ongoing candidates
2026-08-26 07:14:30,692 INFO 바람의나라: refreshed 4 ongoing candidates
2026-08-26 07:14:44,351 INFO 로스트아크: refreshed 10 ongoing candidates
2026-08-26 07:14:45,192 ERROR 리니지: refresh failed; kept previous archive state: collector returned no candidates
Traceback (most recent call last):
  File "/home/runner/work/plan_gen/plan_gen/web/backend/event_bench_refresh.py", line 136, in main
    raise RuntimeError("collector returned no candidates")
RuntimeError: collector returned no candidates
2026-08-26 07:15:27,880 INFO 검은사막: refreshed 23 ongoing candidates
2026-08-26 07:15:28,426 ERROR 거상: refresh failed; kept previous archive state: <urlopen error [Errno 104] Connection reset by peer>
Traceback (most recent call last):
  File "/opt/hostedtoolcache/Python/3.12.14/x64/lib/python3.12/urllib/request.py", line 1344, in do_open
    h.request(req.get_method(), req.selector, req.data, headers,
  File "/opt/hostedtoolcache/Python/3.12.14/x64/lib/python3.12/http/client.py", line 1386, in request
    self._send_request(method, url, body, headers, encode_chunked)
  File "/opt/hostedtoolcache/Python/3.12.14/x64/lib/python3.12/http/client.py", line 1432, in _send_request
    self.endheaders(body, encode_chunked=encode_chunked)
  File "/opt/hostedtoolcache/Python/3.12.14/x64/lib/python3.12/http/client.py", line 1381, in endheaders
    self._send_output(message_body, encode_chunked=encode_chunked)
  File "/opt/hostedtoolcache/Python/3.12.14/x64/lib/python3.12/http/client.py", line 1141, in _send_output
    self.send(msg)
  File "/opt/hostedtoolcache/Python/3.12.14/x64/lib/python3.12/http/client.py", line 1085, in send
    self.connect()
  File "/opt/hostedtoolcache/Python/3.12.14/x64/lib/python3.12/http/client.py", line 1527, in connect
    self.sock = self._context.wrap_socket(self.sock,
                ^^^^^^^^^^^^^^^^^^^^^^^^^^^^^^^^^^^^
  File "/opt/hostedtoolcache/Python/3.12.14/x64/lib/python3.12/ssl.py", line 455, in wrap_socket
    return self.sslsocket_class._create(
           ^^^^^^^^^^^^^^^^^^^^^^^^^^^^^
  File "/opt/hostedtoolcache/Python/3.12.14/x64/lib/python3.12/ssl.py", line 1041, in _create
    self.do_handshake()
  File "/opt/hostedtoolcache/Python/3.12.14/x64/lib/python3.12/ssl.py", line 1319, in do_handshake
    self._sslobj.do_handshake()
ConnectionResetError: [Errno 104] Connection reset by peer

During handling of the above exception, another exception occurred:

Traceback (most recent call last):
  File "/home/runner/work/plan_gen/plan_gen/web/backend/event_bench_refresh.py", line 134, in main
    candidates = [asdict(item) for item in collector()]
                                           ^^^^^^^^^^^
  File "/home/runner/work/plan_gen/plan_gen/web/backend/app/event_bench/nexon_sample.py", line 366, in collect_gersang_events
    soup = BeautifulSoup(_fetch_html(GERSANG_EVENTS_URL), "html.parser")
                         ^^^^^^^^^^^^^^^^^^^^^^^^^^^^^^^
  File "/home/runner/work/plan_gen/plan_gen/web/backend/app/event_bench/nexon_sample.py", line 58, in _fetch_html
    with urlopen(request, timeout=20) as response:  # noqa: S310 - explicit verified official URLs
         ^^^^^^^^^^^^^^^^^^^^^^^^^^^^
  File "/opt/hostedtoolcache/Python/3.12.14/x64/lib/python3.12/urllib/request.py", line 215, in urlopen
    return opener.open(url, data, timeout)
           ^^^^^^^^^^^^^^^^^^^^^^^^^^^^^^^
  File "/opt/hostedtoolcache/Python/3.12.14/x64/lib/python3.12/urllib/request.py", line 515, in open
    response = self._open(req, data)
               ^^^^^^^^^^^^^^^^^^^^^
  File "/opt/hostedtoolcache/Python/3.12.14/x64/lib/python3.12/urllib/request.py", line 532, in _open
    result = self._call_chain(self.handle_open, protocol, protocol +
             ^^^^^^^^^^^^^^^^^^^^^^^^^^^^^^^^^^^^^^^^^^^^^^^^^^^^^^^
  File "/opt/hostedtoolcache/Python/3.12.14/x64/lib/python3.12/urllib/request.py", line 492, in _call_chain
    result = func(*args)
             ^^^^^^^^^^^
  File "/opt/hostedtoolcache/Python/3.12.14/x64/lib/python3.12/urllib/request.py", line 1392, in https_open
    return self.do_open(http.client.HTTPSConnection, req,
           ^^^^^^^^^^^^^^^^^^^^^^^^^^^^^^^^^^^^^^^^^^^^^^
  File "/opt/hostedtoolcache/Python/3.12.14/x64/lib/python3.12/urllib/request.py", line 1347, in do_open
    raise URLError(err)
urllib.error.URLError: <urlopen error [Errno 104] Connection reset by peer>
2026-08-26 07:15:53,119 INFO 던전앤파이터: refreshed 26 ongoing candidates
2026-08-26 07:15:54,114 ERROR 테일즈런너: refresh failed; kept previous archive state: HTTP Error 403: Forbidden
Traceback (most recent call last):
  File "/home/runner/work/plan_gen/plan_gen/web/backend/event_bench_refresh.py", line 134, in main
    candidates = [asdict(item) for item in collector()]
                                           ^^^^^^^^^^^
  File "/home/runner/work/plan_gen/plan_gen/web/backend/app/event_bench/nexon_sample.py", line 514, in collect_talesrunner_events
    payload = json.loads(_fetch_html(TALESRUNNER_EVENT_API_URL))
                         ^^^^^^^^^^^^^^^^^^^^^^^^^^^^^^^^^^^^^^
  File "/home/runner/work/plan_gen/plan_gen/web/backend/app/event_bench/nexon_sample.py", line 58, in _fetch_html
    with urlopen(request, timeout=20) as response:  # noqa: S310 - explicit verified official URLs
         ^^^^^^^^^^^^^^^^^^^^^^^^^^^^
  File "/opt/hostedtoolcache/Python/3.12.14/x64/lib/python3.12/urllib/request.py", line 215, in urlopen
    return opener.open(url, data, timeout)
           ^^^^^^^^^^^^^^^^^^^^^^^^^^^^^^^
  File "/opt/hostedtoolcache/Python/3.12.14/x64/lib/python3.12/urllib/request.py", line 521, in open
    response = meth(req, response)
               ^^^^^^^^^^^^^^^^^^^
  File "/opt/hostedtoolcache/Python/3.12.14/x64/lib/python3.12/urllib/request.py", line 630, in http_response
    response = self.parent.error(
               ^^^^^^^^^^^^^^^^^^
  File "/opt/hostedtoolcache/Python/3.12.14/x64/lib/python3.12/urllib/request.py", line 559, in error
    return self._call_chain(*args)
           ^^^^^^^^^^^^^^^^^^^^^^^
  File "/opt/hostedtoolcache/Python/3.12.14/x64/lib/python3.12/urllib/request.py", line 492, in _call_chain
    result = func(*args)
             ^^^^^^^^^^^
  File "/opt/hostedtoolcache/Python/3.12.14/x64/lib/python3.12/urllib/request.py", line 639, in http_error_default
    raise HTTPError(req.full_url, code, msg, hdrs, fp)
urllib.error.HTTPError: HTTP Error 403: Forbidden
2026-08-26 07:15:58,058 INFO 카운터스트라이크 온라인: refreshed 2 ongoing candidates
2026-08-26 07:16:10,206 INFO 마비노기 영웅전: refreshed 17 ongoing candidates
2026-08-26 07:16:11,513 INFO 라그나로크: refreshed 10 ongoing candidates
2026-08-26 07:16:11,516 INFO Refresh complete: 191 total archived / 180 active candidates
2026-08-26 07:40:29,868 INFO FC ONLINE: refreshed 16 ongoing candidates
2026-08-26 07:41:07,635 INFO 메이플스토리: refreshed 20 ongoing candidates
2026-08-26 07:41:07,783 ERROR 마비노기: refresh failed; kept previous archive state: HTTP Error 403: Forbidden
Traceback (most recent call last):
  File "/home/runner/work/plan_gen/plan_gen/web/backend/event_bench_refresh.py", line 134, in main
    candidates = [asdict(item) for item in collector()]
                                           ^^^^^^^^^^^
  File "/home/runner/work/plan_gen/plan_gen/web/backend/app/event_bench/nexon_sample.py", line 219, in collect_mabinogi_events
    first_soup = BeautifulSoup(_fetch_html(MABINOGI_EVENTS_URL), "html.parser")
                               ^^^^^^^^^^^^^^^^^^^^^^^^^^^^^^^^
  File "/home/runner/work/plan_gen/plan_gen/web/backend/app/event_bench/nexon_sample.py", line 58, in _fetch_html
    with urlopen(request, timeout=20) as response:  # noqa: S310 - explicit verified official URLs
         ^^^^^^^^^^^^^^^^^^^^^^^^^^^^
  File "/opt/hostedtoolcache/Python/3.12.14/x64/lib/python3.12/urllib/request.py", line 215, in urlopen
    return opener.open(url, data, timeout)
           ^^^^^^^^^^^^^^^^^^^^^^^^^^^^^^^
  File "/opt/hostedtoolcache/Python/3.12.14/x64/lib/python3.12/urllib/request.py", line 521, in open
    response = meth(req, response)
               ^^^^^^^^^^^^^^^^^^^
  File "/opt/hostedtoolcache/Python/3.12.14/x64/lib/python3.12/urllib/request.py", line 630, in http_response
    response = self.parent.error(
               ^^^^^^^^^^^^^^^^^^
  File "/opt/hostedtoolcache/Python/3.12.14/x64/lib/python3.12/urllib/request.py", line 559, in error
    return self._call_chain(*args)
           ^^^^^^^^^^^^^^^^^^^^^^^
  File "/opt/hostedtoolcache/Python/3.12.14/x64/lib/python3.12/urllib/request.py", line 492, in _call_chain
    result = func(*args)
             ^^^^^^^^^^^
  File "/opt/hostedtoolcache/Python/3.12.14/x64/lib/python3.12/urllib/request.py", line 639, in http_error_default
    raise HTTPError(req.full_url, code, msg, hdrs, fp)
urllib.error.HTTPError: HTTP Error 403: Forbidden
2026-08-26 07:41:07,939 ERROR 테일즈위버: refresh failed; kept previous archive state: Command '['/usr/bin/curl', '-L', '--fail', '--silent', '--show-error', '--max-time', '20', '-A', 'Mozilla/5.0 (Windows NT 10.0; Win64; x64) AppleWebKit/537.36 Chrome/139 Safari/537.36', '-H', 'Accept-Language: ko-KR,ko;q=0.9', '-H', 'Referer: https://tales.nexon.com/', 'https://tales.nexon.com/News/Event']' returned non-zero exit status 22.
Traceback (most recent call last):
  File "/home/runner/work/plan_gen/plan_gen/web/backend/event_bench_refresh.py", line 134, in main
    candidates = [asdict(item) for item in collector()]
                                           ^^^^^^^^^^^
  File "/home/runner/work/plan_gen/plan_gen/web/backend/app/event_bench/nexon_sample.py", line 248, in collect_talesweaver_events
    first_soup = BeautifulSoup(_fetch_talesweaver_html(), "html.parser")
                               ^^^^^^^^^^^^^^^^^^^^^^^^^
  File "/home/runner/work/plan_gen/plan_gen/web/backend/app/event_bench/nexon_sample.py", line 117, in _fetch_talesweaver_html
    result = subprocess.run(
             ^^^^^^^^^^^^^^^
  File "/opt/hostedtoolcache/Python/3.12.14/x64/lib/python3.12/subprocess.py", line 571, in run
    raise CalledProcessError(retcode, process.args,
subprocess.CalledProcessError: Command '['/usr/bin/curl', '-L', '--fail', '--silent', '--show-error', '--max-time', '20', '-A', 'Mozilla/5.0 (Windows NT 10.0; Win64; x64) AppleWebKit/537.36 Chrome/139 Safari/537.36', '-H', 'Accept-Language: ko-KR,ko;q=0.9', '-H', 'Referer: https://tales.nexon.com/', 'https://tales.nexon.com/News/Event']' returned non-zero exit status 22.
2026-08-26 07:42:00,868 INFO 엘소드: refreshed 24 ongoing candidates
2026-08-26 07:42:08,343 INFO 바람의나라: refreshed 4 ongoing candidates
2026-08-26 07:42:26,871 INFO 로스트아크: refreshed 10 ongoing candidates
2026-08-26 07:42:27,528 ERROR 리니지: refresh failed; kept previous archive state: collector returned no candidates
Traceback (most recent call last):
  File "/home/runner/work/plan_gen/plan_gen/web/backend/event_bench_refresh.py", line 136, in main
    raise RuntimeError("collector returned no candidates")
RuntimeError: collector returned no candidates
2026-08-26 07:43:23,014 INFO 검은사막: refreshed 23 ongoing candidates
2026-08-26 07:43:23,737 ERROR 거상: refresh failed; kept previous archive state: <urlopen error [Errno 104] Connection reset by peer>
Traceback (most recent call last):
  File "/opt/hostedtoolcache/Python/3.12.14/x64/lib/python3.12/urllib/request.py", line 1344, in do_open
    h.request(req.get_method(), req.selector, req.data, headers,
  File "/opt/hostedtoolcache/Python/3.12.14/x64/lib/python3.12/http/client.py", line 1386, in request
    self._send_request(method, url, body, headers, encode_chunked)
  File "/opt/hostedtoolcache/Python/3.12.14/x64/lib/python3.12/http/client.py", line 1432, in _send_request
    self.endheaders(body, encode_chunked=encode_chunked)
  File "/opt/hostedtoolcache/Python/3.12.14/x64/lib/python3.12/http/client.py", line 1381, in endheaders
    self._send_output(message_body, encode_chunked=encode_chunked)
  File "/opt/hostedtoolcache/Python/3.12.14/x64/lib/python3.12/http/client.py", line 1141, in _send_output
    self.send(msg)
  File "/opt/hostedtoolcache/Python/3.12.14/x64/lib/python3.12/http/client.py", line 1085, in send
    self.connect()
  File "/opt/hostedtoolcache/Python/3.12.14/x64/lib/python3.12/http/client.py", line 1527, in connect
    self.sock = self._context.wrap_socket(self.sock,
                ^^^^^^^^^^^^^^^^^^^^^^^^^^^^^^^^^^^^
  File "/opt/hostedtoolcache/Python/3.12.14/x64/lib/python3.12/ssl.py", line 455, in wrap_socket
    return self.sslsocket_class._create(
           ^^^^^^^^^^^^^^^^^^^^^^^^^^^^^
  File "/opt/hostedtoolcache/Python/3.12.14/x64/lib/python3.12/ssl.py", line 1041, in _create
    self.do_handshake()
  File "/opt/hostedtoolcache/Python/3.12.14/x64/lib/python3.12/ssl.py", line 1319, in do_handshake
    self._sslobj.do_handshake()
ConnectionResetError: [Errno 104] Connection reset by peer

During handling of the above exception, another exception occurred:

Traceback (most recent call last):
  File "/home/runner/work/plan_gen/plan_gen/web/backend/event_bench_refresh.py", line 134, in main
    candidates = [asdict(item) for item in collector()]
                                           ^^^^^^^^^^^
  File "/home/runner/work/plan_gen/plan_gen/web/backend/app/event_bench/nexon_sample.py", line 366, in collect_gersang_events
    soup = BeautifulSoup(_fetch_html(GERSANG_EVENTS_URL), "html.parser")
                         ^^^^^^^^^^^^^^^^^^^^^^^^^^^^^^^
  File "/home/runner/work/plan_gen/plan_gen/web/backend/app/event_bench/nexon_sample.py", line 58, in _fetch_html
    with urlopen(request, timeout=20) as response:  # noqa: S310 - explicit verified official URLs
         ^^^^^^^^^^^^^^^^^^^^^^^^^^^^
  File "/opt/hostedtoolcache/Python/3.12.14/x64/lib/python3.12/urllib/request.py", line 215, in urlopen
    return opener.open(url, data, timeout)
           ^^^^^^^^^^^^^^^^^^^^^^^^^^^^^^^
  File "/opt/hostedtoolcache/Python/3.12.14/x64/lib/python3.12/urllib/request.py", line 515, in open
    response = self._open(req, data)
               ^^^^^^^^^^^^^^^^^^^^^
  File "/opt/hostedtoolcache/Python/3.12.14/x64/lib/python3.12/urllib/request.py", line 532, in _open
    result = self._call_chain(self.handle_open, protocol, protocol +
             ^^^^^^^^^^^^^^^^^^^^^^^^^^^^^^^^^^^^^^^^^^^^^^^^^^^^^^^
  File "/opt/hostedtoolcache/Python/3.12.14/x64/lib/python3.12/urllib/request.py", line 492, in _call_chain
    result = func(*args)
             ^^^^^^^^^^^
  File "/opt/hostedtoolcache/Python/3.12.14/x64/lib/python3.12/urllib/request.py", line 1392, in https_open
    return self.do_open(http.client.HTTPSConnection, req,
           ^^^^^^^^^^^^^^^^^^^^^^^^^^^^^^^^^^^^^^^^^^^^^^
  File "/opt/hostedtoolcache/Python/3.12.14/x64/lib/python3.12/urllib/request.py", line 1347, in do_open
    raise URLError(err)
urllib.error.URLError: <urlopen error [Errno 104] Connection reset by peer>
2026-08-26 07:43:54,319 INFO 던전앤파이터: refreshed 26 ongoing candidates
2026-08-26 07:43:55,636 ERROR 테일즈런너: refresh failed; kept previous archive state: HTTP Error 403: Forbidden
Traceback (most recent call last):
  File "/home/runner/work/plan_gen/plan_gen/web/backend/event_bench_refresh.py", line 134, in main
    candidates = [asdict(item) for item in collector()]
                                           ^^^^^^^^^^^
  File "/home/runner/work/plan_gen/plan_gen/web/backend/app/event_bench/nexon_sample.py", line 514, in collect_talesrunner_events
    payload = json.loads(_fetch_html(TALESRUNNER_EVENT_API_URL))
                         ^^^^^^^^^^^^^^^^^^^^^^^^^^^^^^^^^^^^^^
  File "/home/runner/work/plan_gen/plan_gen/web/backend/app/event_bench/nexon_sample.py", line 58, in _fetch_html
    with urlopen(request, timeout=20) as response:  # noqa: S310 - explicit verified official URLs
         ^^^^^^^^^^^^^^^^^^^^^^^^^^^^
  File "/opt/hostedtoolcache/Python/3.12.14/x64/lib/python3.12/urllib/request.py", line 215, in urlopen
    return opener.open(url, data, timeout)
           ^^^^^^^^^^^^^^^^^^^^^^^^^^^^^^^
  File "/opt/hostedtoolcache/Python/3.12.14/x64/lib/python3.12/urllib/request.py", line 521, in open
    response = meth(req, response)
               ^^^^^^^^^^^^^^^^^^^
  File "/opt/hostedtoolcache/Python/3.12.14/x64/lib/python3.12/urllib/request.py", line 630, in http_response
    response = self.parent.error(
               ^^^^^^^^^^^^^^^^^^
  File "/opt/hostedtoolcache/Python/3.12.14/x64/lib/python3.12/urllib/request.py", line 559, in error
    return self._call_chain(*args)
           ^^^^^^^^^^^^^^^^^^^^^^^
  File "/opt/hostedtoolcache/Python/3.12.14/x64/lib/python3.12/urllib/request.py", line 492, in _call_chain
    result = func(*args)
             ^^^^^^^^^^^
  File "/opt/hostedtoolcache/Python/3.12.14/x64/lib/python3.12/urllib/request.py", line 639, in http_error_default
    raise HTTPError(req.full_url, code, msg, hdrs, fp)
urllib.error.HTTPError: HTTP Error 403: Forbidden
2026-08-26 07:44:02,046 INFO 카운터스트라이크 온라인: refreshed 2 ongoing candidates
2026-08-26 07:44:04,247 INFO 마비노기 영웅전: refreshed 17 ongoing candidates
2026-08-26 07:44:05,143 INFO 라그나로크: refreshed 10 ongoing candidates
2026-08-26 07:44:05,146 INFO Refresh complete: 191 total archived / 180 active candidates
2026-08-26 08:34:12,748 INFO FC ONLINE: refreshed 16 ongoing candidates
2026-08-26 08:34:40,205 INFO 메이플스토리: refreshed 20 ongoing candidates
2026-08-26 08:34:40,317 ERROR 마비노기: refresh failed; kept previous archive state: HTTP Error 403: Forbidden
Traceback (most recent call last):
  File "/home/runner/work/plan_gen/plan_gen/web/backend/event_bench_refresh.py", line 134, in main
    candidates = [asdict(item) for item in collector()]
                                           ^^^^^^^^^^^
  File "/home/runner/work/plan_gen/plan_gen/web/backend/app/event_bench/nexon_sample.py", line 219, in collect_mabinogi_events
    first_soup = BeautifulSoup(_fetch_html(MABINOGI_EVENTS_URL), "html.parser")
                               ^^^^^^^^^^^^^^^^^^^^^^^^^^^^^^^^
  File "/home/runner/work/plan_gen/plan_gen/web/backend/app/event_bench/nexon_sample.py", line 58, in _fetch_html
    with urlopen(request, timeout=20) as response:  # noqa: S310 - explicit verified official URLs
         ^^^^^^^^^^^^^^^^^^^^^^^^^^^^
  File "/opt/hostedtoolcache/Python/3.12.14/x64/lib/python3.12/urllib/request.py", line 215, in urlopen
    return opener.open(url, data, timeout)
           ^^^^^^^^^^^^^^^^^^^^^^^^^^^^^^^
  File "/opt/hostedtoolcache/Python/3.12.14/x64/lib/python3.12/urllib/request.py", line 521, in open
    response = meth(req, response)
               ^^^^^^^^^^^^^^^^^^^
  File "/opt/hostedtoolcache/Python/3.12.14/x64/lib/python3.12/urllib/request.py", line 630, in http_response
    response = self.parent.error(
               ^^^^^^^^^^^^^^^^^^
  File "/opt/hostedtoolcache/Python/3.12.14/x64/lib/python3.12/urllib/request.py", line 559, in error
    return self._call_chain(*args)
           ^^^^^^^^^^^^^^^^^^^^^^^
  File "/opt/hostedtoolcache/Python/3.12.14/x64/lib/python3.12/urllib/request.py", line 492, in _call_chain
    result = func(*args)
             ^^^^^^^^^^^
  File "/opt/hostedtoolcache/Python/3.12.14/x64/lib/python3.12/urllib/request.py", line 639, in http_error_default
    raise HTTPError(req.full_url, code, msg, hdrs, fp)
urllib.error.HTTPError: HTTP Error 403: Forbidden
2026-08-26 08:34:40,419 ERROR 테일즈위버: refresh failed; kept previous archive state: Command '['/usr/bin/curl', '-L', '--fail', '--silent', '--show-error', '--max-time', '20', '-A', 'Mozilla/5.0 (Windows NT 10.0; Win64; x64) AppleWebKit/537.36 Chrome/139 Safari/537.36', '-H', 'Accept-Language: ko-KR,ko;q=0.9', '-H', 'Referer: https://tales.nexon.com/', 'https://tales.nexon.com/News/Event']' returned non-zero exit status 22.
Traceback (most recent call last):
  File "/home/runner/work/plan_gen/plan_gen/web/backend/event_bench_refresh.py", line 134, in main
    candidates = [asdict(item) for item in collector()]
                                           ^^^^^^^^^^^
  File "/home/runner/work/plan_gen/plan_gen/web/backend/app/event_bench/nexon_sample.py", line 248, in collect_talesweaver_events
    first_soup = BeautifulSoup(_fetch_talesweaver_html(), "html.parser")
                               ^^^^^^^^^^^^^^^^^^^^^^^^^
  File "/home/runner/work/plan_gen/plan_gen/web/backend/app/event_bench/nexon_sample.py", line 117, in _fetch_talesweaver_html
    result = subprocess.run(
             ^^^^^^^^^^^^^^^
  File "/opt/hostedtoolcache/Python/3.12.14/x64/lib/python3.12/subprocess.py", line 571, in run
    raise CalledProcessError(retcode, process.args,
subprocess.CalledProcessError: Command '['/usr/bin/curl', '-L', '--fail', '--silent', '--show-error', '--max-time', '20', '-A', 'Mozilla/5.0 (Windows NT 10.0; Win64; x64) AppleWebKit/537.36 Chrome/139 Safari/537.36', '-H', 'Accept-Language: ko-KR,ko;q=0.9', '-H', 'Referer: https://tales.nexon.com/', 'https://tales.nexon.com/News/Event']' returned non-zero exit status 22.
2026-08-26 08:35:19,435 INFO 엘소드: refreshed 24 ongoing candidates
2026-08-26 08:35:24,685 INFO 바람의나라: refreshed 4 ongoing candidates
2026-08-26 08:35:37,798 INFO 로스트아크: refreshed 10 ongoing candidates
2026-08-26 08:35:38,621 ERROR 리니지: refresh failed; kept previous archive state: collector returned no candidates
Traceback (most recent call last):
  File "/home/runner/work/plan_gen/plan_gen/web/backend/event_bench_refresh.py", line 136, in main
    raise RuntimeError("collector returned no candidates")
RuntimeError: collector returned no candidates
2026-08-26 08:36:18,890 INFO 검은사막: refreshed 23 ongoing candidates
2026-08-26 08:36:19,678 ERROR 거상: refresh failed; kept previous archive state: <urlopen error [Errno 104] Connection reset by peer>
Traceback (most recent call last):
  File "/opt/hostedtoolcache/Python/3.12.14/x64/lib/python3.12/urllib/request.py", line 1344, in do_open
    h.request(req.get_method(), req.selector, req.data, headers,
  File "/opt/hostedtoolcache/Python/3.12.14/x64/lib/python3.12/http/client.py", line 1386, in request
    self._send_request(method, url, body, headers, encode_chunked)
  File "/opt/hostedtoolcache/Python/3.12.14/x64/lib/python3.12/http/client.py", line 1432, in _send_request
    self.endheaders(body, encode_chunked=encode_chunked)
  File "/opt/hostedtoolcache/Python/3.12.14/x64/lib/python3.12/http/client.py", line 1381, in endheaders
    self._send_output(message_body, encode_chunked=encode_chunked)
  File "/opt/hostedtoolcache/Python/3.12.14/x64/lib/python3.12/http/client.py", line 1141, in _send_output
    self.send(msg)
  File "/opt/hostedtoolcache/Python/3.12.14/x64/lib/python3.12/http/client.py", line 1085, in send
    self.connect()
  File "/opt/hostedtoolcache/Python/3.12.14/x64/lib/python3.12/http/client.py", line 1527, in connect
    self.sock = self._context.wrap_socket(self.sock,
                ^^^^^^^^^^^^^^^^^^^^^^^^^^^^^^^^^^^^
  File "/opt/hostedtoolcache/Python/3.12.14/x64/lib/python3.12/ssl.py", line 455, in wrap_socket
    return self.sslsocket_class._create(
           ^^^^^^^^^^^^^^^^^^^^^^^^^^^^^
  File "/opt/hostedtoolcache/Python/3.12.14/x64/lib/python3.12/ssl.py", line 1041, in _create
    self.do_handshake()
  File "/opt/hostedtoolcache/Python/3.12.14/x64/lib/python3.12/ssl.py", line 1319, in do_handshake
    self._sslobj.do_handshake()
ConnectionResetError: [Errno 104] Connection reset by peer

During handling of the above exception, another exception occurred:

Traceback (most recent call last):
  File "/home/runner/work/plan_gen/plan_gen/web/backend/event_bench_refresh.py", line 134, in main
    candidates = [asdict(item) for item in collector()]
                                           ^^^^^^^^^^^
  File "/home/runner/work/plan_gen/plan_gen/web/backend/app/event_bench/nexon_sample.py", line 366, in collect_gersang_events
    soup = BeautifulSoup(_fetch_html(GERSANG_EVENTS_URL), "html.parser")
                         ^^^^^^^^^^^^^^^^^^^^^^^^^^^^^^^
  File "/home/runner/work/plan_gen/plan_gen/web/backend/app/event_bench/nexon_sample.py", line 58, in _fetch_html
    with urlopen(request, timeout=20) as response:  # noqa: S310 - explicit verified official URLs
         ^^^^^^^^^^^^^^^^^^^^^^^^^^^^
  File "/opt/hostedtoolcache/Python/3.12.14/x64/lib/python3.12/urllib/request.py", line 215, in urlopen
    return opener.open(url, data, timeout)
           ^^^^^^^^^^^^^^^^^^^^^^^^^^^^^^^
  File "/opt/hostedtoolcache/Python/3.12.14/x64/lib/python3.12/urllib/request.py", line 515, in open
    response = self._open(req, data)
               ^^^^^^^^^^^^^^^^^^^^^
  File "/opt/hostedtoolcache/Python/3.12.14/x64/lib/python3.12/urllib/request.py", line 532, in _open
    result = self._call_chain(self.handle_open, protocol, protocol +
             ^^^^^^^^^^^^^^^^^^^^^^^^^^^^^^^^^^^^^^^^^^^^^^^^^^^^^^^
  File "/opt/hostedtoolcache/Python/3.12.14/x64/lib/python3.12/urllib/request.py", line 492, in _call_chain
    result = func(*args)
             ^^^^^^^^^^^
  File "/opt/hostedtoolcache/Python/3.12.14/x64/lib/python3.12/urllib/request.py", line 1392, in https_open
    return self.do_open(http.client.HTTPSConnection, req,
           ^^^^^^^^^^^^^^^^^^^^^^^^^^^^^^^^^^^^^^^^^^^^^^
  File "/opt/hostedtoolcache/Python/3.12.14/x64/lib/python3.12/urllib/request.py", line 1347, in do_open
    raise URLError(err)
urllib.error.URLError: <urlopen error [Errno 104] Connection reset by peer>
2026-08-26 08:36:40,806 INFO 던전앤파이터: refreshed 26 ongoing candidates
2026-08-26 08:36:41,644 ERROR 테일즈런너: refresh failed; kept previous archive state: HTTP Error 403: Forbidden
Traceback (most recent call last):
  File "/home/runner/work/plan_gen/plan_gen/web/backend/event_bench_refresh.py", line 134, in main
    candidates = [asdict(item) for item in collector()]
                                           ^^^^^^^^^^^
  File "/home/runner/work/plan_gen/plan_gen/web/backend/app/event_bench/nexon_sample.py", line 514, in collect_talesrunner_events
    payload = json.loads(_fetch_html(TALESRUNNER_EVENT_API_URL))
                         ^^^^^^^^^^^^^^^^^^^^^^^^^^^^^^^^^^^^^^
  File "/home/runner/work/plan_gen/plan_gen/web/backend/app/event_bench/nexon_sample.py", line 58, in _fetch_html
    with urlopen(request, timeout=20) as response:  # noqa: S310 - explicit verified official URLs
         ^^^^^^^^^^^^^^^^^^^^^^^^^^^^
  File "/opt/hostedtoolcache/Python/3.12.14/x64/lib/python3.12/urllib/request.py", line 215, in urlopen
    return opener.open(url, data, timeout)
           ^^^^^^^^^^^^^^^^^^^^^^^^^^^^^^^
  File "/opt/hostedtoolcache/Python/3.12.14/x64/lib/python3.12/urllib/request.py", line 521, in open
    response = meth(req, response)
               ^^^^^^^^^^^^^^^^^^^
  File "/opt/hostedtoolcache/Python/3.12.14/x64/lib/python3.12/urllib/request.py", line 630, in http_response
    response = self.parent.error(
               ^^^^^^^^^^^^^^^^^^
  File "/opt/hostedtoolcache/Python/3.12.14/x64/lib/python3.12/urllib/request.py", line 559, in error
    return self._call_chain(*args)
           ^^^^^^^^^^^^^^^^^^^^^^^
  File "/opt/hostedtoolcache/Python/3.12.14/x64/lib/python3.12/urllib/request.py", line 492, in _call_chain
    result = func(*args)
             ^^^^^^^^^^^
  File "/opt/hostedtoolcache/Python/3.12.14/x64/lib/python3.12/urllib/request.py", line 639, in http_error_default
    raise HTTPError(req.full_url, code, msg, hdrs, fp)
urllib.error.HTTPError: HTTP Error 403: Forbidden
2026-08-26 08:36:45,335 INFO 카운터스트라이크 온라인: refreshed 2 ongoing candidates
2026-08-26 08:36:52,088 INFO 마비노기 영웅전: refreshed 17 ongoing candidates
2026-08-26 08:36:52,985 INFO 라그나로크: refreshed 10 ongoing candidates
2026-08-26 08:36:52,988 INFO Refresh complete: 191 total archived / 180 active candidates
2026-08-26 09:33:32,898 INFO FC ONLINE: refreshed 16 ongoing candidates
2026-08-26 09:33:59,785 INFO 메이플스토리: refreshed 20 ongoing candidates
2026-08-26 09:33:59,976 ERROR 마비노기: refresh failed; kept previous archive state: HTTP Error 403: Forbidden
Traceback (most recent call last):
  File "/home/runner/work/plan_gen/plan_gen/web/backend/event_bench_refresh.py", line 134, in main
    candidates = [asdict(item) for item in collector()]
                                           ^^^^^^^^^^^
  File "/home/runner/work/plan_gen/plan_gen/web/backend/app/event_bench/nexon_sample.py", line 219, in collect_mabinogi_events
    first_soup = BeautifulSoup(_fetch_html(MABINOGI_EVENTS_URL), "html.parser")
                               ^^^^^^^^^^^^^^^^^^^^^^^^^^^^^^^^
  File "/home/runner/work/plan_gen/plan_gen/web/backend/app/event_bench/nexon_sample.py", line 58, in _fetch_html
    with urlopen(request, timeout=20) as response:  # noqa: S310 - explicit verified official URLs
         ^^^^^^^^^^^^^^^^^^^^^^^^^^^^
  File "/opt/hostedtoolcache/Python/3.12.14/x64/lib/python3.12/urllib/request.py", line 215, in urlopen
    return opener.open(url, data, timeout)
           ^^^^^^^^^^^^^^^^^^^^^^^^^^^^^^^
  File "/opt/hostedtoolcache/Python/3.12.14/x64/lib/python3.12/urllib/request.py", line 521, in open
    response = meth(req, response)
               ^^^^^^^^^^^^^^^^^^^
  File "/opt/hostedtoolcache/Python/3.12.14/x64/lib/python3.12/urllib/request.py", line 630, in http_response
    response = self.parent.error(
               ^^^^^^^^^^^^^^^^^^
  File "/opt/hostedtoolcache/Python/3.12.14/x64/lib/python3.12/urllib/request.py", line 559, in error
    return self._call_chain(*args)
           ^^^^^^^^^^^^^^^^^^^^^^^
  File "/opt/hostedtoolcache/Python/3.12.14/x64/lib/python3.12/urllib/request.py", line 492, in _call_chain
    result = func(*args)
             ^^^^^^^^^^^
  File "/opt/hostedtoolcache/Python/3.12.14/x64/lib/python3.12/urllib/request.py", line 639, in http_error_default
    raise HTTPError(req.full_url, code, msg, hdrs, fp)
urllib.error.HTTPError: HTTP Error 403: Forbidden
2026-08-26 09:34:00,117 ERROR 테일즈위버: refresh failed; kept previous archive state: Command '['/usr/bin/curl', '-L', '--fail', '--silent', '--show-error', '--max-time', '20', '-A', 'Mozilla/5.0 (Windows NT 10.0; Win64; x64) AppleWebKit/537.36 Chrome/139 Safari/537.36', '-H', 'Accept-Language: ko-KR,ko;q=0.9', '-H', 'Referer: https://tales.nexon.com/', 'https://tales.nexon.com/News/Event']' returned non-zero exit status 22.
Traceback (most recent call last):
  File "/home/runner/work/plan_gen/plan_gen/web/backend/event_bench_refresh.py", line 134, in main
    candidates = [asdict(item) for item in collector()]
                                           ^^^^^^^^^^^
  File "/home/runner/work/plan_gen/plan_gen/web/backend/app/event_bench/nexon_sample.py", line 248, in collect_talesweaver_events
    first_soup = BeautifulSoup(_fetch_talesweaver_html(), "html.parser")
                               ^^^^^^^^^^^^^^^^^^^^^^^^^
  File "/home/runner/work/plan_gen/plan_gen/web/backend/app/event_bench/nexon_sample.py", line 117, in _fetch_talesweaver_html
    result = subprocess.run(
             ^^^^^^^^^^^^^^^
  File "/opt/hostedtoolcache/Python/3.12.14/x64/lib/python3.12/subprocess.py", line 571, in run
    raise CalledProcessError(retcode, process.args,
subprocess.CalledProcessError: Command '['/usr/bin/curl', '-L', '--fail', '--silent', '--show-error', '--max-time', '20', '-A', 'Mozilla/5.0 (Windows NT 10.0; Win64; x64) AppleWebKit/537.36 Chrome/139 Safari/537.36', '-H', 'Accept-Language: ko-KR,ko;q=0.9', '-H', 'Referer: https://tales.nexon.com/', 'https://tales.nexon.com/News/Event']' returned non-zero exit status 22.
2026-08-26 09:34:35,900 INFO 엘소드: refreshed 24 ongoing candidates
2026-08-26 09:34:41,543 INFO 바람의나라: refreshed 4 ongoing candidates
2026-08-26 09:34:54,958 INFO 로스트아크: refreshed 10 ongoing candidates
2026-08-26 09:34:55,837 ERROR 리니지: refresh failed; kept previous archive state: collector returned no candidates
Traceback (most recent call last):
  File "/home/runner/work/plan_gen/plan_gen/web/backend/event_bench_refresh.py", line 136, in main
    raise RuntimeError("collector returned no candidates")
RuntimeError: collector returned no candidates
2026-08-26 09:35:35,436 INFO 검은사막: refreshed 23 ongoing candidates
2026-08-26 09:35:36,215 ERROR 거상: refresh failed; kept previous archive state: <urlopen error [Errno 104] Connection reset by peer>
Traceback (most recent call last):
  File "/opt/hostedtoolcache/Python/3.12.14/x64/lib/python3.12/urllib/request.py", line 1344, in do_open
    h.request(req.get_method(), req.selector, req.data, headers,
  File "/opt/hostedtoolcache/Python/3.12.14/x64/lib/python3.12/http/client.py", line 1386, in request
    self._send_request(method, url, body, headers, encode_chunked)
  File "/opt/hostedtoolcache/Python/3.12.14/x64/lib/python3.12/http/client.py", line 1432, in _send_request
    self.endheaders(body, encode_chunked=encode_chunked)
  File "/opt/hostedtoolcache/Python/3.12.14/x64/lib/python3.12/http/client.py", line 1381, in endheaders
    self._send_output(message_body, encode_chunked=encode_chunked)
  File "/opt/hostedtoolcache/Python/3.12.14/x64/lib/python3.12/http/client.py", line 1141, in _send_output
    self.send(msg)
  File "/opt/hostedtoolcache/Python/3.12.14/x64/lib/python3.12/http/client.py", line 1085, in send
    self.connect()
  File "/opt/hostedtoolcache/Python/3.12.14/x64/lib/python3.12/http/client.py", line 1527, in connect
    self.sock = self._context.wrap_socket(self.sock,
                ^^^^^^^^^^^^^^^^^^^^^^^^^^^^^^^^^^^^
  File "/opt/hostedtoolcache/Python/3.12.14/x64/lib/python3.12/ssl.py", line 455, in wrap_socket
    return self.sslsocket_class._create(
           ^^^^^^^^^^^^^^^^^^^^^^^^^^^^^
  File "/opt/hostedtoolcache/Python/3.12.14/x64/lib/python3.12/ssl.py", line 1041, in _create
    self.do_handshake()
  File "/opt/hostedtoolcache/Python/3.12.14/x64/lib/python3.12/ssl.py", line 1319, in do_handshake
    self._sslobj.do_handshake()
ConnectionResetError: [Errno 104] Connection reset by peer

During handling of the above exception, another exception occurred:

Traceback (most recent call last):
  File "/home/runner/work/plan_gen/plan_gen/web/backend/event_bench_refresh.py", line 134, in main
    candidates = [asdict(item) for item in collector()]
                                           ^^^^^^^^^^^
  File "/home/runner/work/plan_gen/plan_gen/web/backend/app/event_bench/nexon_sample.py", line 366, in collect_gersang_events
    soup = BeautifulSoup(_fetch_html(GERSANG_EVENTS_URL), "html.parser")
                         ^^^^^^^^^^^^^^^^^^^^^^^^^^^^^^^
  File "/home/runner/work/plan_gen/plan_gen/web/backend/app/event_bench/nexon_sample.py", line 58, in _fetch_html
    with urlopen(request, timeout=20) as response:  # noqa: S310 - explicit verified official URLs
         ^^^^^^^^^^^^^^^^^^^^^^^^^^^^
  File "/opt/hostedtoolcache/Python/3.12.14/x64/lib/python3.12/urllib/request.py", line 215, in urlopen
    return opener.open(url, data, timeout)
           ^^^^^^^^^^^^^^^^^^^^^^^^^^^^^^^
  File "/opt/hostedtoolcache/Python/3.12.14/x64/lib/python3.12/urllib/request.py", line 515, in open
    response = self._open(req, data)
               ^^^^^^^^^^^^^^^^^^^^^
  File "/opt/hostedtoolcache/Python/3.12.14/x64/lib/python3.12/urllib/request.py", line 532, in _open
    result = self._call_chain(self.handle_open, protocol, protocol +
             ^^^^^^^^^^^^^^^^^^^^^^^^^^^^^^^^^^^^^^^^^^^^^^^^^^^^^^^
  File "/opt/hostedtoolcache/Python/3.12.14/x64/lib/python3.12/urllib/request.py", line 492, in _call_chain
    result = func(*args)
             ^^^^^^^^^^^
  File "/opt/hostedtoolcache/Python/3.12.14/x64/lib/python3.12/urllib/request.py", line 1392, in https_open
    return self.do_open(http.client.HTTPSConnection, req,
           ^^^^^^^^^^^^^^^^^^^^^^^^^^^^^^^^^^^^^^^^^^^^^^
  File "/opt/hostedtoolcache/Python/3.12.14/x64/lib/python3.12/urllib/request.py", line 1347, in do_open
    raise URLError(err)
urllib.error.URLError: <urlopen error [Errno 104] Connection reset by peer>
2026-08-26 09:35:56,687 INFO 던전앤파이터: refreshed 26 ongoing candidates
2026-08-26 09:35:57,556 ERROR 테일즈런너: refresh failed; kept previous archive state: HTTP Error 403: Forbidden
Traceback (most recent call last):
  File "/home/runner/work/plan_gen/plan_gen/web/backend/event_bench_refresh.py", line 134, in main
    candidates = [asdict(item) for item in collector()]
                                           ^^^^^^^^^^^
  File "/home/runner/work/plan_gen/plan_gen/web/backend/app/event_bench/nexon_sample.py", line 514, in collect_talesrunner_events
    payload = json.loads(_fetch_html(TALESRUNNER_EVENT_API_URL))
                         ^^^^^^^^^^^^^^^^^^^^^^^^^^^^^^^^^^^^^^
  File "/home/runner/work/plan_gen/plan_gen/web/backend/app/event_bench/nexon_sample.py", line 58, in _fetch_html
    with urlopen(request, timeout=20) as response:  # noqa: S310 - explicit verified official URLs
         ^^^^^^^^^^^^^^^^^^^^^^^^^^^^
  File "/opt/hostedtoolcache/Python/3.12.14/x64/lib/python3.12/urllib/request.py", line 215, in urlopen
    return opener.open(url, data, timeout)
           ^^^^^^^^^^^^^^^^^^^^^^^^^^^^^^^
  File "/opt/hostedtoolcache/Python/3.12.14/x64/lib/python3.12/urllib/request.py", line 521, in open
    response = meth(req, response)
               ^^^^^^^^^^^^^^^^^^^
  File "/opt/hostedtoolcache/Python/3.12.14/x64/lib/python3.12/urllib/request.py", line 630, in http_response
    response = self.parent.error(
               ^^^^^^^^^^^^^^^^^^
  File "/opt/hostedtoolcache/Python/3.12.14/x64/lib/python3.12/urllib/request.py", line 559, in error
    return self._call_chain(*args)
           ^^^^^^^^^^^^^^^^^^^^^^^
  File "/opt/hostedtoolcache/Python/3.12.14/x64/lib/python3.12/urllib/request.py", line 492, in _call_chain
    result = func(*args)
             ^^^^^^^^^^^
  File "/opt/hostedtoolcache/Python/3.12.14/x64/lib/python3.12/urllib/request.py", line 639, in http_error_default
    raise HTTPError(req.full_url, code, msg, hdrs, fp)
urllib.error.HTTPError: HTTP Error 403: Forbidden
2026-08-26 09:36:01,297 INFO 카운터스트라이크 온라인: refreshed 2 ongoing candidates
2026-08-26 09:36:02,659 INFO 마비노기 영웅전: refreshed 17 ongoing candidates
2026-08-26 09:36:03,546 INFO 라그나로크: refreshed 10 ongoing candidates
2026-08-26 09:36:03,549 INFO Refresh complete: 191 total archived / 180 active candidates
2026-08-26 10:27:33,913 INFO FC ONLINE: refreshed 17 ongoing candidates
2026-08-26 10:28:13,453 INFO 메이플스토리: refreshed 20 ongoing candidates
2026-08-26 10:28:13,586 ERROR 마비노기: refresh failed; kept previous archive state: HTTP Error 403: Forbidden
Traceback (most recent call last):
  File "/home/runner/work/plan_gen/plan_gen/web/backend/event_bench_refresh.py", line 134, in main
    candidates = [asdict(item) for item in collector()]
                                           ^^^^^^^^^^^
  File "/home/runner/work/plan_gen/plan_gen/web/backend/app/event_bench/nexon_sample.py", line 219, in collect_mabinogi_events
    first_soup = BeautifulSoup(_fetch_html(MABINOGI_EVENTS_URL), "html.parser")
                               ^^^^^^^^^^^^^^^^^^^^^^^^^^^^^^^^
  File "/home/runner/work/plan_gen/plan_gen/web/backend/app/event_bench/nexon_sample.py", line 58, in _fetch_html
    with urlopen(request, timeout=20) as response:  # noqa: S310 - explicit verified official URLs
         ^^^^^^^^^^^^^^^^^^^^^^^^^^^^
  File "/opt/hostedtoolcache/Python/3.12.14/x64/lib/python3.12/urllib/request.py", line 215, in urlopen
    return opener.open(url, data, timeout)
           ^^^^^^^^^^^^^^^^^^^^^^^^^^^^^^^
  File "/opt/hostedtoolcache/Python/3.12.14/x64/lib/python3.12/urllib/request.py", line 521, in open
    response = meth(req, response)
               ^^^^^^^^^^^^^^^^^^^
  File "/opt/hostedtoolcache/Python/3.12.14/x64/lib/python3.12/urllib/request.py", line 630, in http_response
    response = self.parent.error(
               ^^^^^^^^^^^^^^^^^^
  File "/opt/hostedtoolcache/Python/3.12.14/x64/lib/python3.12/urllib/request.py", line 559, in error
    return self._call_chain(*args)
           ^^^^^^^^^^^^^^^^^^^^^^^
  File "/opt/hostedtoolcache/Python/3.12.14/x64/lib/python3.12/urllib/request.py", line 492, in _call_chain
    result = func(*args)
             ^^^^^^^^^^^
  File "/opt/hostedtoolcache/Python/3.12.14/x64/lib/python3.12/urllib/request.py", line 639, in http_error_default
    raise HTTPError(req.full_url, code, msg, hdrs, fp)
urllib.error.HTTPError: HTTP Error 403: Forbidden
2026-08-26 10:28:13,724 ERROR 테일즈위버: refresh failed; kept previous archive state: Command '['/usr/bin/curl', '-L', '--fail', '--silent', '--show-error', '--max-time', '20', '-A', 'Mozilla/5.0 (Windows NT 10.0; Win64; x64) AppleWebKit/537.36 Chrome/139 Safari/537.36', '-H', 'Accept-Language: ko-KR,ko;q=0.9', '-H', 'Referer: https://tales.nexon.com/', 'https://tales.nexon.com/News/Event']' returned non-zero exit status 22.
Traceback (most recent call last):
  File "/home/runner/work/plan_gen/plan_gen/web/backend/event_bench_refresh.py", line 134, in main
    candidates = [asdict(item) for item in collector()]
                                           ^^^^^^^^^^^
  File "/home/runner/work/plan_gen/plan_gen/web/backend/app/event_bench/nexon_sample.py", line 248, in collect_talesweaver_events
    first_soup = BeautifulSoup(_fetch_talesweaver_html(), "html.parser")
                               ^^^^^^^^^^^^^^^^^^^^^^^^^
  File "/home/runner/work/plan_gen/plan_gen/web/backend/app/event_bench/nexon_sample.py", line 117, in _fetch_talesweaver_html
    result = subprocess.run(
             ^^^^^^^^^^^^^^^
  File "/opt/hostedtoolcache/Python/3.12.14/x64/lib/python3.12/subprocess.py", line 571, in run
    raise CalledProcessError(retcode, process.args,
subprocess.CalledProcessError: Command '['/usr/bin/curl', '-L', '--fail', '--silent', '--show-error', '--max-time', '20', '-A', 'Mozilla/5.0 (Windows NT 10.0; Win64; x64) AppleWebKit/537.36 Chrome/139 Safari/537.36', '-H', 'Accept-Language: ko-KR,ko;q=0.9', '-H', 'Referer: https://tales.nexon.com/', 'https://tales.nexon.com/News/Event']' returned non-zero exit status 22.
2026-08-26 10:29:09,665 INFO 엘소드: refreshed 24 ongoing candidates
2026-08-26 10:29:16,947 INFO 바람의나라: refreshed 4 ongoing candidates
2026-08-26 10:29:37,110 INFO 로스트아크: refreshed 10 ongoing candidates
2026-08-26 10:29:37,740 ERROR 리니지: refresh failed; kept previous archive state: collector returned no candidates
Traceback (most recent call last):
  File "/home/runner/work/plan_gen/plan_gen/web/backend/event_bench_refresh.py", line 136, in main
    raise RuntimeError("collector returned no candidates")
RuntimeError: collector returned no candidates
2026-08-26 10:30:33,771 INFO 검은사막: refreshed 23 ongoing candidates
2026-08-26 10:30:34,520 ERROR 거상: refresh failed; kept previous archive state: <urlopen error [Errno 104] Connection reset by peer>
Traceback (most recent call last):
  File "/opt/hostedtoolcache/Python/3.12.14/x64/lib/python3.12/urllib/request.py", line 1344, in do_open
    h.request(req.get_method(), req.selector, req.data, headers,
  File "/opt/hostedtoolcache/Python/3.12.14/x64/lib/python3.12/http/client.py", line 1386, in request
    self._send_request(method, url, body, headers, encode_chunked)
  File "/opt/hostedtoolcache/Python/3.12.14/x64/lib/python3.12/http/client.py", line 1432, in _send_request
    self.endheaders(body, encode_chunked=encode_chunked)
  File "/opt/hostedtoolcache/Python/3.12.14/x64/lib/python3.12/http/client.py", line 1381, in endheaders
    self._send_output(message_body, encode_chunked=encode_chunked)
  File "/opt/hostedtoolcache/Python/3.12.14/x64/lib/python3.12/http/client.py", line 1141, in _send_output
    self.send(msg)
  File "/opt/hostedtoolcache/Python/3.12.14/x64/lib/python3.12/http/client.py", line 1085, in send
    self.connect()
  File "/opt/hostedtoolcache/Python/3.12.14/x64/lib/python3.12/http/client.py", line 1527, in connect
    self.sock = self._context.wrap_socket(self.sock,
                ^^^^^^^^^^^^^^^^^^^^^^^^^^^^^^^^^^^^
  File "/opt/hostedtoolcache/Python/3.12.14/x64/lib/python3.12/ssl.py", line 455, in wrap_socket
    return self.sslsocket_class._create(
           ^^^^^^^^^^^^^^^^^^^^^^^^^^^^^
  File "/opt/hostedtoolcache/Python/3.12.14/x64/lib/python3.12/ssl.py", line 1041, in _create
    self.do_handshake()
  File "/opt/hostedtoolcache/Python/3.12.14/x64/lib/python3.12/ssl.py", line 1319, in do_handshake
    self._sslobj.do_handshake()
ConnectionResetError: [Errno 104] Connection reset by peer

During handling of the above exception, another exception occurred:

Traceback (most recent call last):
  File "/home/runner/work/plan_gen/plan_gen/web/backend/event_bench_refresh.py", line 134, in main
    candidates = [asdict(item) for item in collector()]
                                           ^^^^^^^^^^^
  File "/home/runner/work/plan_gen/plan_gen/web/backend/app/event_bench/nexon_sample.py", line 366, in collect_gersang_events
    soup = BeautifulSoup(_fetch_html(GERSANG_EVENTS_URL), "html.parser")
                         ^^^^^^^^^^^^^^^^^^^^^^^^^^^^^^^
  File "/home/runner/work/plan_gen/plan_gen/web/backend/app/event_bench/nexon_sample.py", line 58, in _fetch_html
    with urlopen(request, timeout=20) as response:  # noqa: S310 - explicit verified official URLs
         ^^^^^^^^^^^^^^^^^^^^^^^^^^^^
  File "/opt/hostedtoolcache/Python/3.12.14/x64/lib/python3.12/urllib/request.py", line 215, in urlopen
    return opener.open(url, data, timeout)
           ^^^^^^^^^^^^^^^^^^^^^^^^^^^^^^^
  File "/opt/hostedtoolcache/Python/3.12.14/x64/lib/python3.12/urllib/request.py", line 515, in open
    response = self._open(req, data)
               ^^^^^^^^^^^^^^^^^^^^^
  File "/opt/hostedtoolcache/Python/3.12.14/x64/lib/python3.12/urllib/request.py", line 532, in _open
    result = self._call_chain(self.handle_open, protocol, protocol +
             ^^^^^^^^^^^^^^^^^^^^^^^^^^^^^^^^^^^^^^^^^^^^^^^^^^^^^^^
  File "/opt/hostedtoolcache/Python/3.12.14/x64/lib/python3.12/urllib/request.py", line 492, in _call_chain
    result = func(*args)
             ^^^^^^^^^^^
  File "/opt/hostedtoolcache/Python/3.12.14/x64/lib/python3.12/urllib/request.py", line 1392, in https_open
    return self.do_open(http.client.HTTPSConnection, req,
           ^^^^^^^^^^^^^^^^^^^^^^^^^^^^^^^^^^^^^^^^^^^^^^
  File "/opt/hostedtoolcache/Python/3.12.14/x64/lib/python3.12/urllib/request.py", line 1347, in do_open
    raise URLError(err)
urllib.error.URLError: <urlopen error [Errno 104] Connection reset by peer>
2026-08-26 10:31:10,618 INFO 던전앤파이터: refreshed 26 ongoing candidates
2026-08-26 10:31:11,818 ERROR 테일즈런너: refresh failed; kept previous archive state: HTTP Error 403: Forbidden
Traceback (most recent call last):
  File "/home/runner/work/plan_gen/plan_gen/web/backend/event_bench_refresh.py", line 134, in main
    candidates = [asdict(item) for item in collector()]
                                           ^^^^^^^^^^^
  File "/home/runner/work/plan_gen/plan_gen/web/backend/app/event_bench/nexon_sample.py", line 514, in collect_talesrunner_events
    payload = json.loads(_fetch_html(TALESRUNNER_EVENT_API_URL))
                         ^^^^^^^^^^^^^^^^^^^^^^^^^^^^^^^^^^^^^^
  File "/home/runner/work/plan_gen/plan_gen/web/backend/app/event_bench/nexon_sample.py", line 58, in _fetch_html
    with urlopen(request, timeout=20) as response:  # noqa: S310 - explicit verified official URLs
         ^^^^^^^^^^^^^^^^^^^^^^^^^^^^
  File "/opt/hostedtoolcache/Python/3.12.14/x64/lib/python3.12/urllib/request.py", line 215, in urlopen
    return opener.open(url, data, timeout)
           ^^^^^^^^^^^^^^^^^^^^^^^^^^^^^^^
  File "/opt/hostedtoolcache/Python/3.12.14/x64/lib/python3.12/urllib/request.py", line 521, in open
    response = meth(req, response)
               ^^^^^^^^^^^^^^^^^^^
  File "/opt/hostedtoolcache/Python/3.12.14/x64/lib/python3.12/urllib/request.py", line 630, in http_response
    response = self.parent.error(
               ^^^^^^^^^^^^^^^^^^
  File "/opt/hostedtoolcache/Python/3.12.14/x64/lib/python3.12/urllib/request.py", line 559, in error
    return self._call_chain(*args)
           ^^^^^^^^^^^^^^^^^^^^^^^
  File "/opt/hostedtoolcache/Python/3.12.14/x64/lib/python3.12/urllib/request.py", line 492, in _call_chain
    result = func(*args)
             ^^^^^^^^^^^
  File "/opt/hostedtoolcache/Python/3.12.14/x64/lib/python3.12/urllib/request.py", line 639, in http_error_default
    raise HTTPError(req.full_url, code, msg, hdrs, fp)
urllib.error.HTTPError: HTTP Error 403: Forbidden
2026-08-26 10:31:18,261 INFO 카운터스트라이크 온라인: refreshed 2 ongoing candidates
2026-08-26 10:31:23,162 INFO 마비노기 영웅전: refreshed 17 ongoing candidates
2026-08-26 10:31:23,922 INFO 라그나로크: refreshed 10 ongoing candidates
2026-08-26 10:31:23,925 INFO Refresh complete: 192 total archived / 181 active candidates
2026-08-26 11:22:07,694 INFO FC ONLINE: refreshed 17 ongoing candidates
2026-08-26 11:22:32,457 INFO 메이플스토리: refreshed 20 ongoing candidates
2026-08-26 11:22:32,597 ERROR 마비노기: refresh failed; kept previous archive state: HTTP Error 403: Forbidden
Traceback (most recent call last):
  File "/home/runner/work/plan_gen/plan_gen/web/backend/event_bench_refresh.py", line 134, in main
    candidates = [asdict(item) for item in collector()]
                                           ^^^^^^^^^^^
  File "/home/runner/work/plan_gen/plan_gen/web/backend/app/event_bench/nexon_sample.py", line 219, in collect_mabinogi_events
    first_soup = BeautifulSoup(_fetch_html(MABINOGI_EVENTS_URL), "html.parser")
                               ^^^^^^^^^^^^^^^^^^^^^^^^^^^^^^^^
  File "/home/runner/work/plan_gen/plan_gen/web/backend/app/event_bench/nexon_sample.py", line 58, in _fetch_html
    with urlopen(request, timeout=20) as response:  # noqa: S310 - explicit verified official URLs
         ^^^^^^^^^^^^^^^^^^^^^^^^^^^^
  File "/opt/hostedtoolcache/Python/3.12.14/x64/lib/python3.12/urllib/request.py", line 215, in urlopen
    return opener.open(url, data, timeout)
           ^^^^^^^^^^^^^^^^^^^^^^^^^^^^^^^
  File "/opt/hostedtoolcache/Python/3.12.14/x64/lib/python3.12/urllib/request.py", line 521, in open
    response = meth(req, response)
               ^^^^^^^^^^^^^^^^^^^
  File "/opt/hostedtoolcache/Python/3.12.14/x64/lib/python3.12/urllib/request.py", line 630, in http_response
    response = self.parent.error(
               ^^^^^^^^^^^^^^^^^^
  File "/opt/hostedtoolcache/Python/3.12.14/x64/lib/python3.12/urllib/request.py", line 559, in error
    return self._call_chain(*args)
           ^^^^^^^^^^^^^^^^^^^^^^^
  File "/opt/hostedtoolcache/Python/3.12.14/x64/lib/python3.12/urllib/request.py", line 492, in _call_chain
    result = func(*args)
             ^^^^^^^^^^^
  File "/opt/hostedtoolcache/Python/3.12.14/x64/lib/python3.12/urllib/request.py", line 639, in http_error_default
    raise HTTPError(req.full_url, code, msg, hdrs, fp)
urllib.error.HTTPError: HTTP Error 403: Forbidden
2026-08-26 11:22:32,788 ERROR 테일즈위버: refresh failed; kept previous archive state: Command '['/usr/bin/curl', '-L', '--fail', '--silent', '--show-error', '--max-time', '20', '-A', 'Mozilla/5.0 (Windows NT 10.0; Win64; x64) AppleWebKit/537.36 Chrome/139 Safari/537.36', '-H', 'Accept-Language: ko-KR,ko;q=0.9', '-H', 'Referer: https://tales.nexon.com/', 'https://tales.nexon.com/News/Event']' returned non-zero exit status 22.
Traceback (most recent call last):
  File "/home/runner/work/plan_gen/plan_gen/web/backend/event_bench_refresh.py", line 134, in main
    candidates = [asdict(item) for item in collector()]
                                           ^^^^^^^^^^^
  File "/home/runner/work/plan_gen/plan_gen/web/backend/app/event_bench/nexon_sample.py", line 248, in collect_talesweaver_events
    first_soup = BeautifulSoup(_fetch_talesweaver_html(), "html.parser")
                               ^^^^^^^^^^^^^^^^^^^^^^^^^
  File "/home/runner/work/plan_gen/plan_gen/web/backend/app/event_bench/nexon_sample.py", line 117, in _fetch_talesweaver_html
    result = subprocess.run(
             ^^^^^^^^^^^^^^^
  File "/opt/hostedtoolcache/Python/3.12.14/x64/lib/python3.12/subprocess.py", line 571, in run
    raise CalledProcessError(retcode, process.args,
subprocess.CalledProcessError: Command '['/usr/bin/curl', '-L', '--fail', '--silent', '--show-error', '--max-time', '20', '-A', 'Mozilla/5.0 (Windows NT 10.0; Win64; x64) AppleWebKit/537.36 Chrome/139 Safari/537.36', '-H', 'Accept-Language: ko-KR,ko;q=0.9', '-H', 'Referer: https://tales.nexon.com/', 'https://tales.nexon.com/News/Event']' returned non-zero exit status 22.
2026-08-26 11:23:08,442 INFO 엘소드: refreshed 24 ongoing candidates
2026-08-26 11:23:13,166 INFO 바람의나라: refreshed 4 ongoing candidates
2026-08-26 11:23:25,692 INFO 로스트아크: refreshed 10 ongoing candidates
2026-08-26 11:23:26,522 ERROR 리니지: refresh failed; kept previous archive state: collector returned no candidates
Traceback (most recent call last):
  File "/home/runner/work/plan_gen/plan_gen/web/backend/event_bench_refresh.py", line 136, in main
    raise RuntimeError("collector returned no candidates")
RuntimeError: collector returned no candidates
2026-08-26 11:24:11,080 INFO 검은사막: refreshed 23 ongoing candidates
2026-08-26 11:24:11,569 ERROR 거상: refresh failed; kept previous archive state: <urlopen error [Errno 104] Connection reset by peer>
Traceback (most recent call last):
  File "/opt/hostedtoolcache/Python/3.12.14/x64/lib/python3.12/urllib/request.py", line 1344, in do_open
    h.request(req.get_method(), req.selector, req.data, headers,
  File "/opt/hostedtoolcache/Python/3.12.14/x64/lib/python3.12/http/client.py", line 1386, in request
    self._send_request(method, url, body, headers, encode_chunked)
  File "/opt/hostedtoolcache/Python/3.12.14/x64/lib/python3.12/http/client.py", line 1432, in _send_request
    self.endheaders(body, encode_chunked=encode_chunked)
  File "/opt/hostedtoolcache/Python/3.12.14/x64/lib/python3.12/http/client.py", line 1381, in endheaders
    self._send_output(message_body, encode_chunked=encode_chunked)
  File "/opt/hostedtoolcache/Python/3.12.14/x64/lib/python3.12/http/client.py", line 1141, in _send_output
    self.send(msg)
  File "/opt/hostedtoolcache/Python/3.12.14/x64/lib/python3.12/http/client.py", line 1085, in send
    self.connect()
  File "/opt/hostedtoolcache/Python/3.12.14/x64/lib/python3.12/http/client.py", line 1527, in connect
    self.sock = self._context.wrap_socket(self.sock,
                ^^^^^^^^^^^^^^^^^^^^^^^^^^^^^^^^^^^^
  File "/opt/hostedtoolcache/Python/3.12.14/x64/lib/python3.12/ssl.py", line 455, in wrap_socket
    return self.sslsocket_class._create(
           ^^^^^^^^^^^^^^^^^^^^^^^^^^^^^
  File "/opt/hostedtoolcache/Python/3.12.14/x64/lib/python3.12/ssl.py", line 1041, in _create
    self.do_handshake()
  File "/opt/hostedtoolcache/Python/3.12.14/x64/lib/python3.12/ssl.py", line 1319, in do_handshake
    self._sslobj.do_handshake()
ConnectionResetError: [Errno 104] Connection reset by peer

During handling of the above exception, another exception occurred:

Traceback (most recent call last):
  File "/home/runner/work/plan_gen/plan_gen/web/backend/event_bench_refresh.py", line 134, in main
    candidates = [asdict(item) for item in collector()]
                                           ^^^^^^^^^^^
  File "/home/runner/work/plan_gen/plan_gen/web/backend/app/event_bench/nexon_sample.py", line 366, in collect_gersang_events
    soup = BeautifulSoup(_fetch_html(GERSANG_EVENTS_URL), "html.parser")
                         ^^^^^^^^^^^^^^^^^^^^^^^^^^^^^^^
  File "/home/runner/work/plan_gen/plan_gen/web/backend/app/event_bench/nexon_sample.py", line 58, in _fetch_html
    with urlopen(request, timeout=20) as response:  # noqa: S310 - explicit verified official URLs
         ^^^^^^^^^^^^^^^^^^^^^^^^^^^^
  File "/opt/hostedtoolcache/Python/3.12.14/x64/lib/python3.12/urllib/request.py", line 215, in urlopen
    return opener.open(url, data, timeout)
           ^^^^^^^^^^^^^^^^^^^^^^^^^^^^^^^
  File "/opt/hostedtoolcache/Python/3.12.14/x64/lib/python3.12/urllib/request.py", line 515, in open
    response = self._open(req, data)
               ^^^^^^^^^^^^^^^^^^^^^
  File "/opt/hostedtoolcache/Python/3.12.14/x64/lib/python3.12/urllib/request.py", line 532, in _open
    result = self._call_chain(self.handle_open, protocol, protocol +
             ^^^^^^^^^^^^^^^^^^^^^^^^^^^^^^^^^^^^^^^^^^^^^^^^^^^^^^^
  File "/opt/hostedtoolcache/Python/3.12.14/x64/lib/python3.12/urllib/request.py", line 492, in _call_chain
    result = func(*args)
             ^^^^^^^^^^^
  File "/opt/hostedtoolcache/Python/3.12.14/x64/lib/python3.12/urllib/request.py", line 1392, in https_open
    return self.do_open(http.client.HTTPSConnection, req,
           ^^^^^^^^^^^^^^^^^^^^^^^^^^^^^^^^^^^^^^^^^^^^^^
  File "/opt/hostedtoolcache/Python/3.12.14/x64/lib/python3.12/urllib/request.py", line 1347, in do_open
    raise URLError(err)
urllib.error.URLError: <urlopen error [Errno 104] Connection reset by peer>
2026-08-26 11:24:31,917 INFO 던전앤파이터: refreshed 26 ongoing candidates
2026-08-26 11:24:32,738 ERROR 테일즈런너: refresh failed; kept previous archive state: HTTP Error 403: Forbidden
Traceback (most recent call last):
  File "/home/runner/work/plan_gen/plan_gen/web/backend/event_bench_refresh.py", line 134, in main
    candidates = [asdict(item) for item in collector()]
                                           ^^^^^^^^^^^
  File "/home/runner/work/plan_gen/plan_gen/web/backend/app/event_bench/nexon_sample.py", line 514, in collect_talesrunner_events
    payload = json.loads(_fetch_html(TALESRUNNER_EVENT_API_URL))
                         ^^^^^^^^^^^^^^^^^^^^^^^^^^^^^^^^^^^^^^
  File "/home/runner/work/plan_gen/plan_gen/web/backend/app/event_bench/nexon_sample.py", line 58, in _fetch_html
    with urlopen(request, timeout=20) as response:  # noqa: S310 - explicit verified official URLs
         ^^^^^^^^^^^^^^^^^^^^^^^^^^^^
  File "/opt/hostedtoolcache/Python/3.12.14/x64/lib/python3.12/urllib/request.py", line 215, in urlopen
    return opener.open(url, data, timeout)
           ^^^^^^^^^^^^^^^^^^^^^^^^^^^^^^^
  File "/opt/hostedtoolcache/Python/3.12.14/x64/lib/python3.12/urllib/request.py", line 521, in open
    response = meth(req, response)
               ^^^^^^^^^^^^^^^^^^^
  File "/opt/hostedtoolcache/Python/3.12.14/x64/lib/python3.12/urllib/request.py", line 630, in http_response
    response = self.parent.error(
               ^^^^^^^^^^^^^^^^^^
  File "/opt/hostedtoolcache/Python/3.12.14/x64/lib/python3.12/urllib/request.py", line 559, in error
    return self._call_chain(*args)
           ^^^^^^^^^^^^^^^^^^^^^^^
  File "/opt/hostedtoolcache/Python/3.12.14/x64/lib/python3.12/urllib/request.py", line 492, in _call_chain
    result = func(*args)
             ^^^^^^^^^^^
  File "/opt/hostedtoolcache/Python/3.12.14/x64/lib/python3.12/urllib/request.py", line 639, in http_error_default
    raise HTTPError(req.full_url, code, msg, hdrs, fp)
urllib.error.HTTPError: HTTP Error 403: Forbidden
2026-08-26 11:24:36,324 INFO 카운터스트라이크 온라인: refreshed 2 ongoing candidates
2026-08-26 11:24:38,298 INFO 마비노기 영웅전: refreshed 17 ongoing candidates
2026-08-26 11:24:39,298 INFO 라그나로크: refreshed 10 ongoing candidates
2026-08-26 11:24:39,301 INFO Refresh complete: 192 total archived / 181 active candidates
2026-08-26 12:35:10,375 INFO FC ONLINE: refreshed 17 ongoing candidates
2026-08-26 12:35:47,724 INFO 메이플스토리: refreshed 20 ongoing candidates
2026-08-26 12:35:47,839 ERROR 마비노기: refresh failed; kept previous archive state: HTTP Error 403: Forbidden
Traceback (most recent call last):
  File "/home/runner/work/plan_gen/plan_gen/web/backend/event_bench_refresh.py", line 134, in main
    candidates = [asdict(item) for item in collector()]
                                           ^^^^^^^^^^^
  File "/home/runner/work/plan_gen/plan_gen/web/backend/app/event_bench/nexon_sample.py", line 219, in collect_mabinogi_events
    first_soup = BeautifulSoup(_fetch_html(MABINOGI_EVENTS_URL), "html.parser")
                               ^^^^^^^^^^^^^^^^^^^^^^^^^^^^^^^^
  File "/home/runner/work/plan_gen/plan_gen/web/backend/app/event_bench/nexon_sample.py", line 58, in _fetch_html
    with urlopen(request, timeout=20) as response:  # noqa: S310 - explicit verified official URLs
         ^^^^^^^^^^^^^^^^^^^^^^^^^^^^
  File "/opt/hostedtoolcache/Python/3.12.14/x64/lib/python3.12/urllib/request.py", line 215, in urlopen
    return opener.open(url, data, timeout)
           ^^^^^^^^^^^^^^^^^^^^^^^^^^^^^^^
  File "/opt/hostedtoolcache/Python/3.12.14/x64/lib/python3.12/urllib/request.py", line 521, in open
    response = meth(req, response)
               ^^^^^^^^^^^^^^^^^^^
  File "/opt/hostedtoolcache/Python/3.12.14/x64/lib/python3.12/urllib/request.py", line 630, in http_response
    response = self.parent.error(
               ^^^^^^^^^^^^^^^^^^
  File "/opt/hostedtoolcache/Python/3.12.14/x64/lib/python3.12/urllib/request.py", line 559, in error
    return self._call_chain(*args)
           ^^^^^^^^^^^^^^^^^^^^^^^
  File "/opt/hostedtoolcache/Python/3.12.14/x64/lib/python3.12/urllib/request.py", line 492, in _call_chain
    result = func(*args)
             ^^^^^^^^^^^
  File "/opt/hostedtoolcache/Python/3.12.14/x64/lib/python3.12/urllib/request.py", line 639, in http_error_default
    raise HTTPError(req.full_url, code, msg, hdrs, fp)
urllib.error.HTTPError: HTTP Error 403: Forbidden
2026-08-26 12:35:48,006 ERROR 테일즈위버: refresh failed; kept previous archive state: Command '['/usr/bin/curl', '-L', '--fail', '--silent', '--show-error', '--max-time', '20', '-A', 'Mozilla/5.0 (Windows NT 10.0; Win64; x64) AppleWebKit/537.36 Chrome/139 Safari/537.36', '-H', 'Accept-Language: ko-KR,ko;q=0.9', '-H', 'Referer: https://tales.nexon.com/', 'https://tales.nexon.com/News/Event']' returned non-zero exit status 22.
Traceback (most recent call last):
  File "/home/runner/work/plan_gen/plan_gen/web/backend/event_bench_refresh.py", line 134, in main
    candidates = [asdict(item) for item in collector()]
                                           ^^^^^^^^^^^
  File "/home/runner/work/plan_gen/plan_gen/web/backend/app/event_bench/nexon_sample.py", line 248, in collect_talesweaver_events
    first_soup = BeautifulSoup(_fetch_talesweaver_html(), "html.parser")
                               ^^^^^^^^^^^^^^^^^^^^^^^^^
  File "/home/runner/work/plan_gen/plan_gen/web/backend/app/event_bench/nexon_sample.py", line 117, in _fetch_talesweaver_html
    result = subprocess.run(
             ^^^^^^^^^^^^^^^
  File "/opt/hostedtoolcache/Python/3.12.14/x64/lib/python3.12/subprocess.py", line 571, in run
    raise CalledProcessError(retcode, process.args,
subprocess.CalledProcessError: Command '['/usr/bin/curl', '-L', '--fail', '--silent', '--show-error', '--max-time', '20', '-A', 'Mozilla/5.0 (Windows NT 10.0; Win64; x64) AppleWebKit/537.36 Chrome/139 Safari/537.36', '-H', 'Accept-Language: ko-KR,ko;q=0.9', '-H', 'Referer: https://tales.nexon.com/', 'https://tales.nexon.com/News/Event']' returned non-zero exit status 22.
2026-08-26 12:36:44,633 INFO 엘소드: refreshed 24 ongoing candidates
2026-08-26 12:36:51,766 INFO 바람의나라: refreshed 4 ongoing candidates
2026-08-26 12:37:10,692 INFO 로스트아크: refreshed 10 ongoing candidates
2026-08-26 12:37:11,536 ERROR 리니지: refresh failed; kept previous archive state: collector returned no candidates
Traceback (most recent call last):
  File "/home/runner/work/plan_gen/plan_gen/web/backend/event_bench_refresh.py", line 136, in main
    raise RuntimeError("collector returned no candidates")
RuntimeError: collector returned no candidates
2026-08-26 12:38:07,302 INFO 검은사막: refreshed 23 ongoing candidates
2026-08-26 12:38:08,429 ERROR 거상: refresh failed; kept previous archive state: <urlopen error [Errno 104] Connection reset by peer>
Traceback (most recent call last):
  File "/opt/hostedtoolcache/Python/3.12.14/x64/lib/python3.12/urllib/request.py", line 1344, in do_open
    h.request(req.get_method(), req.selector, req.data, headers,
  File "/opt/hostedtoolcache/Python/3.12.14/x64/lib/python3.12/http/client.py", line 1386, in request
    self._send_request(method, url, body, headers, encode_chunked)
  File "/opt/hostedtoolcache/Python/3.12.14/x64/lib/python3.12/http/client.py", line 1432, in _send_request
    self.endheaders(body, encode_chunked=encode_chunked)
  File "/opt/hostedtoolcache/Python/3.12.14/x64/lib/python3.12/http/client.py", line 1381, in endheaders
    self._send_output(message_body, encode_chunked=encode_chunked)
  File "/opt/hostedtoolcache/Python/3.12.14/x64/lib/python3.12/http/client.py", line 1141, in _send_output
    self.send(msg)
  File "/opt/hostedtoolcache/Python/3.12.14/x64/lib/python3.12/http/client.py", line 1085, in send
    self.connect()
  File "/opt/hostedtoolcache/Python/3.12.14/x64/lib/python3.12/http/client.py", line 1527, in connect
    self.sock = self._context.wrap_socket(self.sock,
                ^^^^^^^^^^^^^^^^^^^^^^^^^^^^^^^^^^^^
  File "/opt/hostedtoolcache/Python/3.12.14/x64/lib/python3.12/ssl.py", line 455, in wrap_socket
    return self.sslsocket_class._create(
           ^^^^^^^^^^^^^^^^^^^^^^^^^^^^^
  File "/opt/hostedtoolcache/Python/3.12.14/x64/lib/python3.12/ssl.py", line 1041, in _create
    self.do_handshake()
  File "/opt/hostedtoolcache/Python/3.12.14/x64/lib/python3.12/ssl.py", line 1319, in do_handshake
    self._sslobj.do_handshake()
ConnectionResetError: [Errno 104] Connection reset by peer

During handling of the above exception, another exception occurred:

Traceback (most recent call last):
  File "/home/runner/work/plan_gen/plan_gen/web/backend/event_bench_refresh.py", line 134, in main
    candidates = [asdict(item) for item in collector()]
                                           ^^^^^^^^^^^
  File "/home/runner/work/plan_gen/plan_gen/web/backend/app/event_bench/nexon_sample.py", line 366, in collect_gersang_events
    soup = BeautifulSoup(_fetch_html(GERSANG_EVENTS_URL), "html.parser")
                         ^^^^^^^^^^^^^^^^^^^^^^^^^^^^^^^
  File "/home/runner/work/plan_gen/plan_gen/web/backend/app/event_bench/nexon_sample.py", line 58, in _fetch_html
    with urlopen(request, timeout=20) as response:  # noqa: S310 - explicit verified official URLs
         ^^^^^^^^^^^^^^^^^^^^^^^^^^^^
  File "/opt/hostedtoolcache/Python/3.12.14/x64/lib/python3.12/urllib/request.py", line 215, in urlopen
    return opener.open(url, data, timeout)
           ^^^^^^^^^^^^^^^^^^^^^^^^^^^^^^^
  File "/opt/hostedtoolcache/Python/3.12.14/x64/lib/python3.12/urllib/request.py", line 515, in open
    response = self._open(req, data)
               ^^^^^^^^^^^^^^^^^^^^^
  File "/opt/hostedtoolcache/Python/3.12.14/x64/lib/python3.12/urllib/request.py", line 532, in _open
    result = self._call_chain(self.handle_open, protocol, protocol +
             ^^^^^^^^^^^^^^^^^^^^^^^^^^^^^^^^^^^^^^^^^^^^^^^^^^^^^^^
  File "/opt/hostedtoolcache/Python/3.12.14/x64/lib/python3.12/urllib/request.py", line 492, in _call_chain
    result = func(*args)
             ^^^^^^^^^^^
  File "/opt/hostedtoolcache/Python/3.12.14/x64/lib/python3.12/urllib/request.py", line 1392, in https_open
    return self.do_open(http.client.HTTPSConnection, req,
           ^^^^^^^^^^^^^^^^^^^^^^^^^^^^^^^^^^^^^^^^^^^^^^
  File "/opt/hostedtoolcache/Python/3.12.14/x64/lib/python3.12/urllib/request.py", line 1347, in do_open
    raise URLError(err)
urllib.error.URLError: <urlopen error [Errno 104] Connection reset by peer>
2026-08-26 12:38:48,404 INFO 던전앤파이터: refreshed 26 ongoing candidates
2026-08-26 12:38:49,780 ERROR 테일즈런너: refresh failed; kept previous archive state: HTTP Error 403: Forbidden
Traceback (most recent call last):
  File "/home/runner/work/plan_gen/plan_gen/web/backend/event_bench_refresh.py", line 134, in main
    candidates = [asdict(item) for item in collector()]
                                           ^^^^^^^^^^^
  File "/home/runner/work/plan_gen/plan_gen/web/backend/app/event_bench/nexon_sample.py", line 514, in collect_talesrunner_events
    payload = json.loads(_fetch_html(TALESRUNNER_EVENT_API_URL))
                         ^^^^^^^^^^^^^^^^^^^^^^^^^^^^^^^^^^^^^^
  File "/home/runner/work/plan_gen/plan_gen/web/backend/app/event_bench/nexon_sample.py", line 58, in _fetch_html
    with urlopen(request, timeout=20) as response:  # noqa: S310 - explicit verified official URLs
         ^^^^^^^^^^^^^^^^^^^^^^^^^^^^
  File "/opt/hostedtoolcache/Python/3.12.14/x64/lib/python3.12/urllib/request.py", line 215, in urlopen
    return opener.open(url, data, timeout)
           ^^^^^^^^^^^^^^^^^^^^^^^^^^^^^^^
  File "/opt/hostedtoolcache/Python/3.12.14/x64/lib/python3.12/urllib/request.py", line 521, in open
    response = meth(req, response)
               ^^^^^^^^^^^^^^^^^^^
  File "/opt/hostedtoolcache/Python/3.12.14/x64/lib/python3.12/urllib/request.py", line 630, in http_response
    response = self.parent.error(
               ^^^^^^^^^^^^^^^^^^
  File "/opt/hostedtoolcache/Python/3.12.14/x64/lib/python3.12/urllib/request.py", line 559, in error
    return self._call_chain(*args)
           ^^^^^^^^^^^^^^^^^^^^^^^
  File "/opt/hostedtoolcache/Python/3.12.14/x64/lib/python3.12/urllib/request.py", line 492, in _call_chain
    result = func(*args)
             ^^^^^^^^^^^
  File "/opt/hostedtoolcache/Python/3.12.14/x64/lib/python3.12/urllib/request.py", line 639, in http_error_default
    raise HTTPError(req.full_url, code, msg, hdrs, fp)
urllib.error.HTTPError: HTTP Error 403: Forbidden
2026-08-26 12:38:55,653 INFO 카운터스트라이크 온라인: refreshed 2 ongoing candidates
2026-08-26 12:38:59,626 INFO 마비노기 영웅전: refreshed 17 ongoing candidates
2026-08-26 12:39:00,403 INFO 라그나로크: refreshed 10 ongoing candidates
2026-08-26 12:39:00,405 INFO Refresh complete: 192 total archived / 181 active candidates
2026-08-26 13:27:24,098 INFO FC ONLINE: refreshed 17 ongoing candidates
2026-08-26 13:27:54,287 INFO 메이플스토리: refreshed 20 ongoing candidates
2026-08-26 13:27:54,462 ERROR 마비노기: refresh failed; kept previous archive state: HTTP Error 403: Forbidden
Traceback (most recent call last):
  File "/home/runner/work/plan_gen/plan_gen/web/backend/event_bench_refresh.py", line 134, in main
    candidates = [asdict(item) for item in collector()]
                                           ^^^^^^^^^^^
  File "/home/runner/work/plan_gen/plan_gen/web/backend/app/event_bench/nexon_sample.py", line 219, in collect_mabinogi_events
    first_soup = BeautifulSoup(_fetch_html(MABINOGI_EVENTS_URL), "html.parser")
                               ^^^^^^^^^^^^^^^^^^^^^^^^^^^^^^^^
  File "/home/runner/work/plan_gen/plan_gen/web/backend/app/event_bench/nexon_sample.py", line 58, in _fetch_html
    with urlopen(request, timeout=20) as response:  # noqa: S310 - explicit verified official URLs
         ^^^^^^^^^^^^^^^^^^^^^^^^^^^^
  File "/opt/hostedtoolcache/Python/3.12.14/x64/lib/python3.12/urllib/request.py", line 215, in urlopen
    return opener.open(url, data, timeout)
           ^^^^^^^^^^^^^^^^^^^^^^^^^^^^^^^
  File "/opt/hostedtoolcache/Python/3.12.14/x64/lib/python3.12/urllib/request.py", line 521, in open
    response = meth(req, response)
               ^^^^^^^^^^^^^^^^^^^
  File "/opt/hostedtoolcache/Python/3.12.14/x64/lib/python3.12/urllib/request.py", line 630, in http_response
    response = self.parent.error(
               ^^^^^^^^^^^^^^^^^^
  File "/opt/hostedtoolcache/Python/3.12.14/x64/lib/python3.12/urllib/request.py", line 559, in error
    return self._call_chain(*args)
           ^^^^^^^^^^^^^^^^^^^^^^^
  File "/opt/hostedtoolcache/Python/3.12.14/x64/lib/python3.12/urllib/request.py", line 492, in _call_chain
    result = func(*args)
             ^^^^^^^^^^^
  File "/opt/hostedtoolcache/Python/3.12.14/x64/lib/python3.12/urllib/request.py", line 639, in http_error_default
    raise HTTPError(req.full_url, code, msg, hdrs, fp)
urllib.error.HTTPError: HTTP Error 403: Forbidden
2026-08-26 13:27:54,651 ERROR 테일즈위버: refresh failed; kept previous archive state: Command '['/usr/bin/curl', '-L', '--fail', '--silent', '--show-error', '--max-time', '20', '-A', 'Mozilla/5.0 (Windows NT 10.0; Win64; x64) AppleWebKit/537.36 Chrome/139 Safari/537.36', '-H', 'Accept-Language: ko-KR,ko;q=0.9', '-H', 'Referer: https://tales.nexon.com/', 'https://tales.nexon.com/News/Event']' returned non-zero exit status 22.
Traceback (most recent call last):
  File "/home/runner/work/plan_gen/plan_gen/web/backend/event_bench_refresh.py", line 134, in main
    candidates = [asdict(item) for item in collector()]
                                           ^^^^^^^^^^^
  File "/home/runner/work/plan_gen/plan_gen/web/backend/app/event_bench/nexon_sample.py", line 248, in collect_talesweaver_events
    first_soup = BeautifulSoup(_fetch_talesweaver_html(), "html.parser")
                               ^^^^^^^^^^^^^^^^^^^^^^^^^
  File "/home/runner/work/plan_gen/plan_gen/web/backend/app/event_bench/nexon_sample.py", line 117, in _fetch_talesweaver_html
    result = subprocess.run(
             ^^^^^^^^^^^^^^^
  File "/opt/hostedtoolcache/Python/3.12.14/x64/lib/python3.12/subprocess.py", line 571, in run
    raise CalledProcessError(retcode, process.args,
subprocess.CalledProcessError: Command '['/usr/bin/curl', '-L', '--fail', '--silent', '--show-error', '--max-time', '20', '-A', 'Mozilla/5.0 (Windows NT 10.0; Win64; x64) AppleWebKit/537.36 Chrome/139 Safari/537.36', '-H', 'Accept-Language: ko-KR,ko;q=0.9', '-H', 'Referer: https://tales.nexon.com/', 'https://tales.nexon.com/News/Event']' returned non-zero exit status 22.
2026-08-26 13:28:45,688 INFO 엘소드: refreshed 24 ongoing candidates
2026-08-26 13:28:51,893 INFO 바람의나라: refreshed 4 ongoing candidates
2026-08-26 13:29:09,676 INFO 로스트아크: refreshed 10 ongoing candidates
2026-08-26 13:29:10,548 ERROR 리니지: refresh failed; kept previous archive state: collector returned no candidates
Traceback (most recent call last):
  File "/home/runner/work/plan_gen/plan_gen/web/backend/event_bench_refresh.py", line 136, in main
    raise RuntimeError("collector returned no candidates")
RuntimeError: collector returned no candidates
2026-08-26 13:30:06,781 INFO 검은사막: refreshed 23 ongoing candidates
2026-08-26 13:30:07,414 ERROR 거상: refresh failed; kept previous archive state: <urlopen error [Errno 104] Connection reset by peer>
Traceback (most recent call last):
  File "/opt/hostedtoolcache/Python/3.12.14/x64/lib/python3.12/urllib/request.py", line 1344, in do_open
    h.request(req.get_method(), req.selector, req.data, headers,
  File "/opt/hostedtoolcache/Python/3.12.14/x64/lib/python3.12/http/client.py", line 1386, in request
    self._send_request(method, url, body, headers, encode_chunked)
  File "/opt/hostedtoolcache/Python/3.12.14/x64/lib/python3.12/http/client.py", line 1432, in _send_request
    self.endheaders(body, encode_chunked=encode_chunked)
  File "/opt/hostedtoolcache/Python/3.12.14/x64/lib/python3.12/http/client.py", line 1381, in endheaders
    self._send_output(message_body, encode_chunked=encode_chunked)
  File "/opt/hostedtoolcache/Python/3.12.14/x64/lib/python3.12/http/client.py", line 1141, in _send_output
    self.send(msg)
  File "/opt/hostedtoolcache/Python/3.12.14/x64/lib/python3.12/http/client.py", line 1085, in send
    self.connect()
  File "/opt/hostedtoolcache/Python/3.12.14/x64/lib/python3.12/http/client.py", line 1527, in connect
    self.sock = self._context.wrap_socket(self.sock,
                ^^^^^^^^^^^^^^^^^^^^^^^^^^^^^^^^^^^^
  File "/opt/hostedtoolcache/Python/3.12.14/x64/lib/python3.12/ssl.py", line 455, in wrap_socket
    return self.sslsocket_class._create(
           ^^^^^^^^^^^^^^^^^^^^^^^^^^^^^
  File "/opt/hostedtoolcache/Python/3.12.14/x64/lib/python3.12/ssl.py", line 1041, in _create
    self.do_handshake()
  File "/opt/hostedtoolcache/Python/3.12.14/x64/lib/python3.12/ssl.py", line 1319, in do_handshake
    self._sslobj.do_handshake()
ConnectionResetError: [Errno 104] Connection reset by peer

During handling of the above exception, another exception occurred:

Traceback (most recent call last):
  File "/home/runner/work/plan_gen/plan_gen/web/backend/event_bench_refresh.py", line 134, in main
    candidates = [asdict(item) for item in collector()]
                                           ^^^^^^^^^^^
  File "/home/runner/work/plan_gen/plan_gen/web/backend/app/event_bench/nexon_sample.py", line 366, in collect_gersang_events
    soup = BeautifulSoup(_fetch_html(GERSANG_EVENTS_URL), "html.parser")
                         ^^^^^^^^^^^^^^^^^^^^^^^^^^^^^^^
  File "/home/runner/work/plan_gen/plan_gen/web/backend/app/event_bench/nexon_sample.py", line 58, in _fetch_html
    with urlopen(request, timeout=20) as response:  # noqa: S310 - explicit verified official URLs
         ^^^^^^^^^^^^^^^^^^^^^^^^^^^^
  File "/opt/hostedtoolcache/Python/3.12.14/x64/lib/python3.12/urllib/request.py", line 215, in urlopen
    return opener.open(url, data, timeout)
           ^^^^^^^^^^^^^^^^^^^^^^^^^^^^^^^
  File "/opt/hostedtoolcache/Python/3.12.14/x64/lib/python3.12/urllib/request.py", line 515, in open
    response = self._open(req, data)
               ^^^^^^^^^^^^^^^^^^^^^
  File "/opt/hostedtoolcache/Python/3.12.14/x64/lib/python3.12/urllib/request.py", line 532, in _open
    result = self._call_chain(self.handle_open, protocol, protocol +
             ^^^^^^^^^^^^^^^^^^^^^^^^^^^^^^^^^^^^^^^^^^^^^^^^^^^^^^^
  File "/opt/hostedtoolcache/Python/3.12.14/x64/lib/python3.12/urllib/request.py", line 492, in _call_chain
    result = func(*args)
             ^^^^^^^^^^^
  File "/opt/hostedtoolcache/Python/3.12.14/x64/lib/python3.12/urllib/request.py", line 1392, in https_open
    return self.do_open(http.client.HTTPSConnection, req,
           ^^^^^^^^^^^^^^^^^^^^^^^^^^^^^^^^^^^^^^^^^^^^^^
  File "/opt/hostedtoolcache/Python/3.12.14/x64/lib/python3.12/urllib/request.py", line 1347, in do_open
    raise URLError(err)
urllib.error.URLError: <urlopen error [Errno 104] Connection reset by peer>
2026-08-26 13:30:38,983 INFO 던전앤파이터: refreshed 26 ongoing candidates
2026-08-26 13:30:40,195 ERROR 테일즈런너: refresh failed; kept previous archive state: HTTP Error 403: Forbidden
Traceback (most recent call last):
  File "/home/runner/work/plan_gen/plan_gen/web/backend/event_bench_refresh.py", line 134, in main
    candidates = [asdict(item) for item in collector()]
                                           ^^^^^^^^^^^
  File "/home/runner/work/plan_gen/plan_gen/web/backend/app/event_bench/nexon_sample.py", line 514, in collect_talesrunner_events
    payload = json.loads(_fetch_html(TALESRUNNER_EVENT_API_URL))
                         ^^^^^^^^^^^^^^^^^^^^^^^^^^^^^^^^^^^^^^
  File "/home/runner/work/plan_gen/plan_gen/web/backend/app/event_bench/nexon_sample.py", line 58, in _fetch_html
    with urlopen(request, timeout=20) as response:  # noqa: S310 - explicit verified official URLs
         ^^^^^^^^^^^^^^^^^^^^^^^^^^^^
  File "/opt/hostedtoolcache/Python/3.12.14/x64/lib/python3.12/urllib/request.py", line 215, in urlopen
    return opener.open(url, data, timeout)
           ^^^^^^^^^^^^^^^^^^^^^^^^^^^^^^^
  File "/opt/hostedtoolcache/Python/3.12.14/x64/lib/python3.12/urllib/request.py", line 521, in open
    response = meth(req, response)
               ^^^^^^^^^^^^^^^^^^^
  File "/opt/hostedtoolcache/Python/3.12.14/x64/lib/python3.12/urllib/request.py", line 630, in http_response
    response = self.parent.error(
               ^^^^^^^^^^^^^^^^^^
  File "/opt/hostedtoolcache/Python/3.12.14/x64/lib/python3.12/urllib/request.py", line 559, in error
    return self._call_chain(*args)
           ^^^^^^^^^^^^^^^^^^^^^^^
  File "/opt/hostedtoolcache/Python/3.12.14/x64/lib/python3.12/urllib/request.py", line 492, in _call_chain
    result = func(*args)
             ^^^^^^^^^^^
  File "/opt/hostedtoolcache/Python/3.12.14/x64/lib/python3.12/urllib/request.py", line 639, in http_error_default
    raise HTTPError(req.full_url, code, msg, hdrs, fp)
urllib.error.HTTPError: HTTP Error 403: Forbidden
2026-08-26 13:30:44,654 INFO 카운터스트라이크 온라인: refreshed 2 ongoing candidates
2026-08-26 13:30:52,491 INFO 마비노기 영웅전: refreshed 17 ongoing candidates
2026-08-26 13:30:53,548 INFO 라그나로크: refreshed 10 ongoing candidates
2026-08-26 13:30:53,551 INFO Refresh complete: 192 total archived / 181 active candidates
2026-08-26 13:47:43,434 INFO FC ONLINE: refreshed 17 ongoing candidates
2026-08-26 13:48:14,029 INFO 메이플스토리: refreshed 20 ongoing candidates
2026-08-26 13:48:14,271 ERROR 마비노기: refresh failed; kept previous archive state: HTTP Error 403: Forbidden
Traceback (most recent call last):
  File "/home/runner/work/plan_gen/plan_gen/web/backend/event_bench_refresh.py", line 134, in main
    candidates = [asdict(item) for item in collector()]
                                           ^^^^^^^^^^^
  File "/home/runner/work/plan_gen/plan_gen/web/backend/app/event_bench/nexon_sample.py", line 219, in collect_mabinogi_events
    first_soup = BeautifulSoup(_fetch_html(MABINOGI_EVENTS_URL), "html.parser")
                               ^^^^^^^^^^^^^^^^^^^^^^^^^^^^^^^^
  File "/home/runner/work/plan_gen/plan_gen/web/backend/app/event_bench/nexon_sample.py", line 58, in _fetch_html
    with urlopen(request, timeout=20) as response:  # noqa: S310 - explicit verified official URLs
         ^^^^^^^^^^^^^^^^^^^^^^^^^^^^
  File "/opt/hostedtoolcache/Python/3.12.14/x64/lib/python3.12/urllib/request.py", line 215, in urlopen
    return opener.open(url, data, timeout)
           ^^^^^^^^^^^^^^^^^^^^^^^^^^^^^^^
  File "/opt/hostedtoolcache/Python/3.12.14/x64/lib/python3.12/urllib/request.py", line 521, in open
    response = meth(req, response)
               ^^^^^^^^^^^^^^^^^^^
  File "/opt/hostedtoolcache/Python/3.12.14/x64/lib/python3.12/urllib/request.py", line 630, in http_response
    response = self.parent.error(
               ^^^^^^^^^^^^^^^^^^
  File "/opt/hostedtoolcache/Python/3.12.14/x64/lib/python3.12/urllib/request.py", line 559, in error
    return self._call_chain(*args)
           ^^^^^^^^^^^^^^^^^^^^^^^
  File "/opt/hostedtoolcache/Python/3.12.14/x64/lib/python3.12/urllib/request.py", line 492, in _call_chain
    result = func(*args)
             ^^^^^^^^^^^
  File "/opt/hostedtoolcache/Python/3.12.14/x64/lib/python3.12/urllib/request.py", line 639, in http_error_default
    raise HTTPError(req.full_url, code, msg, hdrs, fp)
urllib.error.HTTPError: HTTP Error 403: Forbidden
2026-08-26 13:48:14,474 ERROR 테일즈위버: refresh failed; kept previous archive state: Command '['/usr/bin/curl', '-L', '--fail', '--silent', '--show-error', '--max-time', '20', '-A', 'Mozilla/5.0 (Windows NT 10.0; Win64; x64) AppleWebKit/537.36 Chrome/139 Safari/537.36', '-H', 'Accept-Language: ko-KR,ko;q=0.9', '-H', 'Referer: https://tales.nexon.com/', 'https://tales.nexon.com/News/Event']' returned non-zero exit status 22.
Traceback (most recent call last):
  File "/home/runner/work/plan_gen/plan_gen/web/backend/event_bench_refresh.py", line 134, in main
    candidates = [asdict(item) for item in collector()]
                                           ^^^^^^^^^^^
  File "/home/runner/work/plan_gen/plan_gen/web/backend/app/event_bench/nexon_sample.py", line 248, in collect_talesweaver_events
    first_soup = BeautifulSoup(_fetch_talesweaver_html(), "html.parser")
                               ^^^^^^^^^^^^^^^^^^^^^^^^^
  File "/home/runner/work/plan_gen/plan_gen/web/backend/app/event_bench/nexon_sample.py", line 117, in _fetch_talesweaver_html
    result = subprocess.run(
             ^^^^^^^^^^^^^^^
  File "/opt/hostedtoolcache/Python/3.12.14/x64/lib/python3.12/subprocess.py", line 571, in run
    raise CalledProcessError(retcode, process.args,
subprocess.CalledProcessError: Command '['/usr/bin/curl', '-L', '--fail', '--silent', '--show-error', '--max-time', '20', '-A', 'Mozilla/5.0 (Windows NT 10.0; Win64; x64) AppleWebKit/537.36 Chrome/139 Safari/537.36', '-H', 'Accept-Language: ko-KR,ko;q=0.9', '-H', 'Referer: https://tales.nexon.com/', 'https://tales.nexon.com/News/Event']' returned non-zero exit status 22.
2026-08-26 13:48:58,411 INFO 엘소드: refreshed 24 ongoing candidates
2026-08-26 13:49:04,556 INFO 바람의나라: refreshed 4 ongoing candidates
2026-08-26 13:49:18,876 INFO 로스트아크: refreshed 10 ongoing candidates
2026-08-26 13:49:19,680 ERROR 리니지: refresh failed; kept previous archive state: collector returned no candidates
Traceback (most recent call last):
  File "/home/runner/work/plan_gen/plan_gen/web/backend/event_bench_refresh.py", line 136, in main
    raise RuntimeError("collector returned no candidates")
RuntimeError: collector returned no candidates
2026-08-26 13:50:09,656 INFO 검은사막: refreshed 23 ongoing candidates
2026-08-26 13:50:10,245 ERROR 거상: refresh failed; kept previous archive state: <urlopen error [Errno 104] Connection reset by peer>
Traceback (most recent call last):
  File "/opt/hostedtoolcache/Python/3.12.14/x64/lib/python3.12/urllib/request.py", line 1344, in do_open
    h.request(req.get_method(), req.selector, req.data, headers,
  File "/opt/hostedtoolcache/Python/3.12.14/x64/lib/python3.12/http/client.py", line 1386, in request
    self._send_request(method, url, body, headers, encode_chunked)
  File "/opt/hostedtoolcache/Python/3.12.14/x64/lib/python3.12/http/client.py", line 1432, in _send_request
    self.endheaders(body, encode_chunked=encode_chunked)
  File "/opt/hostedtoolcache/Python/3.12.14/x64/lib/python3.12/http/client.py", line 1381, in endheaders
    self._send_output(message_body, encode_chunked=encode_chunked)
  File "/opt/hostedtoolcache/Python/3.12.14/x64/lib/python3.12/http/client.py", line 1141, in _send_output
    self.send(msg)
  File "/opt/hostedtoolcache/Python/3.12.14/x64/lib/python3.12/http/client.py", line 1085, in send
    self.connect()
  File "/opt/hostedtoolcache/Python/3.12.14/x64/lib/python3.12/http/client.py", line 1527, in connect
    self.sock = self._context.wrap_socket(self.sock,
                ^^^^^^^^^^^^^^^^^^^^^^^^^^^^^^^^^^^^
  File "/opt/hostedtoolcache/Python/3.12.14/x64/lib/python3.12/ssl.py", line 455, in wrap_socket
    return self.sslsocket_class._create(
           ^^^^^^^^^^^^^^^^^^^^^^^^^^^^^
  File "/opt/hostedtoolcache/Python/3.12.14/x64/lib/python3.12/ssl.py", line 1041, in _create
    self.do_handshake()
  File "/opt/hostedtoolcache/Python/3.12.14/x64/lib/python3.12/ssl.py", line 1319, in do_handshake
    self._sslobj.do_handshake()
ConnectionResetError: [Errno 104] Connection reset by peer

During handling of the above exception, another exception occurred:

Traceback (most recent call last):
  File "/home/runner/work/plan_gen/plan_gen/web/backend/event_bench_refresh.py", line 134, in main
    candidates = [asdict(item) for item in collector()]
                                           ^^^^^^^^^^^
  File "/home/runner/work/plan_gen/plan_gen/web/backend/app/event_bench/nexon_sample.py", line 366, in collect_gersang_events
    soup = BeautifulSoup(_fetch_html(GERSANG_EVENTS_URL), "html.parser")
                         ^^^^^^^^^^^^^^^^^^^^^^^^^^^^^^^
  File "/home/runner/work/plan_gen/plan_gen/web/backend/app/event_bench/nexon_sample.py", line 58, in _fetch_html
    with urlopen(request, timeout=20) as response:  # noqa: S310 - explicit verified official URLs
         ^^^^^^^^^^^^^^^^^^^^^^^^^^^^
  File "/opt/hostedtoolcache/Python/3.12.14/x64/lib/python3.12/urllib/request.py", line 215, in urlopen
    return opener.open(url, data, timeout)
           ^^^^^^^^^^^^^^^^^^^^^^^^^^^^^^^
  File "/opt/hostedtoolcache/Python/3.12.14/x64/lib/python3.12/urllib/request.py", line 515, in open
    response = self._open(req, data)
               ^^^^^^^^^^^^^^^^^^^^^
  File "/opt/hostedtoolcache/Python/3.12.14/x64/lib/python3.12/urllib/request.py", line 532, in _open
    result = self._call_chain(self.handle_open, protocol, protocol +
             ^^^^^^^^^^^^^^^^^^^^^^^^^^^^^^^^^^^^^^^^^^^^^^^^^^^^^^^
  File "/opt/hostedtoolcache/Python/3.12.14/x64/lib/python3.12/urllib/request.py", line 492, in _call_chain
    result = func(*args)
             ^^^^^^^^^^^
  File "/opt/hostedtoolcache/Python/3.12.14/x64/lib/python3.12/urllib/request.py", line 1392, in https_open
    return self.do_open(http.client.HTTPSConnection, req,
           ^^^^^^^^^^^^^^^^^^^^^^^^^^^^^^^^^^^^^^^^^^^^^^
  File "/opt/hostedtoolcache/Python/3.12.14/x64/lib/python3.12/urllib/request.py", line 1347, in do_open
    raise URLError(err)
urllib.error.URLError: <urlopen error [Errno 104] Connection reset by peer>
2026-08-26 13:50:39,288 INFO 던전앤파이터: refreshed 26 ongoing candidates
2026-08-26 13:50:40,288 ERROR 테일즈런너: refresh failed; kept previous archive state: HTTP Error 403: Forbidden
Traceback (most recent call last):
  File "/home/runner/work/plan_gen/plan_gen/web/backend/event_bench_refresh.py", line 134, in main
    candidates = [asdict(item) for item in collector()]
                                           ^^^^^^^^^^^
  File "/home/runner/work/plan_gen/plan_gen/web/backend/app/event_bench/nexon_sample.py", line 514, in collect_talesrunner_events
    payload = json.loads(_fetch_html(TALESRUNNER_EVENT_API_URL))
                         ^^^^^^^^^^^^^^^^^^^^^^^^^^^^^^^^^^^^^^
  File "/home/runner/work/plan_gen/plan_gen/web/backend/app/event_bench/nexon_sample.py", line 58, in _fetch_html
    with urlopen(request, timeout=20) as response:  # noqa: S310 - explicit verified official URLs
         ^^^^^^^^^^^^^^^^^^^^^^^^^^^^
  File "/opt/hostedtoolcache/Python/3.12.14/x64/lib/python3.12/urllib/request.py", line 215, in urlopen
    return opener.open(url, data, timeout)
           ^^^^^^^^^^^^^^^^^^^^^^^^^^^^^^^
  File "/opt/hostedtoolcache/Python/3.12.14/x64/lib/python3.12/urllib/request.py", line 521, in open
    response = meth(req, response)
               ^^^^^^^^^^^^^^^^^^^
  File "/opt/hostedtoolcache/Python/3.12.14/x64/lib/python3.12/urllib/request.py", line 630, in http_response
    response = self.parent.error(
               ^^^^^^^^^^^^^^^^^^
  File "/opt/hostedtoolcache/Python/3.12.14/x64/lib/python3.12/urllib/request.py", line 559, in error
    return self._call_chain(*args)
           ^^^^^^^^^^^^^^^^^^^^^^^
  File "/opt/hostedtoolcache/Python/3.12.14/x64/lib/python3.12/urllib/request.py", line 492, in _call_chain
    result = func(*args)
             ^^^^^^^^^^^
  File "/opt/hostedtoolcache/Python/3.12.14/x64/lib/python3.12/urllib/request.py", line 639, in http_error_default
    raise HTTPError(req.full_url, code, msg, hdrs, fp)
urllib.error.HTTPError: HTTP Error 403: Forbidden
2026-08-26 13:50:44,987 INFO 카운터스트라이크 온라인: refreshed 2 ongoing candidates
2026-08-26 13:50:48,139 INFO 마비노기 영웅전: refreshed 17 ongoing candidates
2026-08-26 13:50:50,458 INFO 라그나로크: refreshed 10 ongoing candidates
2026-08-26 13:50:50,462 INFO Refresh complete: 192 total archived / 181 active candidates
2026-08-26 14:37:14,109 INFO FC ONLINE: refreshed 17 ongoing candidates
2026-08-26 14:37:41,535 INFO 메이플스토리: refreshed 20 ongoing candidates
2026-08-26 14:37:41,642 ERROR 마비노기: refresh failed; kept previous archive state: HTTP Error 403: Forbidden
Traceback (most recent call last):
  File "/home/runner/work/plan_gen/plan_gen/web/backend/event_bench_refresh.py", line 134, in main
    candidates = [asdict(item) for item in collector()]
                                           ^^^^^^^^^^^
  File "/home/runner/work/plan_gen/plan_gen/web/backend/app/event_bench/nexon_sample.py", line 219, in collect_mabinogi_events
    first_soup = BeautifulSoup(_fetch_html(MABINOGI_EVENTS_URL), "html.parser")
                               ^^^^^^^^^^^^^^^^^^^^^^^^^^^^^^^^
  File "/home/runner/work/plan_gen/plan_gen/web/backend/app/event_bench/nexon_sample.py", line 58, in _fetch_html
    with urlopen(request, timeout=20) as response:  # noqa: S310 - explicit verified official URLs
         ^^^^^^^^^^^^^^^^^^^^^^^^^^^^
  File "/opt/hostedtoolcache/Python/3.12.14/x64/lib/python3.12/urllib/request.py", line 215, in urlopen
    return opener.open(url, data, timeout)
           ^^^^^^^^^^^^^^^^^^^^^^^^^^^^^^^
  File "/opt/hostedtoolcache/Python/3.12.14/x64/lib/python3.12/urllib/request.py", line 521, in open
    response = meth(req, response)
               ^^^^^^^^^^^^^^^^^^^
  File "/opt/hostedtoolcache/Python/3.12.14/x64/lib/python3.12/urllib/request.py", line 630, in http_response
    response = self.parent.error(
               ^^^^^^^^^^^^^^^^^^
  File "/opt/hostedtoolcache/Python/3.12.14/x64/lib/python3.12/urllib/request.py", line 559, in error
    return self._call_chain(*args)
           ^^^^^^^^^^^^^^^^^^^^^^^
  File "/opt/hostedtoolcache/Python/3.12.14/x64/lib/python3.12/urllib/request.py", line 492, in _call_chain
    result = func(*args)
             ^^^^^^^^^^^
  File "/opt/hostedtoolcache/Python/3.12.14/x64/lib/python3.12/urllib/request.py", line 639, in http_error_default
    raise HTTPError(req.full_url, code, msg, hdrs, fp)
urllib.error.HTTPError: HTTP Error 403: Forbidden
2026-08-26 14:37:41,781 ERROR 테일즈위버: refresh failed; kept previous archive state: Command '['/usr/bin/curl', '-L', '--fail', '--silent', '--show-error', '--max-time', '20', '-A', 'Mozilla/5.0 (Windows NT 10.0; Win64; x64) AppleWebKit/537.36 Chrome/139 Safari/537.36', '-H', 'Accept-Language: ko-KR,ko;q=0.9', '-H', 'Referer: https://tales.nexon.com/', 'https://tales.nexon.com/News/Event']' returned non-zero exit status 22.
Traceback (most recent call last):
  File "/home/runner/work/plan_gen/plan_gen/web/backend/event_bench_refresh.py", line 134, in main
    candidates = [asdict(item) for item in collector()]
                                           ^^^^^^^^^^^
  File "/home/runner/work/plan_gen/plan_gen/web/backend/app/event_bench/nexon_sample.py", line 248, in collect_talesweaver_events
    first_soup = BeautifulSoup(_fetch_talesweaver_html(), "html.parser")
                               ^^^^^^^^^^^^^^^^^^^^^^^^^
  File "/home/runner/work/plan_gen/plan_gen/web/backend/app/event_bench/nexon_sample.py", line 117, in _fetch_talesweaver_html
    result = subprocess.run(
             ^^^^^^^^^^^^^^^
  File "/opt/hostedtoolcache/Python/3.12.14/x64/lib/python3.12/subprocess.py", line 571, in run
    raise CalledProcessError(retcode, process.args,
subprocess.CalledProcessError: Command '['/usr/bin/curl', '-L', '--fail', '--silent', '--show-error', '--max-time', '20', '-A', 'Mozilla/5.0 (Windows NT 10.0; Win64; x64) AppleWebKit/537.36 Chrome/139 Safari/537.36', '-H', 'Accept-Language: ko-KR,ko;q=0.9', '-H', 'Referer: https://tales.nexon.com/', 'https://tales.nexon.com/News/Event']' returned non-zero exit status 22.
2026-08-26 14:38:18,575 INFO 엘소드: refreshed 24 ongoing candidates
2026-08-26 14:38:23,744 INFO 바람의나라: refreshed 4 ongoing candidates
2026-08-26 14:38:35,974 INFO 로스트아크: refreshed 10 ongoing candidates
2026-08-26 14:38:36,682 ERROR 리니지: refresh failed; kept previous archive state: collector returned no candidates
Traceback (most recent call last):
  File "/home/runner/work/plan_gen/plan_gen/web/backend/event_bench_refresh.py", line 136, in main
    raise RuntimeError("collector returned no candidates")
RuntimeError: collector returned no candidates
2026-08-26 14:39:17,140 INFO 검은사막: refreshed 23 ongoing candidates
2026-08-26 14:39:17,924 ERROR 거상: refresh failed; kept previous archive state: <urlopen error [Errno 104] Connection reset by peer>
Traceback (most recent call last):
  File "/opt/hostedtoolcache/Python/3.12.14/x64/lib/python3.12/urllib/request.py", line 1344, in do_open
    h.request(req.get_method(), req.selector, req.data, headers,
  File "/opt/hostedtoolcache/Python/3.12.14/x64/lib/python3.12/http/client.py", line 1386, in request
    self._send_request(method, url, body, headers, encode_chunked)
  File "/opt/hostedtoolcache/Python/3.12.14/x64/lib/python3.12/http/client.py", line 1432, in _send_request
    self.endheaders(body, encode_chunked=encode_chunked)
  File "/opt/hostedtoolcache/Python/3.12.14/x64/lib/python3.12/http/client.py", line 1381, in endheaders
    self._send_output(message_body, encode_chunked=encode_chunked)
  File "/opt/hostedtoolcache/Python/3.12.14/x64/lib/python3.12/http/client.py", line 1141, in _send_output
    self.send(msg)
  File "/opt/hostedtoolcache/Python/3.12.14/x64/lib/python3.12/http/client.py", line 1085, in send
    self.connect()
  File "/opt/hostedtoolcache/Python/3.12.14/x64/lib/python3.12/http/client.py", line 1527, in connect
    self.sock = self._context.wrap_socket(self.sock,
                ^^^^^^^^^^^^^^^^^^^^^^^^^^^^^^^^^^^^
  File "/opt/hostedtoolcache/Python/3.12.14/x64/lib/python3.12/ssl.py", line 455, in wrap_socket
    return self.sslsocket_class._create(
           ^^^^^^^^^^^^^^^^^^^^^^^^^^^^^
  File "/opt/hostedtoolcache/Python/3.12.14/x64/lib/python3.12/ssl.py", line 1041, in _create
    self.do_handshake()
  File "/opt/hostedtoolcache/Python/3.12.14/x64/lib/python3.12/ssl.py", line 1319, in do_handshake
    self._sslobj.do_handshake()
ConnectionResetError: [Errno 104] Connection reset by peer

During handling of the above exception, another exception occurred:

Traceback (most recent call last):
  File "/home/runner/work/plan_gen/plan_gen/web/backend/event_bench_refresh.py", line 134, in main
    candidates = [asdict(item) for item in collector()]
                                           ^^^^^^^^^^^
  File "/home/runner/work/plan_gen/plan_gen/web/backend/app/event_bench/nexon_sample.py", line 366, in collect_gersang_events
    soup = BeautifulSoup(_fetch_html(GERSANG_EVENTS_URL), "html.parser")
                         ^^^^^^^^^^^^^^^^^^^^^^^^^^^^^^^
  File "/home/runner/work/plan_gen/plan_gen/web/backend/app/event_bench/nexon_sample.py", line 58, in _fetch_html
    with urlopen(request, timeout=20) as response:  # noqa: S310 - explicit verified official URLs
         ^^^^^^^^^^^^^^^^^^^^^^^^^^^^
  File "/opt/hostedtoolcache/Python/3.12.14/x64/lib/python3.12/urllib/request.py", line 215, in urlopen
    return opener.open(url, data, timeout)
           ^^^^^^^^^^^^^^^^^^^^^^^^^^^^^^^
  File "/opt/hostedtoolcache/Python/3.12.14/x64/lib/python3.12/urllib/request.py", line 515, in open
    response = self._open(req, data)
               ^^^^^^^^^^^^^^^^^^^^^
  File "/opt/hostedtoolcache/Python/3.12.14/x64/lib/python3.12/urllib/request.py", line 532, in _open
    result = self._call_chain(self.handle_open, protocol, protocol +
             ^^^^^^^^^^^^^^^^^^^^^^^^^^^^^^^^^^^^^^^^^^^^^^^^^^^^^^^
  File "/opt/hostedtoolcache/Python/3.12.14/x64/lib/python3.12/urllib/request.py", line 492, in _call_chain
    result = func(*args)
             ^^^^^^^^^^^
  File "/opt/hostedtoolcache/Python/3.12.14/x64/lib/python3.12/urllib/request.py", line 1392, in https_open
    return self.do_open(http.client.HTTPSConnection, req,
           ^^^^^^^^^^^^^^^^^^^^^^^^^^^^^^^^^^^^^^^^^^^^^^
  File "/opt/hostedtoolcache/Python/3.12.14/x64/lib/python3.12/urllib/request.py", line 1347, in do_open
    raise URLError(err)
urllib.error.URLError: <urlopen error [Errno 104] Connection reset by peer>
2026-08-26 14:39:38,965 INFO 던전앤파이터: refreshed 26 ongoing candidates
2026-08-26 14:39:39,848 ERROR 테일즈런너: refresh failed; kept previous archive state: HTTP Error 403: Forbidden
Traceback (most recent call last):
  File "/home/runner/work/plan_gen/plan_gen/web/backend/event_bench_refresh.py", line 134, in main
    candidates = [asdict(item) for item in collector()]
                                           ^^^^^^^^^^^
  File "/home/runner/work/plan_gen/plan_gen/web/backend/app/event_bench/nexon_sample.py", line 514, in collect_talesrunner_events
    payload = json.loads(_fetch_html(TALESRUNNER_EVENT_API_URL))
                         ^^^^^^^^^^^^^^^^^^^^^^^^^^^^^^^^^^^^^^
  File "/home/runner/work/plan_gen/plan_gen/web/backend/app/event_bench/nexon_sample.py", line 58, in _fetch_html
    with urlopen(request, timeout=20) as response:  # noqa: S310 - explicit verified official URLs
         ^^^^^^^^^^^^^^^^^^^^^^^^^^^^
  File "/opt/hostedtoolcache/Python/3.12.14/x64/lib/python3.12/urllib/request.py", line 215, in urlopen
    return opener.open(url, data, timeout)
           ^^^^^^^^^^^^^^^^^^^^^^^^^^^^^^^
  File "/opt/hostedtoolcache/Python/3.12.14/x64/lib/python3.12/urllib/request.py", line 521, in open
    response = meth(req, response)
               ^^^^^^^^^^^^^^^^^^^
  File "/opt/hostedtoolcache/Python/3.12.14/x64/lib/python3.12/urllib/request.py", line 630, in http_response
    response = self.parent.error(
               ^^^^^^^^^^^^^^^^^^
  File "/opt/hostedtoolcache/Python/3.12.14/x64/lib/python3.12/urllib/request.py", line 559, in error
    return self._call_chain(*args)
           ^^^^^^^^^^^^^^^^^^^^^^^
  File "/opt/hostedtoolcache/Python/3.12.14/x64/lib/python3.12/urllib/request.py", line 492, in _call_chain
    result = func(*args)
             ^^^^^^^^^^^
  File "/opt/hostedtoolcache/Python/3.12.14/x64/lib/python3.12/urllib/request.py", line 639, in http_error_default
    raise HTTPError(req.full_url, code, msg, hdrs, fp)
urllib.error.HTTPError: HTTP Error 403: Forbidden
2026-08-26 14:39:43,472 INFO 카운터스트라이크 온라인: refreshed 2 ongoing candidates
2026-08-26 14:39:49,737 INFO 마비노기 영웅전: refreshed 17 ongoing candidates
2026-08-26 14:39:50,721 INFO 라그나로크: refreshed 10 ongoing candidates
2026-08-26 14:39:50,724 INFO Refresh complete: 192 total archived / 181 active candidates
2026-08-26 16:12:30,276 INFO FC ONLINE: refreshed 17 ongoing candidates
2026-08-26 16:13:06,150 INFO 메이플스토리: refreshed 20 ongoing candidates
2026-08-26 16:13:06,317 ERROR 마비노기: refresh failed; kept previous archive state: HTTP Error 403: Forbidden
Traceback (most recent call last):
  File "/home/runner/work/plan_gen/plan_gen/web/backend/event_bench_refresh.py", line 134, in main
    candidates = [asdict(item) for item in collector()]
                                           ^^^^^^^^^^^
  File "/home/runner/work/plan_gen/plan_gen/web/backend/app/event_bench/nexon_sample.py", line 219, in collect_mabinogi_events
    first_soup = BeautifulSoup(_fetch_html(MABINOGI_EVENTS_URL), "html.parser")
                               ^^^^^^^^^^^^^^^^^^^^^^^^^^^^^^^^
  File "/home/runner/work/plan_gen/plan_gen/web/backend/app/event_bench/nexon_sample.py", line 58, in _fetch_html
    with urlopen(request, timeout=20) as response:  # noqa: S310 - explicit verified official URLs
         ^^^^^^^^^^^^^^^^^^^^^^^^^^^^
  File "/opt/hostedtoolcache/Python/3.12.14/x64/lib/python3.12/urllib/request.py", line 215, in urlopen
    return opener.open(url, data, timeout)
           ^^^^^^^^^^^^^^^^^^^^^^^^^^^^^^^
  File "/opt/hostedtoolcache/Python/3.12.14/x64/lib/python3.12/urllib/request.py", line 521, in open
    response = meth(req, response)
               ^^^^^^^^^^^^^^^^^^^
  File "/opt/hostedtoolcache/Python/3.12.14/x64/lib/python3.12/urllib/request.py", line 630, in http_response
    response = self.parent.error(
               ^^^^^^^^^^^^^^^^^^
  File "/opt/hostedtoolcache/Python/3.12.14/x64/lib/python3.12/urllib/request.py", line 559, in error
    return self._call_chain(*args)
           ^^^^^^^^^^^^^^^^^^^^^^^
  File "/opt/hostedtoolcache/Python/3.12.14/x64/lib/python3.12/urllib/request.py", line 492, in _call_chain
    result = func(*args)
             ^^^^^^^^^^^
  File "/opt/hostedtoolcache/Python/3.12.14/x64/lib/python3.12/urllib/request.py", line 639, in http_error_default
    raise HTTPError(req.full_url, code, msg, hdrs, fp)
urllib.error.HTTPError: HTTP Error 403: Forbidden
2026-08-26 16:13:06,484 ERROR 테일즈위버: refresh failed; kept previous archive state: Command '['/usr/bin/curl', '-L', '--fail', '--silent', '--show-error', '--max-time', '20', '-A', 'Mozilla/5.0 (Windows NT 10.0; Win64; x64) AppleWebKit/537.36 Chrome/139 Safari/537.36', '-H', 'Accept-Language: ko-KR,ko;q=0.9', '-H', 'Referer: https://tales.nexon.com/', 'https://tales.nexon.com/News/Event']' returned non-zero exit status 22.
Traceback (most recent call last):
  File "/home/runner/work/plan_gen/plan_gen/web/backend/event_bench_refresh.py", line 134, in main
    candidates = [asdict(item) for item in collector()]
                                           ^^^^^^^^^^^
  File "/home/runner/work/plan_gen/plan_gen/web/backend/app/event_bench/nexon_sample.py", line 248, in collect_talesweaver_events
    first_soup = BeautifulSoup(_fetch_talesweaver_html(), "html.parser")
                               ^^^^^^^^^^^^^^^^^^^^^^^^^
  File "/home/runner/work/plan_gen/plan_gen/web/backend/app/event_bench/nexon_sample.py", line 117, in _fetch_talesweaver_html
    result = subprocess.run(
             ^^^^^^^^^^^^^^^
  File "/opt/hostedtoolcache/Python/3.12.14/x64/lib/python3.12/subprocess.py", line 571, in run
    raise CalledProcessError(retcode, process.args,
subprocess.CalledProcessError: Command '['/usr/bin/curl', '-L', '--fail', '--silent', '--show-error', '--max-time', '20', '-A', 'Mozilla/5.0 (Windows NT 10.0; Win64; x64) AppleWebKit/537.36 Chrome/139 Safari/537.36', '-H', 'Accept-Language: ko-KR,ko;q=0.9', '-H', 'Referer: https://tales.nexon.com/', 'https://tales.nexon.com/News/Event']' returned non-zero exit status 22.
2026-08-26 16:13:59,832 INFO 엘소드: refreshed 24 ongoing candidates
2026-08-26 16:14:06,743 INFO 바람의나라: refreshed 4 ongoing candidates
2026-08-26 16:14:26,322 INFO 로스트아크: refreshed 10 ongoing candidates
2026-08-26 16:14:26,953 ERROR 리니지: refresh failed; kept previous archive state: collector returned no candidates
Traceback (most recent call last):
  File "/home/runner/work/plan_gen/plan_gen/web/backend/event_bench_refresh.py", line 136, in main
    raise RuntimeError("collector returned no candidates")
RuntimeError: collector returned no candidates
2026-08-26 16:15:24,953 INFO 검은사막: refreshed 23 ongoing candidates
2026-08-26 16:15:25,685 ERROR 거상: refresh failed; kept previous archive state: <urlopen error [Errno 104] Connection reset by peer>
Traceback (most recent call last):
  File "/opt/hostedtoolcache/Python/3.12.14/x64/lib/python3.12/urllib/request.py", line 1344, in do_open
    h.request(req.get_method(), req.selector, req.data, headers,
  File "/opt/hostedtoolcache/Python/3.12.14/x64/lib/python3.12/http/client.py", line 1386, in request
    self._send_request(method, url, body, headers, encode_chunked)
  File "/opt/hostedtoolcache/Python/3.12.14/x64/lib/python3.12/http/client.py", line 1432, in _send_request
    self.endheaders(body, encode_chunked=encode_chunked)
  File "/opt/hostedtoolcache/Python/3.12.14/x64/lib/python3.12/http/client.py", line 1381, in endheaders
    self._send_output(message_body, encode_chunked=encode_chunked)
  File "/opt/hostedtoolcache/Python/3.12.14/x64/lib/python3.12/http/client.py", line 1141, in _send_output
    self.send(msg)
  File "/opt/hostedtoolcache/Python/3.12.14/x64/lib/python3.12/http/client.py", line 1085, in send
    self.connect()
  File "/opt/hostedtoolcache/Python/3.12.14/x64/lib/python3.12/http/client.py", line 1527, in connect
    self.sock = self._context.wrap_socket(self.sock,
                ^^^^^^^^^^^^^^^^^^^^^^^^^^^^^^^^^^^^
  File "/opt/hostedtoolcache/Python/3.12.14/x64/lib/python3.12/ssl.py", line 455, in wrap_socket
    return self.sslsocket_class._create(
           ^^^^^^^^^^^^^^^^^^^^^^^^^^^^^
  File "/opt/hostedtoolcache/Python/3.12.14/x64/lib/python3.12/ssl.py", line 1041, in _create
    self.do_handshake()
  File "/opt/hostedtoolcache/Python/3.12.14/x64/lib/python3.12/ssl.py", line 1319, in do_handshake
    self._sslobj.do_handshake()
ConnectionResetError: [Errno 104] Connection reset by peer

During handling of the above exception, another exception occurred:

Traceback (most recent call last):
  File "/home/runner/work/plan_gen/plan_gen/web/backend/event_bench_refresh.py", line 134, in main
    candidates = [asdict(item) for item in collector()]
                                           ^^^^^^^^^^^
  File "/home/runner/work/plan_gen/plan_gen/web/backend/app/event_bench/nexon_sample.py", line 366, in collect_gersang_events
    soup = BeautifulSoup(_fetch_html(GERSANG_EVENTS_URL), "html.parser")
                         ^^^^^^^^^^^^^^^^^^^^^^^^^^^^^^^
  File "/home/runner/work/plan_gen/plan_gen/web/backend/app/event_bench/nexon_sample.py", line 58, in _fetch_html
    with urlopen(request, timeout=20) as response:  # noqa: S310 - explicit verified official URLs
         ^^^^^^^^^^^^^^^^^^^^^^^^^^^^
  File "/opt/hostedtoolcache/Python/3.12.14/x64/lib/python3.12/urllib/request.py", line 215, in urlopen
    return opener.open(url, data, timeout)
           ^^^^^^^^^^^^^^^^^^^^^^^^^^^^^^^
  File "/opt/hostedtoolcache/Python/3.12.14/x64/lib/python3.12/urllib/request.py", line 515, in open
    response = self._open(req, data)
               ^^^^^^^^^^^^^^^^^^^^^
  File "/opt/hostedtoolcache/Python/3.12.14/x64/lib/python3.12/urllib/request.py", line 532, in _open
    result = self._call_chain(self.handle_open, protocol, protocol +
             ^^^^^^^^^^^^^^^^^^^^^^^^^^^^^^^^^^^^^^^^^^^^^^^^^^^^^^^
  File "/opt/hostedtoolcache/Python/3.12.14/x64/lib/python3.12/urllib/request.py", line 492, in _call_chain
    result = func(*args)
             ^^^^^^^^^^^
  File "/opt/hostedtoolcache/Python/3.12.14/x64/lib/python3.12/urllib/request.py", line 1392, in https_open
    return self.do_open(http.client.HTTPSConnection, req,
           ^^^^^^^^^^^^^^^^^^^^^^^^^^^^^^^^^^^^^^^^^^^^^^
  File "/opt/hostedtoolcache/Python/3.12.14/x64/lib/python3.12/urllib/request.py", line 1347, in do_open
    raise URLError(err)
urllib.error.URLError: <urlopen error [Errno 104] Connection reset by peer>
2026-08-26 16:15:57,503 INFO 던전앤파이터: refreshed 26 ongoing candidates
2026-08-26 16:15:58,701 ERROR 테일즈런너: refresh failed; kept previous archive state: HTTP Error 403: Forbidden
Traceback (most recent call last):
  File "/home/runner/work/plan_gen/plan_gen/web/backend/event_bench_refresh.py", line 134, in main
    candidates = [asdict(item) for item in collector()]
                                           ^^^^^^^^^^^
  File "/home/runner/work/plan_gen/plan_gen/web/backend/app/event_bench/nexon_sample.py", line 514, in collect_talesrunner_events
    payload = json.loads(_fetch_html(TALESRUNNER_EVENT_API_URL))
                         ^^^^^^^^^^^^^^^^^^^^^^^^^^^^^^^^^^^^^^
  File "/home/runner/work/plan_gen/plan_gen/web/backend/app/event_bench/nexon_sample.py", line 58, in _fetch_html
    with urlopen(request, timeout=20) as response:  # noqa: S310 - explicit verified official URLs
         ^^^^^^^^^^^^^^^^^^^^^^^^^^^^
  File "/opt/hostedtoolcache/Python/3.12.14/x64/lib/python3.12/urllib/request.py", line 215, in urlopen
    return opener.open(url, data, timeout)
           ^^^^^^^^^^^^^^^^^^^^^^^^^^^^^^^
  File "/opt/hostedtoolcache/Python/3.12.14/x64/lib/python3.12/urllib/request.py", line 521, in open
    response = meth(req, response)
               ^^^^^^^^^^^^^^^^^^^
  File "/opt/hostedtoolcache/Python/3.12.14/x64/lib/python3.12/urllib/request.py", line 630, in http_response
    response = self.parent.error(
               ^^^^^^^^^^^^^^^^^^
  File "/opt/hostedtoolcache/Python/3.12.14/x64/lib/python3.12/urllib/request.py", line 559, in error
    return self._call_chain(*args)
           ^^^^^^^^^^^^^^^^^^^^^^^
  File "/opt/hostedtoolcache/Python/3.12.14/x64/lib/python3.12/urllib/request.py", line 492, in _call_chain
    result = func(*args)
             ^^^^^^^^^^^
  File "/opt/hostedtoolcache/Python/3.12.14/x64/lib/python3.12/urllib/request.py", line 639, in http_error_default
    raise HTTPError(req.full_url, code, msg, hdrs, fp)
urllib.error.HTTPError: HTTP Error 403: Forbidden
2026-08-26 16:16:05,714 INFO 카운터스트라이크 온라인: refreshed 2 ongoing candidates
2026-08-26 16:16:10,226 INFO 마비노기 영웅전: refreshed 17 ongoing candidates
2026-08-26 16:16:11,017 INFO 라그나로크: refreshed 10 ongoing candidates
2026-08-26 16:16:11,020 INFO Refresh complete: 192 total archived / 181 active candidates
2026-08-26 18:54:23,634 INFO FC ONLINE: refreshed 17 ongoing candidates
2026-08-26 18:54:57,393 INFO 메이플스토리: refreshed 20 ongoing candidates
2026-08-26 18:54:57,584 ERROR 마비노기: refresh failed; kept previous archive state: HTTP Error 403: Forbidden
Traceback (most recent call last):
  File "/home/runner/work/plan_gen/plan_gen/web/backend/event_bench_refresh.py", line 134, in main
    candidates = [asdict(item) for item in collector()]
                                           ^^^^^^^^^^^
  File "/home/runner/work/plan_gen/plan_gen/web/backend/app/event_bench/nexon_sample.py", line 219, in collect_mabinogi_events
    first_soup = BeautifulSoup(_fetch_html(MABINOGI_EVENTS_URL), "html.parser")
                               ^^^^^^^^^^^^^^^^^^^^^^^^^^^^^^^^
  File "/home/runner/work/plan_gen/plan_gen/web/backend/app/event_bench/nexon_sample.py", line 58, in _fetch_html
    with urlopen(request, timeout=20) as response:  # noqa: S310 - explicit verified official URLs
         ^^^^^^^^^^^^^^^^^^^^^^^^^^^^
  File "/opt/hostedtoolcache/Python/3.12.14/x64/lib/python3.12/urllib/request.py", line 215, in urlopen
    return opener.open(url, data, timeout)
           ^^^^^^^^^^^^^^^^^^^^^^^^^^^^^^^
  File "/opt/hostedtoolcache/Python/3.12.14/x64/lib/python3.12/urllib/request.py", line 521, in open
    response = meth(req, response)
               ^^^^^^^^^^^^^^^^^^^
  File "/opt/hostedtoolcache/Python/3.12.14/x64/lib/python3.12/urllib/request.py", line 630, in http_response
    response = self.parent.error(
               ^^^^^^^^^^^^^^^^^^
  File "/opt/hostedtoolcache/Python/3.12.14/x64/lib/python3.12/urllib/request.py", line 559, in error
    return self._call_chain(*args)
           ^^^^^^^^^^^^^^^^^^^^^^^
  File "/opt/hostedtoolcache/Python/3.12.14/x64/lib/python3.12/urllib/request.py", line 492, in _call_chain
    result = func(*args)
             ^^^^^^^^^^^
  File "/opt/hostedtoolcache/Python/3.12.14/x64/lib/python3.12/urllib/request.py", line 639, in http_error_default
    raise HTTPError(req.full_url, code, msg, hdrs, fp)
urllib.error.HTTPError: HTTP Error 403: Forbidden
2026-08-26 18:54:57,928 ERROR 테일즈위버: refresh failed; kept previous archive state: Command '['/usr/bin/curl', '-L', '--fail', '--silent', '--show-error', '--max-time', '20', '-A', 'Mozilla/5.0 (Windows NT 10.0; Win64; x64) AppleWebKit/537.36 Chrome/139 Safari/537.36', '-H', 'Accept-Language: ko-KR,ko;q=0.9', '-H', 'Referer: https://tales.nexon.com/', 'https://tales.nexon.com/News/Event']' returned non-zero exit status 22.
Traceback (most recent call last):
  File "/home/runner/work/plan_gen/plan_gen/web/backend/event_bench_refresh.py", line 134, in main
    candidates = [asdict(item) for item in collector()]
                                           ^^^^^^^^^^^
  File "/home/runner/work/plan_gen/plan_gen/web/backend/app/event_bench/nexon_sample.py", line 248, in collect_talesweaver_events
    first_soup = BeautifulSoup(_fetch_talesweaver_html(), "html.parser")
                               ^^^^^^^^^^^^^^^^^^^^^^^^^
  File "/home/runner/work/plan_gen/plan_gen/web/backend/app/event_bench/nexon_sample.py", line 117, in _fetch_talesweaver_html
    result = subprocess.run(
             ^^^^^^^^^^^^^^^
  File "/opt/hostedtoolcache/Python/3.12.14/x64/lib/python3.12/subprocess.py", line 571, in run
    raise CalledProcessError(retcode, process.args,
subprocess.CalledProcessError: Command '['/usr/bin/curl', '-L', '--fail', '--silent', '--show-error', '--max-time', '20', '-A', 'Mozilla/5.0 (Windows NT 10.0; Win64; x64) AppleWebKit/537.36 Chrome/139 Safari/537.36', '-H', 'Accept-Language: ko-KR,ko;q=0.9', '-H', 'Referer: https://tales.nexon.com/', 'https://tales.nexon.com/News/Event']' returned non-zero exit status 22.
2026-08-26 18:55:47,949 INFO 엘소드: refreshed 24 ongoing candidates
2026-08-26 18:55:54,993 INFO 바람의나라: refreshed 4 ongoing candidates
2026-08-26 18:56:11,548 INFO 로스트아크: refreshed 10 ongoing candidates
2026-08-26 18:56:12,474 ERROR 리니지: refresh failed; kept previous archive state: collector returned no candidates
Traceback (most recent call last):
  File "/home/runner/work/plan_gen/plan_gen/web/backend/event_bench_refresh.py", line 136, in main
    raise RuntimeError("collector returned no candidates")
RuntimeError: collector returned no candidates
2026-08-26 18:57:08,527 INFO 검은사막: refreshed 23 ongoing candidates
2026-08-26 18:57:09,157 ERROR 거상: refresh failed; kept previous archive state: <urlopen error [Errno 104] Connection reset by peer>
Traceback (most recent call last):
  File "/opt/hostedtoolcache/Python/3.12.14/x64/lib/python3.12/urllib/request.py", line 1344, in do_open
    h.request(req.get_method(), req.selector, req.data, headers,
  File "/opt/hostedtoolcache/Python/3.12.14/x64/lib/python3.12/http/client.py", line 1386, in request
    self._send_request(method, url, body, headers, encode_chunked)
  File "/opt/hostedtoolcache/Python/3.12.14/x64/lib/python3.12/http/client.py", line 1432, in _send_request
    self.endheaders(body, encode_chunked=encode_chunked)
  File "/opt/hostedtoolcache/Python/3.12.14/x64/lib/python3.12/http/client.py", line 1381, in endheaders
    self._send_output(message_body, encode_chunked=encode_chunked)
  File "/opt/hostedtoolcache/Python/3.12.14/x64/lib/python3.12/http/client.py", line 1141, in _send_output
    self.send(msg)
  File "/opt/hostedtoolcache/Python/3.12.14/x64/lib/python3.12/http/client.py", line 1085, in send
    self.connect()
  File "/opt/hostedtoolcache/Python/3.12.14/x64/lib/python3.12/http/client.py", line 1527, in connect
    self.sock = self._context.wrap_socket(self.sock,
                ^^^^^^^^^^^^^^^^^^^^^^^^^^^^^^^^^^^^
  File "/opt/hostedtoolcache/Python/3.12.14/x64/lib/python3.12/ssl.py", line 455, in wrap_socket
    return self.sslsocket_class._create(
           ^^^^^^^^^^^^^^^^^^^^^^^^^^^^^
  File "/opt/hostedtoolcache/Python/3.12.14/x64/lib/python3.12/ssl.py", line 1041, in _create
    self.do_handshake()
  File "/opt/hostedtoolcache/Python/3.12.14/x64/lib/python3.12/ssl.py", line 1319, in do_handshake
    self._sslobj.do_handshake()
ConnectionResetError: [Errno 104] Connection reset by peer

During handling of the above exception, another exception occurred:

Traceback (most recent call last):
  File "/home/runner/work/plan_gen/plan_gen/web/backend/event_bench_refresh.py", line 134, in main
    candidates = [asdict(item) for item in collector()]
                                           ^^^^^^^^^^^
  File "/home/runner/work/plan_gen/plan_gen/web/backend/app/event_bench/nexon_sample.py", line 366, in collect_gersang_events
    soup = BeautifulSoup(_fetch_html(GERSANG_EVENTS_URL), "html.parser")
                         ^^^^^^^^^^^^^^^^^^^^^^^^^^^^^^^
  File "/home/runner/work/plan_gen/plan_gen/web/backend/app/event_bench/nexon_sample.py", line 58, in _fetch_html
    with urlopen(request, timeout=20) as response:  # noqa: S310 - explicit verified official URLs
         ^^^^^^^^^^^^^^^^^^^^^^^^^^^^
  File "/opt/hostedtoolcache/Python/3.12.14/x64/lib/python3.12/urllib/request.py", line 215, in urlopen
    return opener.open(url, data, timeout)
           ^^^^^^^^^^^^^^^^^^^^^^^^^^^^^^^
  File "/opt/hostedtoolcache/Python/3.12.14/x64/lib/python3.12/urllib/request.py", line 515, in open
    response = self._open(req, data)
               ^^^^^^^^^^^^^^^^^^^^^
  File "/opt/hostedtoolcache/Python/3.12.14/x64/lib/python3.12/urllib/request.py", line 532, in _open
    result = self._call_chain(self.handle_open, protocol, protocol +
             ^^^^^^^^^^^^^^^^^^^^^^^^^^^^^^^^^^^^^^^^^^^^^^^^^^^^^^^
  File "/opt/hostedtoolcache/Python/3.12.14/x64/lib/python3.12/urllib/request.py", line 492, in _call_chain
    result = func(*args)
             ^^^^^^^^^^^
  File "/opt/hostedtoolcache/Python/3.12.14/x64/lib/python3.12/urllib/request.py", line 1392, in https_open
    return self.do_open(http.client.HTTPSConnection, req,
           ^^^^^^^^^^^^^^^^^^^^^^^^^^^^^^^^^^^^^^^^^^^^^^
  File "/opt/hostedtoolcache/Python/3.12.14/x64/lib/python3.12/urllib/request.py", line 1347, in do_open
    raise URLError(err)
urllib.error.URLError: <urlopen error [Errno 104] Connection reset by peer>
2026-08-26 18:57:42,540 INFO 던전앤파이터: refreshed 26 ongoing candidates
2026-08-26 18:57:43,737 ERROR 테일즈런너: refresh failed; kept previous archive state: HTTP Error 403: Forbidden
Traceback (most recent call last):
  File "/home/runner/work/plan_gen/plan_gen/web/backend/event_bench_refresh.py", line 134, in main
    candidates = [asdict(item) for item in collector()]
                                           ^^^^^^^^^^^
  File "/home/runner/work/plan_gen/plan_gen/web/backend/app/event_bench/nexon_sample.py", line 514, in collect_talesrunner_events
    payload = json.loads(_fetch_html(TALESRUNNER_EVENT_API_URL))
                         ^^^^^^^^^^^^^^^^^^^^^^^^^^^^^^^^^^^^^^
  File "/home/runner/work/plan_gen/plan_gen/web/backend/app/event_bench/nexon_sample.py", line 58, in _fetch_html
    with urlopen(request, timeout=20) as response:  # noqa: S310 - explicit verified official URLs
         ^^^^^^^^^^^^^^^^^^^^^^^^^^^^
  File "/opt/hostedtoolcache/Python/3.12.14/x64/lib/python3.12/urllib/request.py", line 215, in urlopen
    return opener.open(url, data, timeout)
           ^^^^^^^^^^^^^^^^^^^^^^^^^^^^^^^
  File "/opt/hostedtoolcache/Python/3.12.14/x64/lib/python3.12/urllib/request.py", line 521, in open
    response = meth(req, response)
               ^^^^^^^^^^^^^^^^^^^
  File "/opt/hostedtoolcache/Python/3.12.14/x64/lib/python3.12/urllib/request.py", line 630, in http_response
    response = self.parent.error(
               ^^^^^^^^^^^^^^^^^^
  File "/opt/hostedtoolcache/Python/3.12.14/x64/lib/python3.12/urllib/request.py", line 559, in error
    return self._call_chain(*args)
           ^^^^^^^^^^^^^^^^^^^^^^^
  File "/opt/hostedtoolcache/Python/3.12.14/x64/lib/python3.12/urllib/request.py", line 492, in _call_chain
    result = func(*args)
             ^^^^^^^^^^^
  File "/opt/hostedtoolcache/Python/3.12.14/x64/lib/python3.12/urllib/request.py", line 639, in http_error_default
    raise HTTPError(req.full_url, code, msg, hdrs, fp)
urllib.error.HTTPError: HTTP Error 403: Forbidden
2026-08-26 18:57:48,507 INFO 카운터스트라이크 온라인: refreshed 2 ongoing candidates
2026-08-26 18:57:55,154 INFO 마비노기 영웅전: refreshed 17 ongoing candidates
2026-08-26 18:57:57,086 INFO 라그나로크: refreshed 10 ongoing candidates
2026-08-26 18:57:57,088 INFO Refresh complete: 192 total archived / 181 active candidates
2026-08-26 20:09:27,186 INFO FC ONLINE: refreshed 17 ongoing candidates
2026-08-26 20:10:01,635 INFO 메이플스토리: refreshed 20 ongoing candidates
2026-08-26 20:10:01,704 ERROR 마비노기: refresh failed; kept previous archive state: HTTP Error 403: Forbidden
Traceback (most recent call last):
  File "/home/runner/work/plan_gen/plan_gen/web/backend/event_bench_refresh.py", line 134, in main
    candidates = [asdict(item) for item in collector()]
                                           ^^^^^^^^^^^
  File "/home/runner/work/plan_gen/plan_gen/web/backend/app/event_bench/nexon_sample.py", line 219, in collect_mabinogi_events
    first_soup = BeautifulSoup(_fetch_html(MABINOGI_EVENTS_URL), "html.parser")
                               ^^^^^^^^^^^^^^^^^^^^^^^^^^^^^^^^
  File "/home/runner/work/plan_gen/plan_gen/web/backend/app/event_bench/nexon_sample.py", line 58, in _fetch_html
    with urlopen(request, timeout=20) as response:  # noqa: S310 - explicit verified official URLs
         ^^^^^^^^^^^^^^^^^^^^^^^^^^^^
  File "/opt/hostedtoolcache/Python/3.12.14/x64/lib/python3.12/urllib/request.py", line 215, in urlopen
    return opener.open(url, data, timeout)
           ^^^^^^^^^^^^^^^^^^^^^^^^^^^^^^^
  File "/opt/hostedtoolcache/Python/3.12.14/x64/lib/python3.12/urllib/request.py", line 521, in open
    response = meth(req, response)
               ^^^^^^^^^^^^^^^^^^^
  File "/opt/hostedtoolcache/Python/3.12.14/x64/lib/python3.12/urllib/request.py", line 630, in http_response
    response = self.parent.error(
               ^^^^^^^^^^^^^^^^^^
  File "/opt/hostedtoolcache/Python/3.12.14/x64/lib/python3.12/urllib/request.py", line 559, in error
    return self._call_chain(*args)
           ^^^^^^^^^^^^^^^^^^^^^^^
  File "/opt/hostedtoolcache/Python/3.12.14/x64/lib/python3.12/urllib/request.py", line 492, in _call_chain
    result = func(*args)
             ^^^^^^^^^^^
  File "/opt/hostedtoolcache/Python/3.12.14/x64/lib/python3.12/urllib/request.py", line 639, in http_error_default
    raise HTTPError(req.full_url, code, msg, hdrs, fp)
urllib.error.HTTPError: HTTP Error 403: Forbidden
2026-08-26 20:10:01,939 ERROR 테일즈위버: refresh failed; kept previous archive state: Command '['/usr/bin/curl', '-L', '--fail', '--silent', '--show-error', '--max-time', '20', '-A', 'Mozilla/5.0 (Windows NT 10.0; Win64; x64) AppleWebKit/537.36 Chrome/139 Safari/537.36', '-H', 'Accept-Language: ko-KR,ko;q=0.9', '-H', 'Referer: https://tales.nexon.com/', 'https://tales.nexon.com/News/Event']' returned non-zero exit status 22.
Traceback (most recent call last):
  File "/home/runner/work/plan_gen/plan_gen/web/backend/event_bench_refresh.py", line 134, in main
    candidates = [asdict(item) for item in collector()]
                                           ^^^^^^^^^^^
  File "/home/runner/work/plan_gen/plan_gen/web/backend/app/event_bench/nexon_sample.py", line 248, in collect_talesweaver_events
    first_soup = BeautifulSoup(_fetch_talesweaver_html(), "html.parser")
                               ^^^^^^^^^^^^^^^^^^^^^^^^^
  File "/home/runner/work/plan_gen/plan_gen/web/backend/app/event_bench/nexon_sample.py", line 117, in _fetch_talesweaver_html
    result = subprocess.run(
             ^^^^^^^^^^^^^^^
  File "/opt/hostedtoolcache/Python/3.12.14/x64/lib/python3.12/subprocess.py", line 571, in run
    raise CalledProcessError(retcode, process.args,
subprocess.CalledProcessError: Command '['/usr/bin/curl', '-L', '--fail', '--silent', '--show-error', '--max-time', '20', '-A', 'Mozilla/5.0 (Windows NT 10.0; Win64; x64) AppleWebKit/537.36 Chrome/139 Safari/537.36', '-H', 'Accept-Language: ko-KR,ko;q=0.9', '-H', 'Referer: https://tales.nexon.com/', 'https://tales.nexon.com/News/Event']' returned non-zero exit status 22.
2026-08-26 20:10:53,676 INFO 엘소드: refreshed 24 ongoing candidates
2026-08-26 20:11:00,502 INFO 바람의나라: refreshed 4 ongoing candidates
2026-08-26 20:11:18,333 INFO 로스트아크: refreshed 10 ongoing candidates
2026-08-26 20:11:19,198 ERROR 리니지: refresh failed; kept previous archive state: collector returned no candidates
Traceback (most recent call last):
  File "/home/runner/work/plan_gen/plan_gen/web/backend/event_bench_refresh.py", line 136, in main
    raise RuntimeError("collector returned no candidates")
RuntimeError: collector returned no candidates
2026-08-26 20:12:10,921 INFO 검은사막: refreshed 23 ongoing candidates
2026-08-26 20:12:11,607 ERROR 거상: refresh failed; kept previous archive state: <urlopen error [Errno 104] Connection reset by peer>
Traceback (most recent call last):
  File "/opt/hostedtoolcache/Python/3.12.14/x64/lib/python3.12/urllib/request.py", line 1344, in do_open
    h.request(req.get_method(), req.selector, req.data, headers,
  File "/opt/hostedtoolcache/Python/3.12.14/x64/lib/python3.12/http/client.py", line 1386, in request
    self._send_request(method, url, body, headers, encode_chunked)
  File "/opt/hostedtoolcache/Python/3.12.14/x64/lib/python3.12/http/client.py", line 1432, in _send_request
    self.endheaders(body, encode_chunked=encode_chunked)
  File "/opt/hostedtoolcache/Python/3.12.14/x64/lib/python3.12/http/client.py", line 1381, in endheaders
    self._send_output(message_body, encode_chunked=encode_chunked)
  File "/opt/hostedtoolcache/Python/3.12.14/x64/lib/python3.12/http/client.py", line 1141, in _send_output
    self.send(msg)
  File "/opt/hostedtoolcache/Python/3.12.14/x64/lib/python3.12/http/client.py", line 1085, in send
    self.connect()
  File "/opt/hostedtoolcache/Python/3.12.14/x64/lib/python3.12/http/client.py", line 1527, in connect
    self.sock = self._context.wrap_socket(self.sock,
                ^^^^^^^^^^^^^^^^^^^^^^^^^^^^^^^^^^^^
  File "/opt/hostedtoolcache/Python/3.12.14/x64/lib/python3.12/ssl.py", line 455, in wrap_socket
    return self.sslsocket_class._create(
           ^^^^^^^^^^^^^^^^^^^^^^^^^^^^^
  File "/opt/hostedtoolcache/Python/3.12.14/x64/lib/python3.12/ssl.py", line 1041, in _create
    self.do_handshake()
  File "/opt/hostedtoolcache/Python/3.12.14/x64/lib/python3.12/ssl.py", line 1319, in do_handshake
    self._sslobj.do_handshake()
ConnectionResetError: [Errno 104] Connection reset by peer

During handling of the above exception, another exception occurred:

Traceback (most recent call last):
  File "/home/runner/work/plan_gen/plan_gen/web/backend/event_bench_refresh.py", line 134, in main
    candidates = [asdict(item) for item in collector()]
                                           ^^^^^^^^^^^
  File "/home/runner/work/plan_gen/plan_gen/web/backend/app/event_bench/nexon_sample.py", line 366, in collect_gersang_events
    soup = BeautifulSoup(_fetch_html(GERSANG_EVENTS_URL), "html.parser")
                         ^^^^^^^^^^^^^^^^^^^^^^^^^^^^^^^
  File "/home/runner/work/plan_gen/plan_gen/web/backend/app/event_bench/nexon_sample.py", line 58, in _fetch_html
    with urlopen(request, timeout=20) as response:  # noqa: S310 - explicit verified official URLs
         ^^^^^^^^^^^^^^^^^^^^^^^^^^^^
  File "/opt/hostedtoolcache/Python/3.12.14/x64/lib/python3.12/urllib/request.py", line 215, in urlopen
    return opener.open(url, data, timeout)
           ^^^^^^^^^^^^^^^^^^^^^^^^^^^^^^^
  File "/opt/hostedtoolcache/Python/3.12.14/x64/lib/python3.12/urllib/request.py", line 515, in open
    response = self._open(req, data)
               ^^^^^^^^^^^^^^^^^^^^^
  File "/opt/hostedtoolcache/Python/3.12.14/x64/lib/python3.12/urllib/request.py", line 532, in _open
    result = self._call_chain(self.handle_open, protocol, protocol +
             ^^^^^^^^^^^^^^^^^^^^^^^^^^^^^^^^^^^^^^^^^^^^^^^^^^^^^^^
  File "/opt/hostedtoolcache/Python/3.12.14/x64/lib/python3.12/urllib/request.py", line 492, in _call_chain
    result = func(*args)
             ^^^^^^^^^^^
  File "/opt/hostedtoolcache/Python/3.12.14/x64/lib/python3.12/urllib/request.py", line 1392, in https_open
    return self.do_open(http.client.HTTPSConnection, req,
           ^^^^^^^^^^^^^^^^^^^^^^^^^^^^^^^^^^^^^^^^^^^^^^
  File "/opt/hostedtoolcache/Python/3.12.14/x64/lib/python3.12/urllib/request.py", line 1347, in do_open
    raise URLError(err)
urllib.error.URLError: <urlopen error [Errno 104] Connection reset by peer>
2026-08-26 20:12:12,015 ERROR 던전앤파이터: refresh failed; kept previous archive state: collector returned no candidates
Traceback (most recent call last):
  File "/home/runner/work/plan_gen/plan_gen/web/backend/event_bench_refresh.py", line 136, in main
    raise RuntimeError("collector returned no candidates")
RuntimeError: collector returned no candidates
2026-08-26 20:12:13,557 ERROR 테일즈런너: refresh failed; kept previous archive state: HTTP Error 403: Forbidden
Traceback (most recent call last):
  File "/home/runner/work/plan_gen/plan_gen/web/backend/event_bench_refresh.py", line 134, in main
    candidates = [asdict(item) for item in collector()]
                                           ^^^^^^^^^^^
  File "/home/runner/work/plan_gen/plan_gen/web/backend/app/event_bench/nexon_sample.py", line 514, in collect_talesrunner_events
    payload = json.loads(_fetch_html(TALESRUNNER_EVENT_API_URL))
                         ^^^^^^^^^^^^^^^^^^^^^^^^^^^^^^^^^^^^^^
  File "/home/runner/work/plan_gen/plan_gen/web/backend/app/event_bench/nexon_sample.py", line 58, in _fetch_html
    with urlopen(request, timeout=20) as response:  # noqa: S310 - explicit verified official URLs
         ^^^^^^^^^^^^^^^^^^^^^^^^^^^^
  File "/opt/hostedtoolcache/Python/3.12.14/x64/lib/python3.12/urllib/request.py", line 215, in urlopen
    return opener.open(url, data, timeout)
           ^^^^^^^^^^^^^^^^^^^^^^^^^^^^^^^
  File "/opt/hostedtoolcache/Python/3.12.14/x64/lib/python3.12/urllib/request.py", line 521, in open
    response = meth(req, response)
               ^^^^^^^^^^^^^^^^^^^
  File "/opt/hostedtoolcache/Python/3.12.14/x64/lib/python3.12/urllib/request.py", line 630, in http_response
    response = self.parent.error(
               ^^^^^^^^^^^^^^^^^^
  File "/opt/hostedtoolcache/Python/3.12.14/x64/lib/python3.12/urllib/request.py", line 559, in error
    return self._call_chain(*args)
           ^^^^^^^^^^^^^^^^^^^^^^^
  File "/opt/hostedtoolcache/Python/3.12.14/x64/lib/python3.12/urllib/request.py", line 492, in _call_chain
    result = func(*args)
             ^^^^^^^^^^^
  File "/opt/hostedtoolcache/Python/3.12.14/x64/lib/python3.12/urllib/request.py", line 639, in http_error_default
    raise HTTPError(req.full_url, code, msg, hdrs, fp)
urllib.error.HTTPError: HTTP Error 403: Forbidden
2026-08-26 20:12:19,180 INFO 카운터스트라이크 온라인: refreshed 2 ongoing candidates
2026-08-26 20:12:24,268 INFO 마비노기 영웅전: refreshed 17 ongoing candidates
2026-08-26 20:12:25,649 INFO 라그나로크: refreshed 10 ongoing candidates
2026-08-26 20:12:25,652 INFO Refresh complete: 192 total archived / 181 active candidates
2026-08-26 21:31:15,083 INFO FC ONLINE: refreshed 17 ongoing candidates
2026-08-26 21:31:49,390 INFO 메이플스토리: refreshed 20 ongoing candidates
2026-08-26 21:31:49,505 ERROR 마비노기: refresh failed; kept previous archive state: HTTP Error 403: Forbidden
Traceback (most recent call last):
  File "/home/runner/work/plan_gen/plan_gen/web/backend/event_bench_refresh.py", line 134, in main
    candidates = [asdict(item) for item in collector()]
                                           ^^^^^^^^^^^
  File "/home/runner/work/plan_gen/plan_gen/web/backend/app/event_bench/nexon_sample.py", line 219, in collect_mabinogi_events
    first_soup = BeautifulSoup(_fetch_html(MABINOGI_EVENTS_URL), "html.parser")
                               ^^^^^^^^^^^^^^^^^^^^^^^^^^^^^^^^
  File "/home/runner/work/plan_gen/plan_gen/web/backend/app/event_bench/nexon_sample.py", line 58, in _fetch_html
    with urlopen(request, timeout=20) as response:  # noqa: S310 - explicit verified official URLs
         ^^^^^^^^^^^^^^^^^^^^^^^^^^^^
  File "/opt/hostedtoolcache/Python/3.12.14/x64/lib/python3.12/urllib/request.py", line 215, in urlopen
    return opener.open(url, data, timeout)
           ^^^^^^^^^^^^^^^^^^^^^^^^^^^^^^^
  File "/opt/hostedtoolcache/Python/3.12.14/x64/lib/python3.12/urllib/request.py", line 521, in open
    response = meth(req, response)
               ^^^^^^^^^^^^^^^^^^^
  File "/opt/hostedtoolcache/Python/3.12.14/x64/lib/python3.12/urllib/request.py", line 630, in http_response
    response = self.parent.error(
               ^^^^^^^^^^^^^^^^^^
  File "/opt/hostedtoolcache/Python/3.12.14/x64/lib/python3.12/urllib/request.py", line 559, in error
    return self._call_chain(*args)
           ^^^^^^^^^^^^^^^^^^^^^^^
  File "/opt/hostedtoolcache/Python/3.12.14/x64/lib/python3.12/urllib/request.py", line 492, in _call_chain
    result = func(*args)
             ^^^^^^^^^^^
  File "/opt/hostedtoolcache/Python/3.12.14/x64/lib/python3.12/urllib/request.py", line 639, in http_error_default
    raise HTTPError(req.full_url, code, msg, hdrs, fp)
urllib.error.HTTPError: HTTP Error 403: Forbidden
2026-08-26 21:31:49,636 ERROR 테일즈위버: refresh failed; kept previous archive state: Command '['/usr/bin/curl', '-L', '--fail', '--silent', '--show-error', '--max-time', '20', '-A', 'Mozilla/5.0 (Windows NT 10.0; Win64; x64) AppleWebKit/537.36 Chrome/139 Safari/537.36', '-H', 'Accept-Language: ko-KR,ko;q=0.9', '-H', 'Referer: https://tales.nexon.com/', 'https://tales.nexon.com/News/Event']' returned non-zero exit status 22.
Traceback (most recent call last):
  File "/home/runner/work/plan_gen/plan_gen/web/backend/event_bench_refresh.py", line 134, in main
    candidates = [asdict(item) for item in collector()]
                                           ^^^^^^^^^^^
  File "/home/runner/work/plan_gen/plan_gen/web/backend/app/event_bench/nexon_sample.py", line 248, in collect_talesweaver_events
    first_soup = BeautifulSoup(_fetch_talesweaver_html(), "html.parser")
                               ^^^^^^^^^^^^^^^^^^^^^^^^^
  File "/home/runner/work/plan_gen/plan_gen/web/backend/app/event_bench/nexon_sample.py", line 117, in _fetch_talesweaver_html
    result = subprocess.run(
             ^^^^^^^^^^^^^^^
  File "/opt/hostedtoolcache/Python/3.12.14/x64/lib/python3.12/subprocess.py", line 571, in run
    raise CalledProcessError(retcode, process.args,
subprocess.CalledProcessError: Command '['/usr/bin/curl', '-L', '--fail', '--silent', '--show-error', '--max-time', '20', '-A', 'Mozilla/5.0 (Windows NT 10.0; Win64; x64) AppleWebKit/537.36 Chrome/139 Safari/537.36', '-H', 'Accept-Language: ko-KR,ko;q=0.9', '-H', 'Referer: https://tales.nexon.com/', 'https://tales.nexon.com/News/Event']' returned non-zero exit status 22.
2026-08-26 21:32:41,120 INFO 엘소드: refreshed 24 ongoing candidates
2026-08-26 21:32:47,745 INFO 바람의나라: refreshed 4 ongoing candidates
2026-08-26 21:33:04,722 INFO 로스트아크: refreshed 10 ongoing candidates
2026-08-26 21:33:05,600 ERROR 리니지: refresh failed; kept previous archive state: collector returned no candidates
Traceback (most recent call last):
  File "/home/runner/work/plan_gen/plan_gen/web/backend/event_bench_refresh.py", line 136, in main
    raise RuntimeError("collector returned no candidates")
RuntimeError: collector returned no candidates
2026-08-26 21:33:56,510 INFO 검은사막: refreshed 23 ongoing candidates
2026-08-26 21:33:57,205 ERROR 거상: refresh failed; kept previous archive state: <urlopen error [Errno 104] Connection reset by peer>
Traceback (most recent call last):
  File "/opt/hostedtoolcache/Python/3.12.14/x64/lib/python3.12/urllib/request.py", line 1344, in do_open
    h.request(req.get_method(), req.selector, req.data, headers,
  File "/opt/hostedtoolcache/Python/3.12.14/x64/lib/python3.12/http/client.py", line 1386, in request
    self._send_request(method, url, body, headers, encode_chunked)
  File "/opt/hostedtoolcache/Python/3.12.14/x64/lib/python3.12/http/client.py", line 1432, in _send_request
    self.endheaders(body, encode_chunked=encode_chunked)
  File "/opt/hostedtoolcache/Python/3.12.14/x64/lib/python3.12/http/client.py", line 1381, in endheaders
    self._send_output(message_body, encode_chunked=encode_chunked)
  File "/opt/hostedtoolcache/Python/3.12.14/x64/lib/python3.12/http/client.py", line 1141, in _send_output
    self.send(msg)
  File "/opt/hostedtoolcache/Python/3.12.14/x64/lib/python3.12/http/client.py", line 1085, in send
    self.connect()
  File "/opt/hostedtoolcache/Python/3.12.14/x64/lib/python3.12/http/client.py", line 1527, in connect
    self.sock = self._context.wrap_socket(self.sock,
                ^^^^^^^^^^^^^^^^^^^^^^^^^^^^^^^^^^^^
  File "/opt/hostedtoolcache/Python/3.12.14/x64/lib/python3.12/ssl.py", line 455, in wrap_socket
    return self.sslsocket_class._create(
           ^^^^^^^^^^^^^^^^^^^^^^^^^^^^^
  File "/opt/hostedtoolcache/Python/3.12.14/x64/lib/python3.12/ssl.py", line 1041, in _create
    self.do_handshake()
  File "/opt/hostedtoolcache/Python/3.12.14/x64/lib/python3.12/ssl.py", line 1319, in do_handshake
    self._sslobj.do_handshake()
ConnectionResetError: [Errno 104] Connection reset by peer

During handling of the above exception, another exception occurred:

Traceback (most recent call last):
  File "/home/runner/work/plan_gen/plan_gen/web/backend/event_bench_refresh.py", line 134, in main
    candidates = [asdict(item) for item in collector()]
                                           ^^^^^^^^^^^
  File "/home/runner/work/plan_gen/plan_gen/web/backend/app/event_bench/nexon_sample.py", line 366, in collect_gersang_events
    soup = BeautifulSoup(_fetch_html(GERSANG_EVENTS_URL), "html.parser")
                         ^^^^^^^^^^^^^^^^^^^^^^^^^^^^^^^
  File "/home/runner/work/plan_gen/plan_gen/web/backend/app/event_bench/nexon_sample.py", line 58, in _fetch_html
    with urlopen(request, timeout=20) as response:  # noqa: S310 - explicit verified official URLs
         ^^^^^^^^^^^^^^^^^^^^^^^^^^^^
  File "/opt/hostedtoolcache/Python/3.12.14/x64/lib/python3.12/urllib/request.py", line 215, in urlopen
    return opener.open(url, data, timeout)
           ^^^^^^^^^^^^^^^^^^^^^^^^^^^^^^^
  File "/opt/hostedtoolcache/Python/3.12.14/x64/lib/python3.12/urllib/request.py", line 515, in open
    response = self._open(req, data)
               ^^^^^^^^^^^^^^^^^^^^^
  File "/opt/hostedtoolcache/Python/3.12.14/x64/lib/python3.12/urllib/request.py", line 532, in _open
    result = self._call_chain(self.handle_open, protocol, protocol +
             ^^^^^^^^^^^^^^^^^^^^^^^^^^^^^^^^^^^^^^^^^^^^^^^^^^^^^^^
  File "/opt/hostedtoolcache/Python/3.12.14/x64/lib/python3.12/urllib/request.py", line 492, in _call_chain
    result = func(*args)
             ^^^^^^^^^^^
  File "/opt/hostedtoolcache/Python/3.12.14/x64/lib/python3.12/urllib/request.py", line 1392, in https_open
    return self.do_open(http.client.HTTPSConnection, req,
           ^^^^^^^^^^^^^^^^^^^^^^^^^^^^^^^^^^^^^^^^^^^^^^
  File "/opt/hostedtoolcache/Python/3.12.14/x64/lib/python3.12/urllib/request.py", line 1347, in do_open
    raise URLError(err)
urllib.error.URLError: <urlopen error [Errno 104] Connection reset by peer>
2026-08-26 21:33:58,339 ERROR 던전앤파이터: refresh failed; kept previous archive state: collector returned no candidates
Traceback (most recent call last):
  File "/home/runner/work/plan_gen/plan_gen/web/backend/event_bench_refresh.py", line 136, in main
    raise RuntimeError("collector returned no candidates")
RuntimeError: collector returned no candidates
2026-08-26 21:33:59,912 ERROR 테일즈런너: refresh failed; kept previous archive state: HTTP Error 403: Forbidden
Traceback (most recent call last):
  File "/home/runner/work/plan_gen/plan_gen/web/backend/event_bench_refresh.py", line 134, in main
    candidates = [asdict(item) for item in collector()]
                                           ^^^^^^^^^^^
  File "/home/runner/work/plan_gen/plan_gen/web/backend/app/event_bench/nexon_sample.py", line 514, in collect_talesrunner_events
    payload = json.loads(_fetch_html(TALESRUNNER_EVENT_API_URL))
                         ^^^^^^^^^^^^^^^^^^^^^^^^^^^^^^^^^^^^^^
  File "/home/runner/work/plan_gen/plan_gen/web/backend/app/event_bench/nexon_sample.py", line 58, in _fetch_html
    with urlopen(request, timeout=20) as response:  # noqa: S310 - explicit verified official URLs
         ^^^^^^^^^^^^^^^^^^^^^^^^^^^^
  File "/opt/hostedtoolcache/Python/3.12.14/x64/lib/python3.12/urllib/request.py", line 215, in urlopen
    return opener.open(url, data, timeout)
           ^^^^^^^^^^^^^^^^^^^^^^^^^^^^^^^
  File "/opt/hostedtoolcache/Python/3.12.14/x64/lib/python3.12/urllib/request.py", line 521, in open
    response = meth(req, response)
               ^^^^^^^^^^^^^^^^^^^
  File "/opt/hostedtoolcache/Python/3.12.14/x64/lib/python3.12/urllib/request.py", line 630, in http_response
    response = self.parent.error(
               ^^^^^^^^^^^^^^^^^^
  File "/opt/hostedtoolcache/Python/3.12.14/x64/lib/python3.12/urllib/request.py", line 559, in error
    return self._call_chain(*args)
           ^^^^^^^^^^^^^^^^^^^^^^^
  File "/opt/hostedtoolcache/Python/3.12.14/x64/lib/python3.12/urllib/request.py", line 492, in _call_chain
    result = func(*args)
             ^^^^^^^^^^^
  File "/opt/hostedtoolcache/Python/3.12.14/x64/lib/python3.12/urllib/request.py", line 639, in http_error_default
    raise HTTPError(req.full_url, code, msg, hdrs, fp)
urllib.error.HTTPError: HTTP Error 403: Forbidden
2026-08-26 21:34:05,877 INFO 카운터스트라이크 온라인: refreshed 2 ongoing candidates
2026-08-26 21:34:10,354 INFO 마비노기 영웅전: refreshed 17 ongoing candidates
2026-08-26 21:34:11,807 INFO 라그나로크: refreshed 10 ongoing candidates
2026-08-26 21:34:11,810 INFO Refresh complete: 192 total archived / 181 active candidates
2026-08-26 22:28:21,822 INFO FC ONLINE: refreshed 17 ongoing candidates
2026-08-26 22:28:53,676 INFO 메이플스토리: refreshed 20 ongoing candidates
2026-08-26 22:28:53,935 ERROR 마비노기: refresh failed; kept previous archive state: HTTP Error 403: Forbidden
Traceback (most recent call last):
  File "/home/runner/work/plan_gen/plan_gen/web/backend/event_bench_refresh.py", line 134, in main
    candidates = [asdict(item) for item in collector()]
                                           ^^^^^^^^^^^
  File "/home/runner/work/plan_gen/plan_gen/web/backend/app/event_bench/nexon_sample.py", line 219, in collect_mabinogi_events
    first_soup = BeautifulSoup(_fetch_html(MABINOGI_EVENTS_URL), "html.parser")
                               ^^^^^^^^^^^^^^^^^^^^^^^^^^^^^^^^
  File "/home/runner/work/plan_gen/plan_gen/web/backend/app/event_bench/nexon_sample.py", line 58, in _fetch_html
    with urlopen(request, timeout=20) as response:  # noqa: S310 - explicit verified official URLs
         ^^^^^^^^^^^^^^^^^^^^^^^^^^^^
  File "/opt/hostedtoolcache/Python/3.12.14/x64/lib/python3.12/urllib/request.py", line 215, in urlopen
    return opener.open(url, data, timeout)
           ^^^^^^^^^^^^^^^^^^^^^^^^^^^^^^^
  File "/opt/hostedtoolcache/Python/3.12.14/x64/lib/python3.12/urllib/request.py", line 521, in open
    response = meth(req, response)
               ^^^^^^^^^^^^^^^^^^^
  File "/opt/hostedtoolcache/Python/3.12.14/x64/lib/python3.12/urllib/request.py", line 630, in http_response
    response = self.parent.error(
               ^^^^^^^^^^^^^^^^^^
  File "/opt/hostedtoolcache/Python/3.12.14/x64/lib/python3.12/urllib/request.py", line 559, in error
    return self._call_chain(*args)
           ^^^^^^^^^^^^^^^^^^^^^^^
  File "/opt/hostedtoolcache/Python/3.12.14/x64/lib/python3.12/urllib/request.py", line 492, in _call_chain
    result = func(*args)
             ^^^^^^^^^^^
  File "/opt/hostedtoolcache/Python/3.12.14/x64/lib/python3.12/urllib/request.py", line 639, in http_error_default
    raise HTTPError(req.full_url, code, msg, hdrs, fp)
urllib.error.HTTPError: HTTP Error 403: Forbidden
2026-08-26 22:28:54,181 ERROR 테일즈위버: refresh failed; kept previous archive state: Command '['/usr/bin/curl', '-L', '--fail', '--silent', '--show-error', '--max-time', '20', '-A', 'Mozilla/5.0 (Windows NT 10.0; Win64; x64) AppleWebKit/537.36 Chrome/139 Safari/537.36', '-H', 'Accept-Language: ko-KR,ko;q=0.9', '-H', 'Referer: https://tales.nexon.com/', 'https://tales.nexon.com/News/Event']' returned non-zero exit status 22.
Traceback (most recent call last):
  File "/home/runner/work/plan_gen/plan_gen/web/backend/event_bench_refresh.py", line 134, in main
    candidates = [asdict(item) for item in collector()]
                                           ^^^^^^^^^^^
  File "/home/runner/work/plan_gen/plan_gen/web/backend/app/event_bench/nexon_sample.py", line 248, in collect_talesweaver_events
    first_soup = BeautifulSoup(_fetch_talesweaver_html(), "html.parser")
                               ^^^^^^^^^^^^^^^^^^^^^^^^^
  File "/home/runner/work/plan_gen/plan_gen/web/backend/app/event_bench/nexon_sample.py", line 117, in _fetch_talesweaver_html
    result = subprocess.run(
             ^^^^^^^^^^^^^^^
  File "/opt/hostedtoolcache/Python/3.12.14/x64/lib/python3.12/subprocess.py", line 571, in run
    raise CalledProcessError(retcode, process.args,
subprocess.CalledProcessError: Command '['/usr/bin/curl', '-L', '--fail', '--silent', '--show-error', '--max-time', '20', '-A', 'Mozilla/5.0 (Windows NT 10.0; Win64; x64) AppleWebKit/537.36 Chrome/139 Safari/537.36', '-H', 'Accept-Language: ko-KR,ko;q=0.9', '-H', 'Referer: https://tales.nexon.com/', 'https://tales.nexon.com/News/Event']' returned non-zero exit status 22.
2026-08-26 22:29:40,732 INFO 엘소드: refreshed 24 ongoing candidates
2026-08-26 22:29:47,757 INFO 바람의나라: refreshed 4 ongoing candidates
2026-08-26 22:30:04,677 INFO 로스트아크: refreshed 10 ongoing candidates
2026-08-26 22:30:05,519 ERROR 리니지: refresh failed; kept previous archive state: collector returned no candidates
Traceback (most recent call last):
  File "/home/runner/work/plan_gen/plan_gen/web/backend/event_bench_refresh.py", line 136, in main
    raise RuntimeError("collector returned no candidates")
RuntimeError: collector returned no candidates
2026-08-26 22:30:57,015 INFO 검은사막: refreshed 23 ongoing candidates
2026-08-26 22:30:57,875 ERROR 거상: refresh failed; kept previous archive state: <urlopen error [Errno 104] Connection reset by peer>
Traceback (most recent call last):
  File "/opt/hostedtoolcache/Python/3.12.14/x64/lib/python3.12/urllib/request.py", line 1344, in do_open
    h.request(req.get_method(), req.selector, req.data, headers,
  File "/opt/hostedtoolcache/Python/3.12.14/x64/lib/python3.12/http/client.py", line 1386, in request
    self._send_request(method, url, body, headers, encode_chunked)
  File "/opt/hostedtoolcache/Python/3.12.14/x64/lib/python3.12/http/client.py", line 1432, in _send_request
    self.endheaders(body, encode_chunked=encode_chunked)
  File "/opt/hostedtoolcache/Python/3.12.14/x64/lib/python3.12/http/client.py", line 1381, in endheaders
    self._send_output(message_body, encode_chunked=encode_chunked)
  File "/opt/hostedtoolcache/Python/3.12.14/x64/lib/python3.12/http/client.py", line 1141, in _send_output
    self.send(msg)
  File "/opt/hostedtoolcache/Python/3.12.14/x64/lib/python3.12/http/client.py", line 1085, in send
    self.connect()
  File "/opt/hostedtoolcache/Python/3.12.14/x64/lib/python3.12/http/client.py", line 1527, in connect
    self.sock = self._context.wrap_socket(self.sock,
                ^^^^^^^^^^^^^^^^^^^^^^^^^^^^^^^^^^^^
  File "/opt/hostedtoolcache/Python/3.12.14/x64/lib/python3.12/ssl.py", line 455, in wrap_socket
    return self.sslsocket_class._create(
           ^^^^^^^^^^^^^^^^^^^^^^^^^^^^^
  File "/opt/hostedtoolcache/Python/3.12.14/x64/lib/python3.12/ssl.py", line 1041, in _create
    self.do_handshake()
  File "/opt/hostedtoolcache/Python/3.12.14/x64/lib/python3.12/ssl.py", line 1319, in do_handshake
    self._sslobj.do_handshake()
ConnectionResetError: [Errno 104] Connection reset by peer

During handling of the above exception, another exception occurred:

Traceback (most recent call last):
  File "/home/runner/work/plan_gen/plan_gen/web/backend/event_bench_refresh.py", line 134, in main
    candidates = [asdict(item) for item in collector()]
                                           ^^^^^^^^^^^
  File "/home/runner/work/plan_gen/plan_gen/web/backend/app/event_bench/nexon_sample.py", line 366, in collect_gersang_events
    soup = BeautifulSoup(_fetch_html(GERSANG_EVENTS_URL), "html.parser")
                         ^^^^^^^^^^^^^^^^^^^^^^^^^^^^^^^
  File "/home/runner/work/plan_gen/plan_gen/web/backend/app/event_bench/nexon_sample.py", line 58, in _fetch_html
    with urlopen(request, timeout=20) as response:  # noqa: S310 - explicit verified official URLs
         ^^^^^^^^^^^^^^^^^^^^^^^^^^^^
  File "/opt/hostedtoolcache/Python/3.12.14/x64/lib/python3.12/urllib/request.py", line 215, in urlopen
    return opener.open(url, data, timeout)
           ^^^^^^^^^^^^^^^^^^^^^^^^^^^^^^^
  File "/opt/hostedtoolcache/Python/3.12.14/x64/lib/python3.12/urllib/request.py", line 515, in open
    response = self._open(req, data)
               ^^^^^^^^^^^^^^^^^^^^^
  File "/opt/hostedtoolcache/Python/3.12.14/x64/lib/python3.12/urllib/request.py", line 532, in _open
    result = self._call_chain(self.handle_open, protocol, protocol +
             ^^^^^^^^^^^^^^^^^^^^^^^^^^^^^^^^^^^^^^^^^^^^^^^^^^^^^^^
  File "/opt/hostedtoolcache/Python/3.12.14/x64/lib/python3.12/urllib/request.py", line 492, in _call_chain
    result = func(*args)
             ^^^^^^^^^^^
  File "/opt/hostedtoolcache/Python/3.12.14/x64/lib/python3.12/urllib/request.py", line 1392, in https_open
    return self.do_open(http.client.HTTPSConnection, req,
           ^^^^^^^^^^^^^^^^^^^^^^^^^^^^^^^^^^^^^^^^^^^^^^
  File "/opt/hostedtoolcache/Python/3.12.14/x64/lib/python3.12/urllib/request.py", line 1347, in do_open
    raise URLError(err)
urllib.error.URLError: <urlopen error [Errno 104] Connection reset by peer>
2026-08-26 22:30:59,092 ERROR 던전앤파이터: refresh failed; kept previous archive state: collector returned no candidates
Traceback (most recent call last):
  File "/home/runner/work/plan_gen/plan_gen/web/backend/event_bench_refresh.py", line 136, in main
    raise RuntimeError("collector returned no candidates")
RuntimeError: collector returned no candidates
2026-08-26 22:31:00,070 ERROR 테일즈런너: refresh failed; kept previous archive state: HTTP Error 403: Forbidden
Traceback (most recent call last):
  File "/home/runner/work/plan_gen/plan_gen/web/backend/event_bench_refresh.py", line 134, in main
    candidates = [asdict(item) for item in collector()]
                                           ^^^^^^^^^^^
  File "/home/runner/work/plan_gen/plan_gen/web/backend/app/event_bench/nexon_sample.py", line 514, in collect_talesrunner_events
    payload = json.loads(_fetch_html(TALESRUNNER_EVENT_API_URL))
                         ^^^^^^^^^^^^^^^^^^^^^^^^^^^^^^^^^^^^^^
  File "/home/runner/work/plan_gen/plan_gen/web/backend/app/event_bench/nexon_sample.py", line 58, in _fetch_html
    with urlopen(request, timeout=20) as response:  # noqa: S310 - explicit verified official URLs
         ^^^^^^^^^^^^^^^^^^^^^^^^^^^^
  File "/opt/hostedtoolcache/Python/3.12.14/x64/lib/python3.12/urllib/request.py", line 215, in urlopen
    return opener.open(url, data, timeout)
           ^^^^^^^^^^^^^^^^^^^^^^^^^^^^^^^
  File "/opt/hostedtoolcache/Python/3.12.14/x64/lib/python3.12/urllib/request.py", line 521, in open
    response = meth(req, response)
               ^^^^^^^^^^^^^^^^^^^
  File "/opt/hostedtoolcache/Python/3.12.14/x64/lib/python3.12/urllib/request.py", line 630, in http_response
    response = self.parent.error(
               ^^^^^^^^^^^^^^^^^^
  File "/opt/hostedtoolcache/Python/3.12.14/x64/lib/python3.12/urllib/request.py", line 559, in error
    return self._call_chain(*args)
           ^^^^^^^^^^^^^^^^^^^^^^^
  File "/opt/hostedtoolcache/Python/3.12.14/x64/lib/python3.12/urllib/request.py", line 492, in _call_chain
    result = func(*args)
             ^^^^^^^^^^^
  File "/opt/hostedtoolcache/Python/3.12.14/x64/lib/python3.12/urllib/request.py", line 639, in http_error_default
    raise HTTPError(req.full_url, code, msg, hdrs, fp)
urllib.error.HTTPError: HTTP Error 403: Forbidden
2026-08-26 22:31:04,667 INFO 카운터스트라이크 온라인: refreshed 2 ongoing candidates
2026-08-26 22:31:12,134 INFO 마비노기 영웅전: refreshed 17 ongoing candidates
2026-08-26 22:31:13,435 INFO 라그나로크: refreshed 10 ongoing candidates
2026-08-26 22:31:13,437 INFO Refresh complete: 192 total archived / 181 active candidates
2026-08-26 22:53:03,339 INFO FC ONLINE: refreshed 17 ongoing candidates
2026-08-26 22:53:43,491 INFO 메이플스토리: refreshed 20 ongoing candidates
2026-08-26 22:53:43,629 ERROR 마비노기: refresh failed; kept previous archive state: HTTP Error 403: Forbidden
Traceback (most recent call last):
  File "/home/runner/work/plan_gen/plan_gen/web/backend/event_bench_refresh.py", line 134, in main
    candidates = [asdict(item) for item in collector()]
                                           ^^^^^^^^^^^
  File "/home/runner/work/plan_gen/plan_gen/web/backend/app/event_bench/nexon_sample.py", line 219, in collect_mabinogi_events
    first_soup = BeautifulSoup(_fetch_html(MABINOGI_EVENTS_URL), "html.parser")
                               ^^^^^^^^^^^^^^^^^^^^^^^^^^^^^^^^
  File "/home/runner/work/plan_gen/plan_gen/web/backend/app/event_bench/nexon_sample.py", line 58, in _fetch_html
    with urlopen(request, timeout=20) as response:  # noqa: S310 - explicit verified official URLs
         ^^^^^^^^^^^^^^^^^^^^^^^^^^^^
  File "/opt/hostedtoolcache/Python/3.12.14/x64/lib/python3.12/urllib/request.py", line 215, in urlopen
    return opener.open(url, data, timeout)
           ^^^^^^^^^^^^^^^^^^^^^^^^^^^^^^^
  File "/opt/hostedtoolcache/Python/3.12.14/x64/lib/python3.12/urllib/request.py", line 521, in open
    response = meth(req, response)
               ^^^^^^^^^^^^^^^^^^^
  File "/opt/hostedtoolcache/Python/3.12.14/x64/lib/python3.12/urllib/request.py", line 630, in http_response
    response = self.parent.error(
               ^^^^^^^^^^^^^^^^^^
  File "/opt/hostedtoolcache/Python/3.12.14/x64/lib/python3.12/urllib/request.py", line 559, in error
    return self._call_chain(*args)
           ^^^^^^^^^^^^^^^^^^^^^^^
  File "/opt/hostedtoolcache/Python/3.12.14/x64/lib/python3.12/urllib/request.py", line 492, in _call_chain
    result = func(*args)
             ^^^^^^^^^^^
  File "/opt/hostedtoolcache/Python/3.12.14/x64/lib/python3.12/urllib/request.py", line 639, in http_error_default
    raise HTTPError(req.full_url, code, msg, hdrs, fp)
urllib.error.HTTPError: HTTP Error 403: Forbidden
2026-08-26 22:53:43,922 ERROR 테일즈위버: refresh failed; kept previous archive state: Command '['/usr/bin/curl', '-L', '--fail', '--silent', '--show-error', '--max-time', '20', '-A', 'Mozilla/5.0 (Windows NT 10.0; Win64; x64) AppleWebKit/537.36 Chrome/139 Safari/537.36', '-H', 'Accept-Language: ko-KR,ko;q=0.9', '-H', 'Referer: https://tales.nexon.com/', 'https://tales.nexon.com/News/Event']' returned non-zero exit status 22.
Traceback (most recent call last):
  File "/home/runner/work/plan_gen/plan_gen/web/backend/event_bench_refresh.py", line 134, in main
    candidates = [asdict(item) for item in collector()]
                                           ^^^^^^^^^^^
  File "/home/runner/work/plan_gen/plan_gen/web/backend/app/event_bench/nexon_sample.py", line 248, in collect_talesweaver_events
    first_soup = BeautifulSoup(_fetch_talesweaver_html(), "html.parser")
                               ^^^^^^^^^^^^^^^^^^^^^^^^^
  File "/home/runner/work/plan_gen/plan_gen/web/backend/app/event_bench/nexon_sample.py", line 117, in _fetch_talesweaver_html
    result = subprocess.run(
             ^^^^^^^^^^^^^^^
  File "/opt/hostedtoolcache/Python/3.12.14/x64/lib/python3.12/subprocess.py", line 571, in run
    raise CalledProcessError(retcode, process.args,
subprocess.CalledProcessError: Command '['/usr/bin/curl', '-L', '--fail', '--silent', '--show-error', '--max-time', '20', '-A', 'Mozilla/5.0 (Windows NT 10.0; Win64; x64) AppleWebKit/537.36 Chrome/139 Safari/537.36', '-H', 'Accept-Language: ko-KR,ko;q=0.9', '-H', 'Referer: https://tales.nexon.com/', 'https://tales.nexon.com/News/Event']' returned non-zero exit status 22.
2026-08-26 22:54:41,424 INFO 엘소드: refreshed 24 ongoing candidates
2026-08-26 22:54:48,681 INFO 바람의나라: refreshed 4 ongoing candidates
2026-08-26 22:55:08,411 INFO 로스트아크: refreshed 10 ongoing candidates
2026-08-26 22:55:09,182 ERROR 리니지: refresh failed; kept previous archive state: collector returned no candidates
Traceback (most recent call last):
  File "/home/runner/work/plan_gen/plan_gen/web/backend/event_bench_refresh.py", line 136, in main
    raise RuntimeError("collector returned no candidates")
RuntimeError: collector returned no candidates
2026-08-26 22:56:06,632 INFO 검은사막: refreshed 23 ongoing candidates
2026-08-26 22:56:07,368 ERROR 거상: refresh failed; kept previous archive state: <urlopen error [Errno 104] Connection reset by peer>
Traceback (most recent call last):
  File "/opt/hostedtoolcache/Python/3.12.14/x64/lib/python3.12/urllib/request.py", line 1344, in do_open
    h.request(req.get_method(), req.selector, req.data, headers,
  File "/opt/hostedtoolcache/Python/3.12.14/x64/lib/python3.12/http/client.py", line 1386, in request
    self._send_request(method, url, body, headers, encode_chunked)
  File "/opt/hostedtoolcache/Python/3.12.14/x64/lib/python3.12/http/client.py", line 1432, in _send_request
    self.endheaders(body, encode_chunked=encode_chunked)
  File "/opt/hostedtoolcache/Python/3.12.14/x64/lib/python3.12/http/client.py", line 1381, in endheaders
    self._send_output(message_body, encode_chunked=encode_chunked)
  File "/opt/hostedtoolcache/Python/3.12.14/x64/lib/python3.12/http/client.py", line 1141, in _send_output
    self.send(msg)
  File "/opt/hostedtoolcache/Python/3.12.14/x64/lib/python3.12/http/client.py", line 1085, in send
    self.connect()
  File "/opt/hostedtoolcache/Python/3.12.14/x64/lib/python3.12/http/client.py", line 1527, in connect
    self.sock = self._context.wrap_socket(self.sock,
                ^^^^^^^^^^^^^^^^^^^^^^^^^^^^^^^^^^^^
  File "/opt/hostedtoolcache/Python/3.12.14/x64/lib/python3.12/ssl.py", line 455, in wrap_socket
    return self.sslsocket_class._create(
           ^^^^^^^^^^^^^^^^^^^^^^^^^^^^^
  File "/opt/hostedtoolcache/Python/3.12.14/x64/lib/python3.12/ssl.py", line 1041, in _create
    self.do_handshake()
  File "/opt/hostedtoolcache/Python/3.12.14/x64/lib/python3.12/ssl.py", line 1319, in do_handshake
    self._sslobj.do_handshake()
ConnectionResetError: [Errno 104] Connection reset by peer

During handling of the above exception, another exception occurred:

Traceback (most recent call last):
  File "/home/runner/work/plan_gen/plan_gen/web/backend/event_bench_refresh.py", line 134, in main
    candidates = [asdict(item) for item in collector()]
                                           ^^^^^^^^^^^
  File "/home/runner/work/plan_gen/plan_gen/web/backend/app/event_bench/nexon_sample.py", line 366, in collect_gersang_events
    soup = BeautifulSoup(_fetch_html(GERSANG_EVENTS_URL), "html.parser")
                         ^^^^^^^^^^^^^^^^^^^^^^^^^^^^^^^
  File "/home/runner/work/plan_gen/plan_gen/web/backend/app/event_bench/nexon_sample.py", line 58, in _fetch_html
    with urlopen(request, timeout=20) as response:  # noqa: S310 - explicit verified official URLs
         ^^^^^^^^^^^^^^^^^^^^^^^^^^^^
  File "/opt/hostedtoolcache/Python/3.12.14/x64/lib/python3.12/urllib/request.py", line 215, in urlopen
    return opener.open(url, data, timeout)
           ^^^^^^^^^^^^^^^^^^^^^^^^^^^^^^^
  File "/opt/hostedtoolcache/Python/3.12.14/x64/lib/python3.12/urllib/request.py", line 515, in open
    response = self._open(req, data)
               ^^^^^^^^^^^^^^^^^^^^^
  File "/opt/hostedtoolcache/Python/3.12.14/x64/lib/python3.12/urllib/request.py", line 532, in _open
    result = self._call_chain(self.handle_open, protocol, protocol +
             ^^^^^^^^^^^^^^^^^^^^^^^^^^^^^^^^^^^^^^^^^^^^^^^^^^^^^^^
  File "/opt/hostedtoolcache/Python/3.12.14/x64/lib/python3.12/urllib/request.py", line 492, in _call_chain
    result = func(*args)
             ^^^^^^^^^^^
  File "/opt/hostedtoolcache/Python/3.12.14/x64/lib/python3.12/urllib/request.py", line 1392, in https_open
    return self.do_open(http.client.HTTPSConnection, req,
           ^^^^^^^^^^^^^^^^^^^^^^^^^^^^^^^^^^^^^^^^^^^^^^
  File "/opt/hostedtoolcache/Python/3.12.14/x64/lib/python3.12/urllib/request.py", line 1347, in do_open
    raise URLError(err)
urllib.error.URLError: <urlopen error [Errno 104] Connection reset by peer>
2026-08-26 22:56:08,558 ERROR 던전앤파이터: refresh failed; kept previous archive state: collector returned no candidates
Traceback (most recent call last):
  File "/home/runner/work/plan_gen/plan_gen/web/backend/event_bench_refresh.py", line 136, in main
    raise RuntimeError("collector returned no candidates")
RuntimeError: collector returned no candidates
2026-08-26 22:56:09,785 ERROR 테일즈런너: refresh failed; kept previous archive state: HTTP Error 403: Forbidden
Traceback (most recent call last):
  File "/home/runner/work/plan_gen/plan_gen/web/backend/event_bench_refresh.py", line 134, in main
    candidates = [asdict(item) for item in collector()]
                                           ^^^^^^^^^^^
  File "/home/runner/work/plan_gen/plan_gen/web/backend/app/event_bench/nexon_sample.py", line 514, in collect_talesrunner_events
    payload = json.loads(_fetch_html(TALESRUNNER_EVENT_API_URL))
                         ^^^^^^^^^^^^^^^^^^^^^^^^^^^^^^^^^^^^^^
  File "/home/runner/work/plan_gen/plan_gen/web/backend/app/event_bench/nexon_sample.py", line 58, in _fetch_html
    with urlopen(request, timeout=20) as response:  # noqa: S310 - explicit verified official URLs
         ^^^^^^^^^^^^^^^^^^^^^^^^^^^^
  File "/opt/hostedtoolcache/Python/3.12.14/x64/lib/python3.12/urllib/request.py", line 215, in urlopen
    return opener.open(url, data, timeout)
           ^^^^^^^^^^^^^^^^^^^^^^^^^^^^^^^
  File "/opt/hostedtoolcache/Python/3.12.14/x64/lib/python3.12/urllib/request.py", line 521, in open
    response = meth(req, response)
               ^^^^^^^^^^^^^^^^^^^
  File "/opt/hostedtoolcache/Python/3.12.14/x64/lib/python3.12/urllib/request.py", line 630, in http_response
    response = self.parent.error(
               ^^^^^^^^^^^^^^^^^^
  File "/opt/hostedtoolcache/Python/3.12.14/x64/lib/python3.12/urllib/request.py", line 559, in error
    return self._call_chain(*args)
           ^^^^^^^^^^^^^^^^^^^^^^^
  File "/opt/hostedtoolcache/Python/3.12.14/x64/lib/python3.12/urllib/request.py", line 492, in _call_chain
    result = func(*args)
             ^^^^^^^^^^^
  File "/opt/hostedtoolcache/Python/3.12.14/x64/lib/python3.12/urllib/request.py", line 639, in http_error_default
    raise HTTPError(req.full_url, code, msg, hdrs, fp)
urllib.error.HTTPError: HTTP Error 403: Forbidden
2026-08-26 22:56:15,764 INFO 카운터스트라이크 온라인: refreshed 2 ongoing candidates
2026-08-26 22:56:19,816 INFO 마비노기 영웅전: refreshed 17 ongoing candidates
2026-08-26 22:56:20,577 INFO 라그나로크: refreshed 10 ongoing candidates
2026-08-26 22:56:20,579 INFO Refresh complete: 192 total archived / 181 active candidates
2026-08-26 23:32:50,507 INFO FC ONLINE: refreshed 17 ongoing candidates
2026-08-26 23:33:16,990 INFO 메이플스토리: refreshed 20 ongoing candidates
2026-08-26 23:33:17,127 ERROR 마비노기: refresh failed; kept previous archive state: HTTP Error 403: Forbidden
Traceback (most recent call last):
  File "/home/runner/work/plan_gen/plan_gen/web/backend/event_bench_refresh.py", line 134, in main
    candidates = [asdict(item) for item in collector()]
                                           ^^^^^^^^^^^
  File "/home/runner/work/plan_gen/plan_gen/web/backend/app/event_bench/nexon_sample.py", line 219, in collect_mabinogi_events
    first_soup = BeautifulSoup(_fetch_html(MABINOGI_EVENTS_URL), "html.parser")
                               ^^^^^^^^^^^^^^^^^^^^^^^^^^^^^^^^
  File "/home/runner/work/plan_gen/plan_gen/web/backend/app/event_bench/nexon_sample.py", line 58, in _fetch_html
    with urlopen(request, timeout=20) as response:  # noqa: S310 - explicit verified official URLs
         ^^^^^^^^^^^^^^^^^^^^^^^^^^^^
  File "/opt/hostedtoolcache/Python/3.12.14/x64/lib/python3.12/urllib/request.py", line 215, in urlopen
    return opener.open(url, data, timeout)
           ^^^^^^^^^^^^^^^^^^^^^^^^^^^^^^^
  File "/opt/hostedtoolcache/Python/3.12.14/x64/lib/python3.12/urllib/request.py", line 521, in open
    response = meth(req, response)
               ^^^^^^^^^^^^^^^^^^^
  File "/opt/hostedtoolcache/Python/3.12.14/x64/lib/python3.12/urllib/request.py", line 630, in http_response
    response = self.parent.error(
               ^^^^^^^^^^^^^^^^^^
  File "/opt/hostedtoolcache/Python/3.12.14/x64/lib/python3.12/urllib/request.py", line 559, in error
    return self._call_chain(*args)
           ^^^^^^^^^^^^^^^^^^^^^^^
  File "/opt/hostedtoolcache/Python/3.12.14/x64/lib/python3.12/urllib/request.py", line 492, in _call_chain
    result = func(*args)
             ^^^^^^^^^^^
  File "/opt/hostedtoolcache/Python/3.12.14/x64/lib/python3.12/urllib/request.py", line 639, in http_error_default
    raise HTTPError(req.full_url, code, msg, hdrs, fp)
urllib.error.HTTPError: HTTP Error 403: Forbidden
2026-08-26 23:33:17,303 ERROR 테일즈위버: refresh failed; kept previous archive state: Command '['/usr/bin/curl', '-L', '--fail', '--silent', '--show-error', '--max-time', '20', '-A', 'Mozilla/5.0 (Windows NT 10.0; Win64; x64) AppleWebKit/537.36 Chrome/139 Safari/537.36', '-H', 'Accept-Language: ko-KR,ko;q=0.9', '-H', 'Referer: https://tales.nexon.com/', 'https://tales.nexon.com/News/Event']' returned non-zero exit status 22.
Traceback (most recent call last):
  File "/home/runner/work/plan_gen/plan_gen/web/backend/event_bench_refresh.py", line 134, in main
    candidates = [asdict(item) for item in collector()]
                                           ^^^^^^^^^^^
  File "/home/runner/work/plan_gen/plan_gen/web/backend/app/event_bench/nexon_sample.py", line 248, in collect_talesweaver_events
    first_soup = BeautifulSoup(_fetch_talesweaver_html(), "html.parser")
                               ^^^^^^^^^^^^^^^^^^^^^^^^^
  File "/home/runner/work/plan_gen/plan_gen/web/backend/app/event_bench/nexon_sample.py", line 117, in _fetch_talesweaver_html
    result = subprocess.run(
             ^^^^^^^^^^^^^^^
  File "/opt/hostedtoolcache/Python/3.12.14/x64/lib/python3.12/subprocess.py", line 571, in run
    raise CalledProcessError(retcode, process.args,
subprocess.CalledProcessError: Command '['/usr/bin/curl', '-L', '--fail', '--silent', '--show-error', '--max-time', '20', '-A', 'Mozilla/5.0 (Windows NT 10.0; Win64; x64) AppleWebKit/537.36 Chrome/139 Safari/537.36', '-H', 'Accept-Language: ko-KR,ko;q=0.9', '-H', 'Referer: https://tales.nexon.com/', 'https://tales.nexon.com/News/Event']' returned non-zero exit status 22.
2026-08-26 23:33:55,028 INFO 엘소드: refreshed 24 ongoing candidates
2026-08-26 23:34:00,556 INFO 바람의나라: refreshed 4 ongoing candidates
2026-08-26 23:34:12,699 INFO 로스트아크: refreshed 10 ongoing candidates
2026-08-26 23:34:13,524 ERROR 리니지: refresh failed; kept previous archive state: collector returned no candidates
Traceback (most recent call last):
  File "/home/runner/work/plan_gen/plan_gen/web/backend/event_bench_refresh.py", line 136, in main
    raise RuntimeError("collector returned no candidates")
RuntimeError: collector returned no candidates
2026-08-26 23:34:54,137 INFO 검은사막: refreshed 23 ongoing candidates
2026-08-26 23:34:54,668 ERROR 거상: refresh failed; kept previous archive state: <urlopen error [Errno 104] Connection reset by peer>
Traceback (most recent call last):
  File "/opt/hostedtoolcache/Python/3.12.14/x64/lib/python3.12/urllib/request.py", line 1344, in do_open
    h.request(req.get_method(), req.selector, req.data, headers,
  File "/opt/hostedtoolcache/Python/3.12.14/x64/lib/python3.12/http/client.py", line 1386, in request
    self._send_request(method, url, body, headers, encode_chunked)
  File "/opt/hostedtoolcache/Python/3.12.14/x64/lib/python3.12/http/client.py", line 1432, in _send_request
    self.endheaders(body, encode_chunked=encode_chunked)
  File "/opt/hostedtoolcache/Python/3.12.14/x64/lib/python3.12/http/client.py", line 1381, in endheaders
    self._send_output(message_body, encode_chunked=encode_chunked)
  File "/opt/hostedtoolcache/Python/3.12.14/x64/lib/python3.12/http/client.py", line 1141, in _send_output
    self.send(msg)
  File "/opt/hostedtoolcache/Python/3.12.14/x64/lib/python3.12/http/client.py", line 1085, in send
    self.connect()
  File "/opt/hostedtoolcache/Python/3.12.14/x64/lib/python3.12/http/client.py", line 1527, in connect
    self.sock = self._context.wrap_socket(self.sock,
                ^^^^^^^^^^^^^^^^^^^^^^^^^^^^^^^^^^^^
  File "/opt/hostedtoolcache/Python/3.12.14/x64/lib/python3.12/ssl.py", line 455, in wrap_socket
    return self.sslsocket_class._create(
           ^^^^^^^^^^^^^^^^^^^^^^^^^^^^^
  File "/opt/hostedtoolcache/Python/3.12.14/x64/lib/python3.12/ssl.py", line 1041, in _create
    self.do_handshake()
  File "/opt/hostedtoolcache/Python/3.12.14/x64/lib/python3.12/ssl.py", line 1319, in do_handshake
    self._sslobj.do_handshake()
ConnectionResetError: [Errno 104] Connection reset by peer

During handling of the above exception, another exception occurred:

Traceback (most recent call last):
  File "/home/runner/work/plan_gen/plan_gen/web/backend/event_bench_refresh.py", line 134, in main
    candidates = [asdict(item) for item in collector()]
                                           ^^^^^^^^^^^
  File "/home/runner/work/plan_gen/plan_gen/web/backend/app/event_bench/nexon_sample.py", line 366, in collect_gersang_events
    soup = BeautifulSoup(_fetch_html(GERSANG_EVENTS_URL), "html.parser")
                         ^^^^^^^^^^^^^^^^^^^^^^^^^^^^^^^
  File "/home/runner/work/plan_gen/plan_gen/web/backend/app/event_bench/nexon_sample.py", line 58, in _fetch_html
    with urlopen(request, timeout=20) as response:  # noqa: S310 - explicit verified official URLs
         ^^^^^^^^^^^^^^^^^^^^^^^^^^^^
  File "/opt/hostedtoolcache/Python/3.12.14/x64/lib/python3.12/urllib/request.py", line 215, in urlopen
    return opener.open(url, data, timeout)
           ^^^^^^^^^^^^^^^^^^^^^^^^^^^^^^^
  File "/opt/hostedtoolcache/Python/3.12.14/x64/lib/python3.12/urllib/request.py", line 515, in open
    response = self._open(req, data)
               ^^^^^^^^^^^^^^^^^^^^^
  File "/opt/hostedtoolcache/Python/3.12.14/x64/lib/python3.12/urllib/request.py", line 532, in _open
    result = self._call_chain(self.handle_open, protocol, protocol +
             ^^^^^^^^^^^^^^^^^^^^^^^^^^^^^^^^^^^^^^^^^^^^^^^^^^^^^^^
  File "/opt/hostedtoolcache/Python/3.12.14/x64/lib/python3.12/urllib/request.py", line 492, in _call_chain
    result = func(*args)
             ^^^^^^^^^^^
  File "/opt/hostedtoolcache/Python/3.12.14/x64/lib/python3.12/urllib/request.py", line 1392, in https_open
    return self.do_open(http.client.HTTPSConnection, req,
           ^^^^^^^^^^^^^^^^^^^^^^^^^^^^^^^^^^^^^^^^^^^^^^
  File "/opt/hostedtoolcache/Python/3.12.14/x64/lib/python3.12/urllib/request.py", line 1347, in do_open
    raise URLError(err)
urllib.error.URLError: <urlopen error [Errno 104] Connection reset by peer>
2026-08-26 23:34:54,971 ERROR 던전앤파이터: refresh failed; kept previous archive state: collector returned no candidates
Traceback (most recent call last):
  File "/home/runner/work/plan_gen/plan_gen/web/backend/event_bench_refresh.py", line 136, in main
    raise RuntimeError("collector returned no candidates")
RuntimeError: collector returned no candidates
2026-08-26 23:34:55,919 ERROR 테일즈런너: refresh failed; kept previous archive state: HTTP Error 403: Forbidden
Traceback (most recent call last):
  File "/home/runner/work/plan_gen/plan_gen/web/backend/event_bench_refresh.py", line 134, in main
    candidates = [asdict(item) for item in collector()]
                                           ^^^^^^^^^^^
  File "/home/runner/work/plan_gen/plan_gen/web/backend/app/event_bench/nexon_sample.py", line 514, in collect_talesrunner_events
    payload = json.loads(_fetch_html(TALESRUNNER_EVENT_API_URL))
                         ^^^^^^^^^^^^^^^^^^^^^^^^^^^^^^^^^^^^^^
  File "/home/runner/work/plan_gen/plan_gen/web/backend/app/event_bench/nexon_sample.py", line 58, in _fetch_html
    with urlopen(request, timeout=20) as response:  # noqa: S310 - explicit verified official URLs
         ^^^^^^^^^^^^^^^^^^^^^^^^^^^^
  File "/opt/hostedtoolcache/Python/3.12.14/x64/lib/python3.12/urllib/request.py", line 215, in urlopen
    return opener.open(url, data, timeout)
           ^^^^^^^^^^^^^^^^^^^^^^^^^^^^^^^
  File "/opt/hostedtoolcache/Python/3.12.14/x64/lib/python3.12/urllib/request.py", line 521, in open
    response = meth(req, response)
               ^^^^^^^^^^^^^^^^^^^
  File "/opt/hostedtoolcache/Python/3.12.14/x64/lib/python3.12/urllib/request.py", line 630, in http_response
    response = self.parent.error(
               ^^^^^^^^^^^^^^^^^^
  File "/opt/hostedtoolcache/Python/3.12.14/x64/lib/python3.12/urllib/request.py", line 559, in error
    return self._call_chain(*args)
           ^^^^^^^^^^^^^^^^^^^^^^^
  File "/opt/hostedtoolcache/Python/3.12.14/x64/lib/python3.12/urllib/request.py", line 492, in _call_chain
    result = func(*args)
             ^^^^^^^^^^^
  File "/opt/hostedtoolcache/Python/3.12.14/x64/lib/python3.12/urllib/request.py", line 639, in http_error_default
    raise HTTPError(req.full_url, code, msg, hdrs, fp)
urllib.error.HTTPError: HTTP Error 403: Forbidden
2026-08-26 23:35:00,076 INFO 카운터스트라이크 온라인: refreshed 2 ongoing candidates
2026-08-26 23:35:00,325 ERROR 마비노기 영웅전: refresh failed; kept previous archive state: HTTP Error 403: Forbidden
Traceback (most recent call last):
  File "/home/runner/work/plan_gen/plan_gen/web/backend/event_bench_refresh.py", line 134, in main
    candidates = [asdict(item) for item in collector()]
                                           ^^^^^^^^^^^
  File "/home/runner/work/plan_gen/plan_gen/web/backend/app/event_bench/nexon_sample.py", line 460, in collect_heroes_events
    soup = BeautifulSoup(_fetch_html(HEROES_EVENTS_URL), "html.parser")
                         ^^^^^^^^^^^^^^^^^^^^^^^^^^^^^^
  File "/home/runner/work/plan_gen/plan_gen/web/backend/app/event_bench/nexon_sample.py", line 58, in _fetch_html
    with urlopen(request, timeout=20) as response:  # noqa: S310 - explicit verified official URLs
         ^^^^^^^^^^^^^^^^^^^^^^^^^^^^
  File "/opt/hostedtoolcache/Python/3.12.14/x64/lib/python3.12/urllib/request.py", line 215, in urlopen
    return opener.open(url, data, timeout)
           ^^^^^^^^^^^^^^^^^^^^^^^^^^^^^^^
  File "/opt/hostedtoolcache/Python/3.12.14/x64/lib/python3.12/urllib/request.py", line 521, in open
    response = meth(req, response)
               ^^^^^^^^^^^^^^^^^^^
  File "/opt/hostedtoolcache/Python/3.12.14/x64/lib/python3.12/urllib/request.py", line 630, in http_response
    response = self.parent.error(
               ^^^^^^^^^^^^^^^^^^
  File "/opt/hostedtoolcache/Python/3.12.14/x64/lib/python3.12/urllib/request.py", line 553, in error
    result = self._call_chain(*args)
             ^^^^^^^^^^^^^^^^^^^^^^^
  File "/opt/hostedtoolcache/Python/3.12.14/x64/lib/python3.12/urllib/request.py", line 492, in _call_chain
    result = func(*args)
             ^^^^^^^^^^^
  File "/opt/hostedtoolcache/Python/3.12.14/x64/lib/python3.12/urllib/request.py", line 745, in http_error_302
    return self.parent.open(new, timeout=req.timeout)
           ^^^^^^^^^^^^^^^^^^^^^^^^^^^^^^^^^^^^^^^^^^
  File "/opt/hostedtoolcache/Python/3.12.14/x64/lib/python3.12/urllib/request.py", line 521, in open
    response = meth(req, response)
               ^^^^^^^^^^^^^^^^^^^
  File "/opt/hostedtoolcache/Python/3.12.14/x64/lib/python3.12/urllib/request.py", line 630, in http_response
    response = self.parent.error(
               ^^^^^^^^^^^^^^^^^^
  File "/opt/hostedtoolcache/Python/3.12.14/x64/lib/python3.12/urllib/request.py", line 559, in error
    return self._call_chain(*args)
           ^^^^^^^^^^^^^^^^^^^^^^^
  File "/opt/hostedtoolcache/Python/3.12.14/x64/lib/python3.12/urllib/request.py", line 492, in _call_chain
    result = func(*args)
             ^^^^^^^^^^^
  File "/opt/hostedtoolcache/Python/3.12.14/x64/lib/python3.12/urllib/request.py", line 639, in http_error_default
    raise HTTPError(req.full_url, code, msg, hdrs, fp)
urllib.error.HTTPError: HTTP Error 403: Forbidden
2026-08-26 23:35:00,935 INFO 라그나로크: refreshed 10 ongoing candidates
2026-08-26 23:35:00,938 INFO Refresh complete: 192 total archived / 181 active candidates
2026-08-26 23:42:25,374 INFO FC ONLINE: refreshed 17 ongoing candidates
2026-08-26 23:43:08,607 INFO 메이플스토리: refreshed 20 ongoing candidates
2026-08-26 23:43:08,691 ERROR 마비노기: refresh failed; kept previous archive state: HTTP Error 403: Forbidden
Traceback (most recent call last):
  File "/home/runner/work/plan_gen/plan_gen/web/backend/event_bench_refresh.py", line 134, in main
    candidates = [asdict(item) for item in collector()]
                                           ^^^^^^^^^^^
  File "/home/runner/work/plan_gen/plan_gen/web/backend/app/event_bench/nexon_sample.py", line 219, in collect_mabinogi_events
    first_soup = BeautifulSoup(_fetch_html(MABINOGI_EVENTS_URL), "html.parser")
                               ^^^^^^^^^^^^^^^^^^^^^^^^^^^^^^^^
  File "/home/runner/work/plan_gen/plan_gen/web/backend/app/event_bench/nexon_sample.py", line 58, in _fetch_html
    with urlopen(request, timeout=20) as response:  # noqa: S310 - explicit verified official URLs
         ^^^^^^^^^^^^^^^^^^^^^^^^^^^^
  File "/opt/hostedtoolcache/Python/3.12.14/x64/lib/python3.12/urllib/request.py", line 215, in urlopen
    return opener.open(url, data, timeout)
           ^^^^^^^^^^^^^^^^^^^^^^^^^^^^^^^
  File "/opt/hostedtoolcache/Python/3.12.14/x64/lib/python3.12/urllib/request.py", line 521, in open
    response = meth(req, response)
               ^^^^^^^^^^^^^^^^^^^
  File "/opt/hostedtoolcache/Python/3.12.14/x64/lib/python3.12/urllib/request.py", line 630, in http_response
    response = self.parent.error(
               ^^^^^^^^^^^^^^^^^^
  File "/opt/hostedtoolcache/Python/3.12.14/x64/lib/python3.12/urllib/request.py", line 559, in error
    return self._call_chain(*args)
           ^^^^^^^^^^^^^^^^^^^^^^^
  File "/opt/hostedtoolcache/Python/3.12.14/x64/lib/python3.12/urllib/request.py", line 492, in _call_chain
    result = func(*args)
             ^^^^^^^^^^^
  File "/opt/hostedtoolcache/Python/3.12.14/x64/lib/python3.12/urllib/request.py", line 639, in http_error_default
    raise HTTPError(req.full_url, code, msg, hdrs, fp)
urllib.error.HTTPError: HTTP Error 403: Forbidden
2026-08-26 23:43:08,830 ERROR 테일즈위버: refresh failed; kept previous archive state: Command '['/usr/bin/curl', '-L', '--fail', '--silent', '--show-error', '--max-time', '20', '-A', 'Mozilla/5.0 (Windows NT 10.0; Win64; x64) AppleWebKit/537.36 Chrome/139 Safari/537.36', '-H', 'Accept-Language: ko-KR,ko;q=0.9', '-H', 'Referer: https://tales.nexon.com/', 'https://tales.nexon.com/News/Event']' returned non-zero exit status 22.
Traceback (most recent call last):
  File "/home/runner/work/plan_gen/plan_gen/web/backend/event_bench_refresh.py", line 134, in main
    candidates = [asdict(item) for item in collector()]
                                           ^^^^^^^^^^^
  File "/home/runner/work/plan_gen/plan_gen/web/backend/app/event_bench/nexon_sample.py", line 248, in collect_talesweaver_events
    first_soup = BeautifulSoup(_fetch_talesweaver_html(), "html.parser")
                               ^^^^^^^^^^^^^^^^^^^^^^^^^
  File "/home/runner/work/plan_gen/plan_gen/web/backend/app/event_bench/nexon_sample.py", line 117, in _fetch_talesweaver_html
    result = subprocess.run(
             ^^^^^^^^^^^^^^^
  File "/opt/hostedtoolcache/Python/3.12.14/x64/lib/python3.12/subprocess.py", line 571, in run
    raise CalledProcessError(retcode, process.args,
subprocess.CalledProcessError: Command '['/usr/bin/curl', '-L', '--fail', '--silent', '--show-error', '--max-time', '20', '-A', 'Mozilla/5.0 (Windows NT 10.0; Win64; x64) AppleWebKit/537.36 Chrome/139 Safari/537.36', '-H', 'Accept-Language: ko-KR,ko;q=0.9', '-H', 'Referer: https://tales.nexon.com/', 'https://tales.nexon.com/News/Event']' returned non-zero exit status 22.
2026-08-26 23:44:03,745 INFO 엘소드: refreshed 24 ongoing candidates
2026-08-26 23:44:11,633 INFO 바람의나라: refreshed 4 ongoing candidates
2026-08-26 23:44:33,092 INFO 로스트아크: refreshed 10 ongoing candidates
2026-08-26 23:44:33,844 ERROR 리니지: refresh failed; kept previous archive state: collector returned no candidates
Traceback (most recent call last):
  File "/home/runner/work/plan_gen/plan_gen/web/backend/event_bench_refresh.py", line 136, in main
    raise RuntimeError("collector returned no candidates")
RuntimeError: collector returned no candidates
2026-08-26 23:45:29,562 INFO 검은사막: refreshed 23 ongoing candidates
2026-08-26 23:45:30,316 ERROR 거상: refresh failed; kept previous archive state: <urlopen error [Errno 104] Connection reset by peer>
Traceback (most recent call last):
  File "/opt/hostedtoolcache/Python/3.12.14/x64/lib/python3.12/urllib/request.py", line 1344, in do_open
    h.request(req.get_method(), req.selector, req.data, headers,
  File "/opt/hostedtoolcache/Python/3.12.14/x64/lib/python3.12/http/client.py", line 1386, in request
    self._send_request(method, url, body, headers, encode_chunked)
  File "/opt/hostedtoolcache/Python/3.12.14/x64/lib/python3.12/http/client.py", line 1432, in _send_request
    self.endheaders(body, encode_chunked=encode_chunked)
  File "/opt/hostedtoolcache/Python/3.12.14/x64/lib/python3.12/http/client.py", line 1381, in endheaders
    self._send_output(message_body, encode_chunked=encode_chunked)
  File "/opt/hostedtoolcache/Python/3.12.14/x64/lib/python3.12/http/client.py", line 1141, in _send_output
    self.send(msg)
  File "/opt/hostedtoolcache/Python/3.12.14/x64/lib/python3.12/http/client.py", line 1085, in send
    self.connect()
  File "/opt/hostedtoolcache/Python/3.12.14/x64/lib/python3.12/http/client.py", line 1527, in connect
    self.sock = self._context.wrap_socket(self.sock,
                ^^^^^^^^^^^^^^^^^^^^^^^^^^^^^^^^^^^^
  File "/opt/hostedtoolcache/Python/3.12.14/x64/lib/python3.12/ssl.py", line 455, in wrap_socket
    return self.sslsocket_class._create(
           ^^^^^^^^^^^^^^^^^^^^^^^^^^^^^
  File "/opt/hostedtoolcache/Python/3.12.14/x64/lib/python3.12/ssl.py", line 1041, in _create
    self.do_handshake()
  File "/opt/hostedtoolcache/Python/3.12.14/x64/lib/python3.12/ssl.py", line 1319, in do_handshake
    self._sslobj.do_handshake()
ConnectionResetError: [Errno 104] Connection reset by peer

During handling of the above exception, another exception occurred:

Traceback (most recent call last):
  File "/home/runner/work/plan_gen/plan_gen/web/backend/event_bench_refresh.py", line 134, in main
    candidates = [asdict(item) for item in collector()]
                                           ^^^^^^^^^^^
  File "/home/runner/work/plan_gen/plan_gen/web/backend/app/event_bench/nexon_sample.py", line 366, in collect_gersang_events
    soup = BeautifulSoup(_fetch_html(GERSANG_EVENTS_URL), "html.parser")
                         ^^^^^^^^^^^^^^^^^^^^^^^^^^^^^^^
  File "/home/runner/work/plan_gen/plan_gen/web/backend/app/event_bench/nexon_sample.py", line 58, in _fetch_html
    with urlopen(request, timeout=20) as response:  # noqa: S310 - explicit verified official URLs
         ^^^^^^^^^^^^^^^^^^^^^^^^^^^^
  File "/opt/hostedtoolcache/Python/3.12.14/x64/lib/python3.12/urllib/request.py", line 215, in urlopen
    return opener.open(url, data, timeout)
           ^^^^^^^^^^^^^^^^^^^^^^^^^^^^^^^
  File "/opt/hostedtoolcache/Python/3.12.14/x64/lib/python3.12/urllib/request.py", line 515, in open
    response = self._open(req, data)
               ^^^^^^^^^^^^^^^^^^^^^
  File "/opt/hostedtoolcache/Python/3.12.14/x64/lib/python3.12/urllib/request.py", line 532, in _open
    result = self._call_chain(self.handle_open, protocol, protocol +
             ^^^^^^^^^^^^^^^^^^^^^^^^^^^^^^^^^^^^^^^^^^^^^^^^^^^^^^^
  File "/opt/hostedtoolcache/Python/3.12.14/x64/lib/python3.12/urllib/request.py", line 492, in _call_chain
    result = func(*args)
             ^^^^^^^^^^^
  File "/opt/hostedtoolcache/Python/3.12.14/x64/lib/python3.12/urllib/request.py", line 1392, in https_open
    return self.do_open(http.client.HTTPSConnection, req,
           ^^^^^^^^^^^^^^^^^^^^^^^^^^^^^^^^^^^^^^^^^^^^^^
  File "/opt/hostedtoolcache/Python/3.12.14/x64/lib/python3.12/urllib/request.py", line 1347, in do_open
    raise URLError(err)
urllib.error.URLError: <urlopen error [Errno 104] Connection reset by peer>
2026-08-26 23:45:30,856 ERROR 던전앤파이터: refresh failed; kept previous archive state: collector returned no candidates
Traceback (most recent call last):
  File "/home/runner/work/plan_gen/plan_gen/web/backend/event_bench_refresh.py", line 136, in main
    raise RuntimeError("collector returned no candidates")
RuntimeError: collector returned no candidates
2026-08-26 23:45:32,056 ERROR 테일즈런너: refresh failed; kept previous archive state: HTTP Error 403: Forbidden
Traceback (most recent call last):
  File "/home/runner/work/plan_gen/plan_gen/web/backend/event_bench_refresh.py", line 134, in main
    candidates = [asdict(item) for item in collector()]
                                           ^^^^^^^^^^^
  File "/home/runner/work/plan_gen/plan_gen/web/backend/app/event_bench/nexon_sample.py", line 514, in collect_talesrunner_events
    payload = json.loads(_fetch_html(TALESRUNNER_EVENT_API_URL))
                         ^^^^^^^^^^^^^^^^^^^^^^^^^^^^^^^^^^^^^^
  File "/home/runner/work/plan_gen/plan_gen/web/backend/app/event_bench/nexon_sample.py", line 58, in _fetch_html
    with urlopen(request, timeout=20) as response:  # noqa: S310 - explicit verified official URLs
         ^^^^^^^^^^^^^^^^^^^^^^^^^^^^
  File "/opt/hostedtoolcache/Python/3.12.14/x64/lib/python3.12/urllib/request.py", line 215, in urlopen
    return opener.open(url, data, timeout)
           ^^^^^^^^^^^^^^^^^^^^^^^^^^^^^^^
  File "/opt/hostedtoolcache/Python/3.12.14/x64/lib/python3.12/urllib/request.py", line 521, in open
    response = meth(req, response)
               ^^^^^^^^^^^^^^^^^^^
  File "/opt/hostedtoolcache/Python/3.12.14/x64/lib/python3.12/urllib/request.py", line 630, in http_response
    response = self.parent.error(
               ^^^^^^^^^^^^^^^^^^
  File "/opt/hostedtoolcache/Python/3.12.14/x64/lib/python3.12/urllib/request.py", line 559, in error
    return self._call_chain(*args)
           ^^^^^^^^^^^^^^^^^^^^^^^
  File "/opt/hostedtoolcache/Python/3.12.14/x64/lib/python3.12/urllib/request.py", line 492, in _call_chain
    result = func(*args)
             ^^^^^^^^^^^
  File "/opt/hostedtoolcache/Python/3.12.14/x64/lib/python3.12/urllib/request.py", line 639, in http_error_default
    raise HTTPError(req.full_url, code, msg, hdrs, fp)
urllib.error.HTTPError: HTTP Error 403: Forbidden
2026-08-26 23:45:38,685 INFO 카운터스트라이크 온라인: refreshed 2 ongoing candidates
2026-08-26 23:45:39,146 ERROR 마비노기 영웅전: refresh failed; kept previous archive state: HTTP Error 403: Forbidden
Traceback (most recent call last):
  File "/home/runner/work/plan_gen/plan_gen/web/backend/event_bench_refresh.py", line 134, in main
    candidates = [asdict(item) for item in collector()]
                                           ^^^^^^^^^^^
  File "/home/runner/work/plan_gen/plan_gen/web/backend/app/event_bench/nexon_sample.py", line 460, in collect_heroes_events
    soup = BeautifulSoup(_fetch_html(HEROES_EVENTS_URL), "html.parser")
                         ^^^^^^^^^^^^^^^^^^^^^^^^^^^^^^
  File "/home/runner/work/plan_gen/plan_gen/web/backend/app/event_bench/nexon_sample.py", line 58, in _fetch_html
    with urlopen(request, timeout=20) as response:  # noqa: S310 - explicit verified official URLs
         ^^^^^^^^^^^^^^^^^^^^^^^^^^^^
  File "/opt/hostedtoolcache/Python/3.12.14/x64/lib/python3.12/urllib/request.py", line 215, in urlopen
    return opener.open(url, data, timeout)
           ^^^^^^^^^^^^^^^^^^^^^^^^^^^^^^^
  File "/opt/hostedtoolcache/Python/3.12.14/x64/lib/python3.12/urllib/request.py", line 521, in open
    response = meth(req, response)
               ^^^^^^^^^^^^^^^^^^^
  File "/opt/hostedtoolcache/Python/3.12.14/x64/lib/python3.12/urllib/request.py", line 630, in http_response
    response = self.parent.error(
               ^^^^^^^^^^^^^^^^^^
  File "/opt/hostedtoolcache/Python/3.12.14/x64/lib/python3.12/urllib/request.py", line 553, in error
    result = self._call_chain(*args)
             ^^^^^^^^^^^^^^^^^^^^^^^
  File "/opt/hostedtoolcache/Python/3.12.14/x64/lib/python3.12/urllib/request.py", line 492, in _call_chain
    result = func(*args)
             ^^^^^^^^^^^
  File "/opt/hostedtoolcache/Python/3.12.14/x64/lib/python3.12/urllib/request.py", line 745, in http_error_302
    return self.parent.open(new, timeout=req.timeout)
           ^^^^^^^^^^^^^^^^^^^^^^^^^^^^^^^^^^^^^^^^^^
  File "/opt/hostedtoolcache/Python/3.12.14/x64/lib/python3.12/urllib/request.py", line 521, in open
    response = meth(req, response)
               ^^^^^^^^^^^^^^^^^^^
  File "/opt/hostedtoolcache/Python/3.12.14/x64/lib/python3.12/urllib/request.py", line 630, in http_response
    response = self.parent.error(
               ^^^^^^^^^^^^^^^^^^
  File "/opt/hostedtoolcache/Python/3.12.14/x64/lib/python3.12/urllib/request.py", line 559, in error
    return self._call_chain(*args)
           ^^^^^^^^^^^^^^^^^^^^^^^
  File "/opt/hostedtoolcache/Python/3.12.14/x64/lib/python3.12/urllib/request.py", line 492, in _call_chain
    result = func(*args)
             ^^^^^^^^^^^
  File "/opt/hostedtoolcache/Python/3.12.14/x64/lib/python3.12/urllib/request.py", line 639, in http_error_default
    raise HTTPError(req.full_url, code, msg, hdrs, fp)
urllib.error.HTTPError: HTTP Error 403: Forbidden
2026-08-26 23:45:39,838 INFO 라그나로크: refreshed 10 ongoing candidates
2026-08-26 23:45:39,841 INFO Refresh complete: 192 total archived / 181 active candidates
2026-08-27 02:27:55,730 INFO FC ONLINE: refreshed 18 ongoing candidates
2026-08-27 02:28:18,651 INFO 메이플스토리: refreshed 19 ongoing candidates
2026-08-27 02:28:18,736 ERROR 마비노기: refresh failed; kept previous archive state: HTTP Error 403: Forbidden
Traceback (most recent call last):
  File "/home/runner/work/plan_gen/plan_gen/web/backend/event_bench_refresh.py", line 134, in main
    candidates = [asdict(item) for item in collector()]
                                           ^^^^^^^^^^^
  File "/home/runner/work/plan_gen/plan_gen/web/backend/app/event_bench/nexon_sample.py", line 219, in collect_mabinogi_events
    first_soup = BeautifulSoup(_fetch_html(MABINOGI_EVENTS_URL), "html.parser")
                               ^^^^^^^^^^^^^^^^^^^^^^^^^^^^^^^^
  File "/home/runner/work/plan_gen/plan_gen/web/backend/app/event_bench/nexon_sample.py", line 58, in _fetch_html
    with urlopen(request, timeout=20) as response:  # noqa: S310 - explicit verified official URLs
         ^^^^^^^^^^^^^^^^^^^^^^^^^^^^
  File "/opt/hostedtoolcache/Python/3.12.14/x64/lib/python3.12/urllib/request.py", line 215, in urlopen
    return opener.open(url, data, timeout)
           ^^^^^^^^^^^^^^^^^^^^^^^^^^^^^^^
  File "/opt/hostedtoolcache/Python/3.12.14/x64/lib/python3.12/urllib/request.py", line 521, in open
    response = meth(req, response)
               ^^^^^^^^^^^^^^^^^^^
  File "/opt/hostedtoolcache/Python/3.12.14/x64/lib/python3.12/urllib/request.py", line 630, in http_response
    response = self.parent.error(
               ^^^^^^^^^^^^^^^^^^
  File "/opt/hostedtoolcache/Python/3.12.14/x64/lib/python3.12/urllib/request.py", line 559, in error
    return self._call_chain(*args)
           ^^^^^^^^^^^^^^^^^^^^^^^
  File "/opt/hostedtoolcache/Python/3.12.14/x64/lib/python3.12/urllib/request.py", line 492, in _call_chain
    result = func(*args)
             ^^^^^^^^^^^
  File "/opt/hostedtoolcache/Python/3.12.14/x64/lib/python3.12/urllib/request.py", line 639, in http_error_default
    raise HTTPError(req.full_url, code, msg, hdrs, fp)
urllib.error.HTTPError: HTTP Error 403: Forbidden
2026-08-27 02:28:19,001 ERROR 테일즈위버: refresh failed; kept previous archive state: Command '['/usr/bin/curl', '-L', '--fail', '--silent', '--show-error', '--max-time', '20', '-A', 'Mozilla/5.0 (Windows NT 10.0; Win64; x64) AppleWebKit/537.36 Chrome/139 Safari/537.36', '-H', 'Accept-Language: ko-KR,ko;q=0.9', '-H', 'Referer: https://tales.nexon.com/', 'https://tales.nexon.com/News/Event']' returned non-zero exit status 22.
Traceback (most recent call last):
  File "/home/runner/work/plan_gen/plan_gen/web/backend/event_bench_refresh.py", line 134, in main
    candidates = [asdict(item) for item in collector()]
                                           ^^^^^^^^^^^
  File "/home/runner/work/plan_gen/plan_gen/web/backend/app/event_bench/nexon_sample.py", line 248, in collect_talesweaver_events
    first_soup = BeautifulSoup(_fetch_talesweaver_html(), "html.parser")
                               ^^^^^^^^^^^^^^^^^^^^^^^^^
  File "/home/runner/work/plan_gen/plan_gen/web/backend/app/event_bench/nexon_sample.py", line 117, in _fetch_talesweaver_html
    result = subprocess.run(
             ^^^^^^^^^^^^^^^
  File "/opt/hostedtoolcache/Python/3.12.14/x64/lib/python3.12/subprocess.py", line 571, in run
    raise CalledProcessError(retcode, process.args,
subprocess.CalledProcessError: Command '['/usr/bin/curl', '-L', '--fail', '--silent', '--show-error', '--max-time', '20', '-A', 'Mozilla/5.0 (Windows NT 10.0; Win64; x64) AppleWebKit/537.36 Chrome/139 Safari/537.36', '-H', 'Accept-Language: ko-KR,ko;q=0.9', '-H', 'Referer: https://tales.nexon.com/', 'https://tales.nexon.com/News/Event']' returned non-zero exit status 22.
2026-08-27 02:29:01,661 INFO 엘소드: refreshed 26 ongoing candidates
2026-08-27 02:29:07,018 INFO 바람의나라: refreshed 4 ongoing candidates
2026-08-27 02:29:19,695 INFO 로스트아크: refreshed 10 ongoing candidates
2026-08-27 02:29:20,580 ERROR 리니지: refresh failed; kept previous archive state: collector returned no candidates
Traceback (most recent call last):
  File "/home/runner/work/plan_gen/plan_gen/web/backend/event_bench_refresh.py", line 136, in main
    raise RuntimeError("collector returned no candidates")
RuntimeError: collector returned no candidates
2026-08-27 02:30:01,815 INFO 검은사막: refreshed 23 ongoing candidates
2026-08-27 02:30:02,343 ERROR 거상: refresh failed; kept previous archive state: <urlopen error [Errno 104] Connection reset by peer>
Traceback (most recent call last):
  File "/opt/hostedtoolcache/Python/3.12.14/x64/lib/python3.12/urllib/request.py", line 1344, in do_open
    h.request(req.get_method(), req.selector, req.data, headers,
  File "/opt/hostedtoolcache/Python/3.12.14/x64/lib/python3.12/http/client.py", line 1386, in request
    self._send_request(method, url, body, headers, encode_chunked)
  File "/opt/hostedtoolcache/Python/3.12.14/x64/lib/python3.12/http/client.py", line 1432, in _send_request
    self.endheaders(body, encode_chunked=encode_chunked)
  File "/opt/hostedtoolcache/Python/3.12.14/x64/lib/python3.12/http/client.py", line 1381, in endheaders
    self._send_output(message_body, encode_chunked=encode_chunked)
  File "/opt/hostedtoolcache/Python/3.12.14/x64/lib/python3.12/http/client.py", line 1141, in _send_output
    self.send(msg)
  File "/opt/hostedtoolcache/Python/3.12.14/x64/lib/python3.12/http/client.py", line 1085, in send
    self.connect()
  File "/opt/hostedtoolcache/Python/3.12.14/x64/lib/python3.12/http/client.py", line 1527, in connect
    self.sock = self._context.wrap_socket(self.sock,
                ^^^^^^^^^^^^^^^^^^^^^^^^^^^^^^^^^^^^
  File "/opt/hostedtoolcache/Python/3.12.14/x64/lib/python3.12/ssl.py", line 455, in wrap_socket
    return self.sslsocket_class._create(
           ^^^^^^^^^^^^^^^^^^^^^^^^^^^^^
  File "/opt/hostedtoolcache/Python/3.12.14/x64/lib/python3.12/ssl.py", line 1041, in _create
    self.do_handshake()
  File "/opt/hostedtoolcache/Python/3.12.14/x64/lib/python3.12/ssl.py", line 1319, in do_handshake
    self._sslobj.do_handshake()
ConnectionResetError: [Errno 104] Connection reset by peer

During handling of the above exception, another exception occurred:

Traceback (most recent call last):
  File "/home/runner/work/plan_gen/plan_gen/web/backend/event_bench_refresh.py", line 134, in main
    candidates = [asdict(item) for item in collector()]
                                           ^^^^^^^^^^^
  File "/home/runner/work/plan_gen/plan_gen/web/backend/app/event_bench/nexon_sample.py", line 366, in collect_gersang_events
    soup = BeautifulSoup(_fetch_html(GERSANG_EVENTS_URL), "html.parser")
                         ^^^^^^^^^^^^^^^^^^^^^^^^^^^^^^^
  File "/home/runner/work/plan_gen/plan_gen/web/backend/app/event_bench/nexon_sample.py", line 58, in _fetch_html
    with urlopen(request, timeout=20) as response:  # noqa: S310 - explicit verified official URLs
         ^^^^^^^^^^^^^^^^^^^^^^^^^^^^
  File "/opt/hostedtoolcache/Python/3.12.14/x64/lib/python3.12/urllib/request.py", line 215, in urlopen
    return opener.open(url, data, timeout)
           ^^^^^^^^^^^^^^^^^^^^^^^^^^^^^^^
  File "/opt/hostedtoolcache/Python/3.12.14/x64/lib/python3.12/urllib/request.py", line 515, in open
    response = self._open(req, data)
               ^^^^^^^^^^^^^^^^^^^^^
  File "/opt/hostedtoolcache/Python/3.12.14/x64/lib/python3.12/urllib/request.py", line 532, in _open
    result = self._call_chain(self.handle_open, protocol, protocol +
             ^^^^^^^^^^^^^^^^^^^^^^^^^^^^^^^^^^^^^^^^^^^^^^^^^^^^^^^
  File "/opt/hostedtoolcache/Python/3.12.14/x64/lib/python3.12/urllib/request.py", line 492, in _call_chain
    result = func(*args)
             ^^^^^^^^^^^
  File "/opt/hostedtoolcache/Python/3.12.14/x64/lib/python3.12/urllib/request.py", line 1392, in https_open
    return self.do_open(http.client.HTTPSConnection, req,
           ^^^^^^^^^^^^^^^^^^^^^^^^^^^^^^^^^^^^^^^^^^^^^^
  File "/opt/hostedtoolcache/Python/3.12.14/x64/lib/python3.12/urllib/request.py", line 1347, in do_open
    raise URLError(err)
urllib.error.URLError: <urlopen error [Errno 104] Connection reset by peer>
2026-08-27 02:30:14,964 INFO 던전앤파이터: refreshed 15 ongoing candidates
2026-08-27 02:30:15,906 ERROR 테일즈런너: refresh failed; kept previous archive state: HTTP Error 403: Forbidden
Traceback (most recent call last):
  File "/home/runner/work/plan_gen/plan_gen/web/backend/event_bench_refresh.py", line 134, in main
    candidates = [asdict(item) for item in collector()]
                                           ^^^^^^^^^^^
  File "/home/runner/work/plan_gen/plan_gen/web/backend/app/event_bench/nexon_sample.py", line 514, in collect_talesrunner_events
    payload = json.loads(_fetch_html(TALESRUNNER_EVENT_API_URL))
                         ^^^^^^^^^^^^^^^^^^^^^^^^^^^^^^^^^^^^^^
  File "/home/runner/work/plan_gen/plan_gen/web/backend/app/event_bench/nexon_sample.py", line 58, in _fetch_html
    with urlopen(request, timeout=20) as response:  # noqa: S310 - explicit verified official URLs
         ^^^^^^^^^^^^^^^^^^^^^^^^^^^^
  File "/opt/hostedtoolcache/Python/3.12.14/x64/lib/python3.12/urllib/request.py", line 215, in urlopen
    return opener.open(url, data, timeout)
           ^^^^^^^^^^^^^^^^^^^^^^^^^^^^^^^
  File "/opt/hostedtoolcache/Python/3.12.14/x64/lib/python3.12/urllib/request.py", line 521, in open
    response = meth(req, response)
               ^^^^^^^^^^^^^^^^^^^
  File "/opt/hostedtoolcache/Python/3.12.14/x64/lib/python3.12/urllib/request.py", line 630, in http_response
    response = self.parent.error(
               ^^^^^^^^^^^^^^^^^^
  File "/opt/hostedtoolcache/Python/3.12.14/x64/lib/python3.12/urllib/request.py", line 559, in error
    return self._call_chain(*args)
           ^^^^^^^^^^^^^^^^^^^^^^^
  File "/opt/hostedtoolcache/Python/3.12.14/x64/lib/python3.12/urllib/request.py", line 492, in _call_chain
    result = func(*args)
             ^^^^^^^^^^^
  File "/opt/hostedtoolcache/Python/3.12.14/x64/lib/python3.12/urllib/request.py", line 639, in http_error_default
    raise HTTPError(req.full_url, code, msg, hdrs, fp)
urllib.error.HTTPError: HTTP Error 403: Forbidden
2026-08-27 02:30:19,528 INFO 카운터스트라이크 온라인: refreshed 2 ongoing candidates
2026-08-27 02:30:28,593 INFO 마비노기 영웅전: refreshed 19 ongoing candidates
2026-08-27 02:30:33,301 INFO 라그나로크: refreshed 10 ongoing candidates
2026-08-27 02:30:33,304 INFO Refresh complete: 208 total archived / 174 active candidates
2026-08-27 09:58:03,432 INFO FC ONLINE: refreshed 19 ongoing candidates
2026-08-27 09:58:41,273 INFO 메이플스토리: refreshed 19 ongoing candidates
2026-08-27 09:58:41,391 ERROR 마비노기: refresh failed; kept previous archive state: HTTP Error 403: Forbidden
Traceback (most recent call last):
  File "/home/runner/work/plan_gen/plan_gen/web/backend/event_bench_refresh.py", line 134, in main
    candidates = [asdict(item) for item in collector()]
                                           ^^^^^^^^^^^
  File "/home/runner/work/plan_gen/plan_gen/web/backend/app/event_bench/nexon_sample.py", line 219, in collect_mabinogi_events
    first_soup = BeautifulSoup(_fetch_html(MABINOGI_EVENTS_URL), "html.parser")
                               ^^^^^^^^^^^^^^^^^^^^^^^^^^^^^^^^
  File "/home/runner/work/plan_gen/plan_gen/web/backend/app/event_bench/nexon_sample.py", line 58, in _fetch_html
    with urlopen(request, timeout=20) as response:  # noqa: S310 - explicit verified official URLs
         ^^^^^^^^^^^^^^^^^^^^^^^^^^^^
  File "/opt/hostedtoolcache/Python/3.12.14/x64/lib/python3.12/urllib/request.py", line 215, in urlopen
    return opener.open(url, data, timeout)
           ^^^^^^^^^^^^^^^^^^^^^^^^^^^^^^^
  File "/opt/hostedtoolcache/Python/3.12.14/x64/lib/python3.12/urllib/request.py", line 521, in open
    response = meth(req, response)
               ^^^^^^^^^^^^^^^^^^^
  File "/opt/hostedtoolcache/Python/3.12.14/x64/lib/python3.12/urllib/request.py", line 630, in http_response
    response = self.parent.error(
               ^^^^^^^^^^^^^^^^^^
  File "/opt/hostedtoolcache/Python/3.12.14/x64/lib/python3.12/urllib/request.py", line 559, in error
    return self._call_chain(*args)
           ^^^^^^^^^^^^^^^^^^^^^^^
  File "/opt/hostedtoolcache/Python/3.12.14/x64/lib/python3.12/urllib/request.py", line 492, in _call_chain
    result = func(*args)
             ^^^^^^^^^^^
  File "/opt/hostedtoolcache/Python/3.12.14/x64/lib/python3.12/urllib/request.py", line 639, in http_error_default
    raise HTTPError(req.full_url, code, msg, hdrs, fp)
urllib.error.HTTPError: HTTP Error 403: Forbidden
2026-08-27 09:58:41,544 ERROR 테일즈위버: refresh failed; kept previous archive state: Command '['/usr/bin/curl', '-L', '--fail', '--silent', '--show-error', '--max-time', '20', '-A', 'Mozilla/5.0 (Windows NT 10.0; Win64; x64) AppleWebKit/537.36 Chrome/139 Safari/537.36', '-H', 'Accept-Language: ko-KR,ko;q=0.9', '-H', 'Referer: https://tales.nexon.com/', 'https://tales.nexon.com/News/Event']' returned non-zero exit status 22.
Traceback (most recent call last):
  File "/home/runner/work/plan_gen/plan_gen/web/backend/event_bench_refresh.py", line 134, in main
    candidates = [asdict(item) for item in collector()]
                                           ^^^^^^^^^^^
  File "/home/runner/work/plan_gen/plan_gen/web/backend/app/event_bench/nexon_sample.py", line 248, in collect_talesweaver_events
    first_soup = BeautifulSoup(_fetch_talesweaver_html(), "html.parser")
                               ^^^^^^^^^^^^^^^^^^^^^^^^^
  File "/home/runner/work/plan_gen/plan_gen/web/backend/app/event_bench/nexon_sample.py", line 117, in _fetch_talesweaver_html
    result = subprocess.run(
             ^^^^^^^^^^^^^^^
  File "/opt/hostedtoolcache/Python/3.12.14/x64/lib/python3.12/subprocess.py", line 571, in run
    raise CalledProcessError(retcode, process.args,
subprocess.CalledProcessError: Command '['/usr/bin/curl', '-L', '--fail', '--silent', '--show-error', '--max-time', '20', '-A', 'Mozilla/5.0 (Windows NT 10.0; Win64; x64) AppleWebKit/537.36 Chrome/139 Safari/537.36', '-H', 'Accept-Language: ko-KR,ko;q=0.9', '-H', 'Referer: https://tales.nexon.com/', 'https://tales.nexon.com/News/Event']' returned non-zero exit status 22.
2026-08-27 09:59:39,779 INFO 엘소드: refreshed 26 ongoing candidates
2026-08-27 09:59:47,125 INFO 바람의나라: refreshed 4 ongoing candidates
2026-08-27 10:00:07,088 INFO 로스트아크: refreshed 10 ongoing candidates
2026-08-27 10:00:07,882 ERROR 리니지: refresh failed; kept previous archive state: collector returned no candidates
Traceback (most recent call last):
  File "/home/runner/work/plan_gen/plan_gen/web/backend/event_bench_refresh.py", line 136, in main
    raise RuntimeError("collector returned no candidates")
RuntimeError: collector returned no candidates
2026-08-27 10:01:03,851 INFO 검은사막: refreshed 23 ongoing candidates
2026-08-27 10:01:04,598 ERROR 거상: refresh failed; kept previous archive state: <urlopen error [Errno 104] Connection reset by peer>
Traceback (most recent call last):
  File "/opt/hostedtoolcache/Python/3.12.14/x64/lib/python3.12/urllib/request.py", line 1344, in do_open
    h.request(req.get_method(), req.selector, req.data, headers,
  File "/opt/hostedtoolcache/Python/3.12.14/x64/lib/python3.12/http/client.py", line 1386, in request
    self._send_request(method, url, body, headers, encode_chunked)
  File "/opt/hostedtoolcache/Python/3.12.14/x64/lib/python3.12/http/client.py", line 1432, in _send_request
    self.endheaders(body, encode_chunked=encode_chunked)
  File "/opt/hostedtoolcache/Python/3.12.14/x64/lib/python3.12/http/client.py", line 1381, in endheaders
    self._send_output(message_body, encode_chunked=encode_chunked)
  File "/opt/hostedtoolcache/Python/3.12.14/x64/lib/python3.12/http/client.py", line 1141, in _send_output
    self.send(msg)
  File "/opt/hostedtoolcache/Python/3.12.14/x64/lib/python3.12/http/client.py", line 1085, in send
    self.connect()
  File "/opt/hostedtoolcache/Python/3.12.14/x64/lib/python3.12/http/client.py", line 1527, in connect
    self.sock = self._context.wrap_socket(self.sock,
                ^^^^^^^^^^^^^^^^^^^^^^^^^^^^^^^^^^^^
  File "/opt/hostedtoolcache/Python/3.12.14/x64/lib/python3.12/ssl.py", line 455, in wrap_socket
    return self.sslsocket_class._create(
           ^^^^^^^^^^^^^^^^^^^^^^^^^^^^^
  File "/opt/hostedtoolcache/Python/3.12.14/x64/lib/python3.12/ssl.py", line 1041, in _create
    self.do_handshake()
  File "/opt/hostedtoolcache/Python/3.12.14/x64/lib/python3.12/ssl.py", line 1319, in do_handshake
    self._sslobj.do_handshake()
ConnectionResetError: [Errno 104] Connection reset by peer

During handling of the above exception, another exception occurred:

Traceback (most recent call last):
  File "/home/runner/work/plan_gen/plan_gen/web/backend/event_bench_refresh.py", line 134, in main
    candidates = [asdict(item) for item in collector()]
                                           ^^^^^^^^^^^
  File "/home/runner/work/plan_gen/plan_gen/web/backend/app/event_bench/nexon_sample.py", line 366, in collect_gersang_events
    soup = BeautifulSoup(_fetch_html(GERSANG_EVENTS_URL), "html.parser")
                         ^^^^^^^^^^^^^^^^^^^^^^^^^^^^^^^
  File "/home/runner/work/plan_gen/plan_gen/web/backend/app/event_bench/nexon_sample.py", line 58, in _fetch_html
    with urlopen(request, timeout=20) as response:  # noqa: S310 - explicit verified official URLs
         ^^^^^^^^^^^^^^^^^^^^^^^^^^^^
  File "/opt/hostedtoolcache/Python/3.12.14/x64/lib/python3.12/urllib/request.py", line 215, in urlopen
    return opener.open(url, data, timeout)
           ^^^^^^^^^^^^^^^^^^^^^^^^^^^^^^^
  File "/opt/hostedtoolcache/Python/3.12.14/x64/lib/python3.12/urllib/request.py", line 515, in open
    response = self._open(req, data)
               ^^^^^^^^^^^^^^^^^^^^^
  File "/opt/hostedtoolcache/Python/3.12.14/x64/lib/python3.12/urllib/request.py", line 532, in _open
    result = self._call_chain(self.handle_open, protocol, protocol +
             ^^^^^^^^^^^^^^^^^^^^^^^^^^^^^^^^^^^^^^^^^^^^^^^^^^^^^^^
  File "/opt/hostedtoolcache/Python/3.12.14/x64/lib/python3.12/urllib/request.py", line 492, in _call_chain
    result = func(*args)
             ^^^^^^^^^^^
  File "/opt/hostedtoolcache/Python/3.12.14/x64/lib/python3.12/urllib/request.py", line 1392, in https_open
    return self.do_open(http.client.HTTPSConnection, req,
           ^^^^^^^^^^^^^^^^^^^^^^^^^^^^^^^^^^^^^^^^^^^^^^
  File "/opt/hostedtoolcache/Python/3.12.14/x64/lib/python3.12/urllib/request.py", line 1347, in do_open
    raise URLError(err)
urllib.error.URLError: <urlopen error [Errno 104] Connection reset by peer>
2026-08-27 10:01:28,292 INFO 던전앤파이터: refreshed 15 ongoing candidates
2026-08-27 10:01:29,527 ERROR 테일즈런너: refresh failed; kept previous archive state: HTTP Error 403: Forbidden
Traceback (most recent call last):
  File "/home/runner/work/plan_gen/plan_gen/web/backend/event_bench_refresh.py", line 134, in main
    candidates = [asdict(item) for item in collector()]
                                           ^^^^^^^^^^^
  File "/home/runner/work/plan_gen/plan_gen/web/backend/app/event_bench/nexon_sample.py", line 514, in collect_talesrunner_events
    payload = json.loads(_fetch_html(TALESRUNNER_EVENT_API_URL))
                         ^^^^^^^^^^^^^^^^^^^^^^^^^^^^^^^^^^^^^^
  File "/home/runner/work/plan_gen/plan_gen/web/backend/app/event_bench/nexon_sample.py", line 58, in _fetch_html
    with urlopen(request, timeout=20) as response:  # noqa: S310 - explicit verified official URLs
         ^^^^^^^^^^^^^^^^^^^^^^^^^^^^
  File "/opt/hostedtoolcache/Python/3.12.14/x64/lib/python3.12/urllib/request.py", line 215, in urlopen
    return opener.open(url, data, timeout)
           ^^^^^^^^^^^^^^^^^^^^^^^^^^^^^^^
  File "/opt/hostedtoolcache/Python/3.12.14/x64/lib/python3.12/urllib/request.py", line 521, in open
    response = meth(req, response)
               ^^^^^^^^^^^^^^^^^^^
  File "/opt/hostedtoolcache/Python/3.12.14/x64/lib/python3.12/urllib/request.py", line 630, in http_response
    response = self.parent.error(
               ^^^^^^^^^^^^^^^^^^
  File "/opt/hostedtoolcache/Python/3.12.14/x64/lib/python3.12/urllib/request.py", line 559, in error
    return self._call_chain(*args)
           ^^^^^^^^^^^^^^^^^^^^^^^
  File "/opt/hostedtoolcache/Python/3.12.14/x64/lib/python3.12/urllib/request.py", line 492, in _call_chain
    result = func(*args)
             ^^^^^^^^^^^
  File "/opt/hostedtoolcache/Python/3.12.14/x64/lib/python3.12/urllib/request.py", line 639, in http_error_default
    raise HTTPError(req.full_url, code, msg, hdrs, fp)
urllib.error.HTTPError: HTTP Error 403: Forbidden
2026-08-27 10:01:34,588 INFO 카운터스트라이크 온라인: refreshed 2 ongoing candidates
2026-08-27 10:01:40,160 INFO 마비노기 영웅전: refreshed 19 ongoing candidates
2026-08-27 10:01:46,589 INFO 라그나로크: refreshed 10 ongoing candidates
2026-08-27 10:01:46,592 INFO Refresh complete: 209 total archived / 175 active candidates
2026-08-27 13:24:59,100 INFO FC ONLINE: refreshed 19 ongoing candidates
2026-08-27 13:25:31,579 INFO 메이플스토리: refreshed 19 ongoing candidates
2026-08-27 13:25:31,858 ERROR 마비노기: refresh failed; kept previous archive state: HTTP Error 403: Forbidden
Traceback (most recent call last):
  File "/home/runner/work/plan_gen/plan_gen/web/backend/event_bench_refresh.py", line 134, in main
    candidates = [asdict(item) for item in collector()]
                                           ^^^^^^^^^^^
  File "/home/runner/work/plan_gen/plan_gen/web/backend/app/event_bench/nexon_sample.py", line 219, in collect_mabinogi_events
    first_soup = BeautifulSoup(_fetch_html(MABINOGI_EVENTS_URL), "html.parser")
                               ^^^^^^^^^^^^^^^^^^^^^^^^^^^^^^^^
  File "/home/runner/work/plan_gen/plan_gen/web/backend/app/event_bench/nexon_sample.py", line 58, in _fetch_html
    with urlopen(request, timeout=20) as response:  # noqa: S310 - explicit verified official URLs
         ^^^^^^^^^^^^^^^^^^^^^^^^^^^^
  File "/opt/hostedtoolcache/Python/3.12.14/x64/lib/python3.12/urllib/request.py", line 215, in urlopen
    return opener.open(url, data, timeout)
           ^^^^^^^^^^^^^^^^^^^^^^^^^^^^^^^
  File "/opt/hostedtoolcache/Python/3.12.14/x64/lib/python3.12/urllib/request.py", line 521, in open
    response = meth(req, response)
               ^^^^^^^^^^^^^^^^^^^
  File "/opt/hostedtoolcache/Python/3.12.14/x64/lib/python3.12/urllib/request.py", line 630, in http_response
    response = self.parent.error(
               ^^^^^^^^^^^^^^^^^^
  File "/opt/hostedtoolcache/Python/3.12.14/x64/lib/python3.12/urllib/request.py", line 559, in error
    return self._call_chain(*args)
           ^^^^^^^^^^^^^^^^^^^^^^^
  File "/opt/hostedtoolcache/Python/3.12.14/x64/lib/python3.12/urllib/request.py", line 492, in _call_chain
    result = func(*args)
             ^^^^^^^^^^^
  File "/opt/hostedtoolcache/Python/3.12.14/x64/lib/python3.12/urllib/request.py", line 639, in http_error_default
    raise HTTPError(req.full_url, code, msg, hdrs, fp)
urllib.error.HTTPError: HTTP Error 403: Forbidden
2026-08-27 13:25:32,106 ERROR 테일즈위버: refresh failed; kept previous archive state: Command '['/usr/bin/curl', '-L', '--fail', '--silent', '--show-error', '--max-time', '20', '-A', 'Mozilla/5.0 (Windows NT 10.0; Win64; x64) AppleWebKit/537.36 Chrome/139 Safari/537.36', '-H', 'Accept-Language: ko-KR,ko;q=0.9', '-H', 'Referer: https://tales.nexon.com/', 'https://tales.nexon.com/News/Event']' returned non-zero exit status 22.
Traceback (most recent call last):
  File "/home/runner/work/plan_gen/plan_gen/web/backend/event_bench_refresh.py", line 134, in main
    candidates = [asdict(item) for item in collector()]
                                           ^^^^^^^^^^^
  File "/home/runner/work/plan_gen/plan_gen/web/backend/app/event_bench/nexon_sample.py", line 248, in collect_talesweaver_events
    first_soup = BeautifulSoup(_fetch_talesweaver_html(), "html.parser")
                               ^^^^^^^^^^^^^^^^^^^^^^^^^
  File "/home/runner/work/plan_gen/plan_gen/web/backend/app/event_bench/nexon_sample.py", line 117, in _fetch_talesweaver_html
    result = subprocess.run(
             ^^^^^^^^^^^^^^^
  File "/opt/hostedtoolcache/Python/3.12.14/x64/lib/python3.12/subprocess.py", line 571, in run
    raise CalledProcessError(retcode, process.args,
subprocess.CalledProcessError: Command '['/usr/bin/curl', '-L', '--fail', '--silent', '--show-error', '--max-time', '20', '-A', 'Mozilla/5.0 (Windows NT 10.0; Win64; x64) AppleWebKit/537.36 Chrome/139 Safari/537.36', '-H', 'Accept-Language: ko-KR,ko;q=0.9', '-H', 'Referer: https://tales.nexon.com/', 'https://tales.nexon.com/News/Event']' returned non-zero exit status 22.
2026-08-27 13:26:23,257 INFO 엘소드: refreshed 26 ongoing candidates
2026-08-27 13:26:29,454 INFO 바람의나라: refreshed 4 ongoing candidates
2026-08-27 13:26:45,416 INFO 로스트아크: refreshed 10 ongoing candidates
2026-08-27 13:26:46,382 ERROR 리니지: refresh failed; kept previous archive state: collector returned no candidates
Traceback (most recent call last):
  File "/home/runner/work/plan_gen/plan_gen/web/backend/event_bench_refresh.py", line 136, in main
    raise RuntimeError("collector returned no candidates")
RuntimeError: collector returned no candidates
2026-08-27 13:27:41,587 INFO 검은사막: refreshed 23 ongoing candidates
2026-08-27 13:27:42,230 ERROR 거상: refresh failed; kept previous archive state: <urlopen error [Errno 104] Connection reset by peer>
Traceback (most recent call last):
  File "/opt/hostedtoolcache/Python/3.12.14/x64/lib/python3.12/urllib/request.py", line 1344, in do_open
    h.request(req.get_method(), req.selector, req.data, headers,
  File "/opt/hostedtoolcache/Python/3.12.14/x64/lib/python3.12/http/client.py", line 1386, in request
    self._send_request(method, url, body, headers, encode_chunked)
  File "/opt/hostedtoolcache/Python/3.12.14/x64/lib/python3.12/http/client.py", line 1432, in _send_request
    self.endheaders(body, encode_chunked=encode_chunked)
  File "/opt/hostedtoolcache/Python/3.12.14/x64/lib/python3.12/http/client.py", line 1381, in endheaders
    self._send_output(message_body, encode_chunked=encode_chunked)
  File "/opt/hostedtoolcache/Python/3.12.14/x64/lib/python3.12/http/client.py", line 1141, in _send_output
    self.send(msg)
  File "/opt/hostedtoolcache/Python/3.12.14/x64/lib/python3.12/http/client.py", line 1085, in send
    self.connect()
  File "/opt/hostedtoolcache/Python/3.12.14/x64/lib/python3.12/http/client.py", line 1527, in connect
    self.sock = self._context.wrap_socket(self.sock,
                ^^^^^^^^^^^^^^^^^^^^^^^^^^^^^^^^^^^^
  File "/opt/hostedtoolcache/Python/3.12.14/x64/lib/python3.12/ssl.py", line 455, in wrap_socket
    return self.sslsocket_class._create(
           ^^^^^^^^^^^^^^^^^^^^^^^^^^^^^
  File "/opt/hostedtoolcache/Python/3.12.14/x64/lib/python3.12/ssl.py", line 1041, in _create
    self.do_handshake()
  File "/opt/hostedtoolcache/Python/3.12.14/x64/lib/python3.12/ssl.py", line 1319, in do_handshake
    self._sslobj.do_handshake()
ConnectionResetError: [Errno 104] Connection reset by peer

During handling of the above exception, another exception occurred:

Traceback (most recent call last):
  File "/home/runner/work/plan_gen/plan_gen/web/backend/event_bench_refresh.py", line 134, in main
    candidates = [asdict(item) for item in collector()]
                                           ^^^^^^^^^^^
  File "/home/runner/work/plan_gen/plan_gen/web/backend/app/event_bench/nexon_sample.py", line 366, in collect_gersang_events
    soup = BeautifulSoup(_fetch_html(GERSANG_EVENTS_URL), "html.parser")
                         ^^^^^^^^^^^^^^^^^^^^^^^^^^^^^^^
  File "/home/runner/work/plan_gen/plan_gen/web/backend/app/event_bench/nexon_sample.py", line 58, in _fetch_html
    with urlopen(request, timeout=20) as response:  # noqa: S310 - explicit verified official URLs
         ^^^^^^^^^^^^^^^^^^^^^^^^^^^^
  File "/opt/hostedtoolcache/Python/3.12.14/x64/lib/python3.12/urllib/request.py", line 215, in urlopen
    return opener.open(url, data, timeout)
           ^^^^^^^^^^^^^^^^^^^^^^^^^^^^^^^
  File "/opt/hostedtoolcache/Python/3.12.14/x64/lib/python3.12/urllib/request.py", line 515, in open
    response = self._open(req, data)
               ^^^^^^^^^^^^^^^^^^^^^
  File "/opt/hostedtoolcache/Python/3.12.14/x64/lib/python3.12/urllib/request.py", line 532, in _open
    result = self._call_chain(self.handle_open, protocol, protocol +
             ^^^^^^^^^^^^^^^^^^^^^^^^^^^^^^^^^^^^^^^^^^^^^^^^^^^^^^^
  File "/opt/hostedtoolcache/Python/3.12.14/x64/lib/python3.12/urllib/request.py", line 492, in _call_chain
    result = func(*args)
             ^^^^^^^^^^^
  File "/opt/hostedtoolcache/Python/3.12.14/x64/lib/python3.12/urllib/request.py", line 1392, in https_open
    return self.do_open(http.client.HTTPSConnection, req,
           ^^^^^^^^^^^^^^^^^^^^^^^^^^^^^^^^^^^^^^^^^^^^^^
  File "/opt/hostedtoolcache/Python/3.12.14/x64/lib/python3.12/urllib/request.py", line 1347, in do_open
    raise URLError(err)
urllib.error.URLError: <urlopen error [Errno 104] Connection reset by peer>
2026-08-27 13:28:02,546 INFO 던전앤파이터: refreshed 15 ongoing candidates
2026-08-27 13:28:03,659 ERROR 테일즈런너: refresh failed; kept previous archive state: HTTP Error 403: Forbidden
Traceback (most recent call last):
  File "/home/runner/work/plan_gen/plan_gen/web/backend/event_bench_refresh.py", line 134, in main
    candidates = [asdict(item) for item in collector()]
                                           ^^^^^^^^^^^
  File "/home/runner/work/plan_gen/plan_gen/web/backend/app/event_bench/nexon_sample.py", line 514, in collect_talesrunner_events
    payload = json.loads(_fetch_html(TALESRUNNER_EVENT_API_URL))
                         ^^^^^^^^^^^^^^^^^^^^^^^^^^^^^^^^^^^^^^
  File "/home/runner/work/plan_gen/plan_gen/web/backend/app/event_bench/nexon_sample.py", line 58, in _fetch_html
    with urlopen(request, timeout=20) as response:  # noqa: S310 - explicit verified official URLs
         ^^^^^^^^^^^^^^^^^^^^^^^^^^^^
  File "/opt/hostedtoolcache/Python/3.12.14/x64/lib/python3.12/urllib/request.py", line 215, in urlopen
    return opener.open(url, data, timeout)
           ^^^^^^^^^^^^^^^^^^^^^^^^^^^^^^^
  File "/opt/hostedtoolcache/Python/3.12.14/x64/lib/python3.12/urllib/request.py", line 521, in open
    response = meth(req, response)
               ^^^^^^^^^^^^^^^^^^^
  File "/opt/hostedtoolcache/Python/3.12.14/x64/lib/python3.12/urllib/request.py", line 630, in http_response
    response = self.parent.error(
               ^^^^^^^^^^^^^^^^^^
  File "/opt/hostedtoolcache/Python/3.12.14/x64/lib/python3.12/urllib/request.py", line 559, in error
    return self._call_chain(*args)
           ^^^^^^^^^^^^^^^^^^^^^^^
  File "/opt/hostedtoolcache/Python/3.12.14/x64/lib/python3.12/urllib/request.py", line 492, in _call_chain
    result = func(*args)
             ^^^^^^^^^^^
  File "/opt/hostedtoolcache/Python/3.12.14/x64/lib/python3.12/urllib/request.py", line 639, in http_error_default
    raise HTTPError(req.full_url, code, msg, hdrs, fp)
urllib.error.HTTPError: HTTP Error 403: Forbidden
2026-08-27 13:28:08,773 INFO 카운터스트라이크 온라인: refreshed 2 ongoing candidates
2026-08-27 13:28:19,550 INFO 마비노기 영웅전: refreshed 19 ongoing candidates
2026-08-27 13:28:25,686 INFO 라그나로크: refreshed 10 ongoing candidates
2026-08-27 13:28:25,689 INFO Refresh complete: 209 total archived / 175 active candidates
2026-08-27 22:20:32,212 INFO FC ONLINE: refreshed 19 ongoing candidates
2026-08-27 22:20:57,528 INFO 메이플스토리: refreshed 19 ongoing candidates
2026-08-27 22:20:57,644 ERROR 마비노기: refresh failed; kept previous archive state: HTTP Error 403: Forbidden
Traceback (most recent call last):
  File "/home/runner/work/plan_gen/plan_gen/web/backend/event_bench_refresh.py", line 134, in main
    candidates = [asdict(item) for item in collector()]
                                           ^^^^^^^^^^^
  File "/home/runner/work/plan_gen/plan_gen/web/backend/app/event_bench/nexon_sample.py", line 219, in collect_mabinogi_events
    first_soup = BeautifulSoup(_fetch_html(MABINOGI_EVENTS_URL), "html.parser")
                               ^^^^^^^^^^^^^^^^^^^^^^^^^^^^^^^^
  File "/home/runner/work/plan_gen/plan_gen/web/backend/app/event_bench/nexon_sample.py", line 58, in _fetch_html
    with urlopen(request, timeout=20) as response:  # noqa: S310 - explicit verified official URLs
         ^^^^^^^^^^^^^^^^^^^^^^^^^^^^
  File "/opt/hostedtoolcache/Python/3.12.14/x64/lib/python3.12/urllib/request.py", line 215, in urlopen
    return opener.open(url, data, timeout)
           ^^^^^^^^^^^^^^^^^^^^^^^^^^^^^^^
  File "/opt/hostedtoolcache/Python/3.12.14/x64/lib/python3.12/urllib/request.py", line 521, in open
    response = meth(req, response)
               ^^^^^^^^^^^^^^^^^^^
  File "/opt/hostedtoolcache/Python/3.12.14/x64/lib/python3.12/urllib/request.py", line 630, in http_response
    response = self.parent.error(
               ^^^^^^^^^^^^^^^^^^
  File "/opt/hostedtoolcache/Python/3.12.14/x64/lib/python3.12/urllib/request.py", line 559, in error
    return self._call_chain(*args)
           ^^^^^^^^^^^^^^^^^^^^^^^
  File "/opt/hostedtoolcache/Python/3.12.14/x64/lib/python3.12/urllib/request.py", line 492, in _call_chain
    result = func(*args)
             ^^^^^^^^^^^
  File "/opt/hostedtoolcache/Python/3.12.14/x64/lib/python3.12/urllib/request.py", line 639, in http_error_default
    raise HTTPError(req.full_url, code, msg, hdrs, fp)
urllib.error.HTTPError: HTTP Error 403: Forbidden
2026-08-27 22:20:57,785 ERROR 테일즈위버: refresh failed; kept previous archive state: Command '['/usr/bin/curl', '-L', '--fail', '--silent', '--show-error', '--max-time', '20', '-A', 'Mozilla/5.0 (Windows NT 10.0; Win64; x64) AppleWebKit/537.36 Chrome/139 Safari/537.36', '-H', 'Accept-Language: ko-KR,ko;q=0.9', '-H', 'Referer: https://tales.nexon.com/', 'https://tales.nexon.com/News/Event']' returned non-zero exit status 22.
Traceback (most recent call last):
  File "/home/runner/work/plan_gen/plan_gen/web/backend/event_bench_refresh.py", line 134, in main
    candidates = [asdict(item) for item in collector()]
                                           ^^^^^^^^^^^
  File "/home/runner/work/plan_gen/plan_gen/web/backend/app/event_bench/nexon_sample.py", line 248, in collect_talesweaver_events
    first_soup = BeautifulSoup(_fetch_talesweaver_html(), "html.parser")
                               ^^^^^^^^^^^^^^^^^^^^^^^^^
  File "/home/runner/work/plan_gen/plan_gen/web/backend/app/event_bench/nexon_sample.py", line 117, in _fetch_talesweaver_html
    result = subprocess.run(
             ^^^^^^^^^^^^^^^
  File "/opt/hostedtoolcache/Python/3.12.14/x64/lib/python3.12/subprocess.py", line 571, in run
    raise CalledProcessError(retcode, process.args,
subprocess.CalledProcessError: Command '['/usr/bin/curl', '-L', '--fail', '--silent', '--show-error', '--max-time', '20', '-A', 'Mozilla/5.0 (Windows NT 10.0; Win64; x64) AppleWebKit/537.36 Chrome/139 Safari/537.36', '-H', 'Accept-Language: ko-KR,ko;q=0.9', '-H', 'Referer: https://tales.nexon.com/', 'https://tales.nexon.com/News/Event']' returned non-zero exit status 22.
2026-08-27 22:21:39,120 INFO 엘소드: refreshed 26 ongoing candidates
2026-08-27 22:21:44,368 INFO 바람의나라: refreshed 4 ongoing candidates
2026-08-27 22:21:58,407 INFO 로스트아크: refreshed 10 ongoing candidates
2026-08-27 22:21:59,236 ERROR 리니지: refresh failed; kept previous archive state: collector returned no candidates
Traceback (most recent call last):
  File "/home/runner/work/plan_gen/plan_gen/web/backend/event_bench_refresh.py", line 136, in main
    raise RuntimeError("collector returned no candidates")
RuntimeError: collector returned no candidates
2026-08-27 22:22:45,251 INFO 검은사막: refreshed 23 ongoing candidates
2026-08-27 22:22:45,771 ERROR 거상: refresh failed; kept previous archive state: <urlopen error [Errno 104] Connection reset by peer>
Traceback (most recent call last):
  File "/opt/hostedtoolcache/Python/3.12.14/x64/lib/python3.12/urllib/request.py", line 1344, in do_open
    h.request(req.get_method(), req.selector, req.data, headers,
  File "/opt/hostedtoolcache/Python/3.12.14/x64/lib/python3.12/http/client.py", line 1386, in request
    self._send_request(method, url, body, headers, encode_chunked)
  File "/opt/hostedtoolcache/Python/3.12.14/x64/lib/python3.12/http/client.py", line 1432, in _send_request
    self.endheaders(body, encode_chunked=encode_chunked)
  File "/opt/hostedtoolcache/Python/3.12.14/x64/lib/python3.12/http/client.py", line 1381, in endheaders
    self._send_output(message_body, encode_chunked=encode_chunked)
  File "/opt/hostedtoolcache/Python/3.12.14/x64/lib/python3.12/http/client.py", line 1141, in _send_output
    self.send(msg)
  File "/opt/hostedtoolcache/Python/3.12.14/x64/lib/python3.12/http/client.py", line 1085, in send
    self.connect()
  File "/opt/hostedtoolcache/Python/3.12.14/x64/lib/python3.12/http/client.py", line 1527, in connect
    self.sock = self._context.wrap_socket(self.sock,
                ^^^^^^^^^^^^^^^^^^^^^^^^^^^^^^^^^^^^
  File "/opt/hostedtoolcache/Python/3.12.14/x64/lib/python3.12/ssl.py", line 455, in wrap_socket
    return self.sslsocket_class._create(
           ^^^^^^^^^^^^^^^^^^^^^^^^^^^^^
  File "/opt/hostedtoolcache/Python/3.12.14/x64/lib/python3.12/ssl.py", line 1041, in _create
    self.do_handshake()
  File "/opt/hostedtoolcache/Python/3.12.14/x64/lib/python3.12/ssl.py", line 1319, in do_handshake
    self._sslobj.do_handshake()
ConnectionResetError: [Errno 104] Connection reset by peer

During handling of the above exception, another exception occurred:

Traceback (most recent call last):
  File "/home/runner/work/plan_gen/plan_gen/web/backend/event_bench_refresh.py", line 134, in main
    candidates = [asdict(item) for item in collector()]
                                           ^^^^^^^^^^^
  File "/home/runner/work/plan_gen/plan_gen/web/backend/app/event_bench/nexon_sample.py", line 366, in collect_gersang_events
    soup = BeautifulSoup(_fetch_html(GERSANG_EVENTS_URL), "html.parser")
                         ^^^^^^^^^^^^^^^^^^^^^^^^^^^^^^^
  File "/home/runner/work/plan_gen/plan_gen/web/backend/app/event_bench/nexon_sample.py", line 58, in _fetch_html
    with urlopen(request, timeout=20) as response:  # noqa: S310 - explicit verified official URLs
         ^^^^^^^^^^^^^^^^^^^^^^^^^^^^
  File "/opt/hostedtoolcache/Python/3.12.14/x64/lib/python3.12/urllib/request.py", line 215, in urlopen
    return opener.open(url, data, timeout)
           ^^^^^^^^^^^^^^^^^^^^^^^^^^^^^^^
  File "/opt/hostedtoolcache/Python/3.12.14/x64/lib/python3.12/urllib/request.py", line 515, in open
    response = self._open(req, data)
               ^^^^^^^^^^^^^^^^^^^^^
  File "/opt/hostedtoolcache/Python/3.12.14/x64/lib/python3.12/urllib/request.py", line 532, in _open
    result = self._call_chain(self.handle_open, protocol, protocol +
             ^^^^^^^^^^^^^^^^^^^^^^^^^^^^^^^^^^^^^^^^^^^^^^^^^^^^^^^
  File "/opt/hostedtoolcache/Python/3.12.14/x64/lib/python3.12/urllib/request.py", line 492, in _call_chain
    result = func(*args)
             ^^^^^^^^^^^
  File "/opt/hostedtoolcache/Python/3.12.14/x64/lib/python3.12/urllib/request.py", line 1392, in https_open
    return self.do_open(http.client.HTTPSConnection, req,
           ^^^^^^^^^^^^^^^^^^^^^^^^^^^^^^^^^^^^^^^^^^^^^^
  File "/opt/hostedtoolcache/Python/3.12.14/x64/lib/python3.12/urllib/request.py", line 1347, in do_open
    raise URLError(err)
urllib.error.URLError: <urlopen error [Errno 104] Connection reset by peer>
2026-08-27 22:23:00,910 INFO 던전앤파이터: refreshed 17 ongoing candidates
2026-08-27 22:23:02,399 ERROR 테일즈런너: refresh failed; kept previous archive state: HTTP Error 403: Forbidden
Traceback (most recent call last):
  File "/home/runner/work/plan_gen/plan_gen/web/backend/event_bench_refresh.py", line 134, in main
    candidates = [asdict(item) for item in collector()]
                                           ^^^^^^^^^^^
  File "/home/runner/work/plan_gen/plan_gen/web/backend/app/event_bench/nexon_sample.py", line 514, in collect_talesrunner_events
    payload = json.loads(_fetch_html(TALESRUNNER_EVENT_API_URL))
                         ^^^^^^^^^^^^^^^^^^^^^^^^^^^^^^^^^^^^^^
  File "/home/runner/work/plan_gen/plan_gen/web/backend/app/event_bench/nexon_sample.py", line 58, in _fetch_html
    with urlopen(request, timeout=20) as response:  # noqa: S310 - explicit verified official URLs
         ^^^^^^^^^^^^^^^^^^^^^^^^^^^^
  File "/opt/hostedtoolcache/Python/3.12.14/x64/lib/python3.12/urllib/request.py", line 215, in urlopen
    return opener.open(url, data, timeout)
           ^^^^^^^^^^^^^^^^^^^^^^^^^^^^^^^
  File "/opt/hostedtoolcache/Python/3.12.14/x64/lib/python3.12/urllib/request.py", line 521, in open
    response = meth(req, response)
               ^^^^^^^^^^^^^^^^^^^
  File "/opt/hostedtoolcache/Python/3.12.14/x64/lib/python3.12/urllib/request.py", line 630, in http_response
    response = self.parent.error(
               ^^^^^^^^^^^^^^^^^^
  File "/opt/hostedtoolcache/Python/3.12.14/x64/lib/python3.12/urllib/request.py", line 559, in error
    return self._call_chain(*args)
           ^^^^^^^^^^^^^^^^^^^^^^^
  File "/opt/hostedtoolcache/Python/3.12.14/x64/lib/python3.12/urllib/request.py", line 492, in _call_chain
    result = func(*args)
             ^^^^^^^^^^^
  File "/opt/hostedtoolcache/Python/3.12.14/x64/lib/python3.12/urllib/request.py", line 639, in http_error_default
    raise HTTPError(req.full_url, code, msg, hdrs, fp)
urllib.error.HTTPError: HTTP Error 403: Forbidden
2026-08-27 22:23:06,242 INFO 카운터스트라이크 온라인: refreshed 2 ongoing candidates
2026-08-27 22:23:13,849 INFO 마비노기 영웅전: refreshed 19 ongoing candidates
2026-08-27 22:23:20,370 INFO 라그나로크: refreshed 10 ongoing candidates
2026-08-27 22:23:20,373 INFO Refresh complete: 211 total archived / 177 active candidates
2026-08-27 23:25:15,614 INFO FC ONLINE: refreshed 19 ongoing candidates
2026-08-27 23:25:49,025 INFO 메이플스토리: refreshed 19 ongoing candidates
2026-08-27 23:25:49,201 ERROR 마비노기: refresh failed; kept previous archive state: HTTP Error 403: Forbidden
Traceback (most recent call last):
  File "/home/runner/work/plan_gen/plan_gen/web/backend/event_bench_refresh.py", line 134, in main
    candidates = [asdict(item) for item in collector()]
                                           ^^^^^^^^^^^
  File "/home/runner/work/plan_gen/plan_gen/web/backend/app/event_bench/nexon_sample.py", line 219, in collect_mabinogi_events
    first_soup = BeautifulSoup(_fetch_html(MABINOGI_EVENTS_URL), "html.parser")
                               ^^^^^^^^^^^^^^^^^^^^^^^^^^^^^^^^
  File "/home/runner/work/plan_gen/plan_gen/web/backend/app/event_bench/nexon_sample.py", line 58, in _fetch_html
    with urlopen(request, timeout=20) as response:  # noqa: S310 - explicit verified official URLs
         ^^^^^^^^^^^^^^^^^^^^^^^^^^^^
  File "/opt/hostedtoolcache/Python/3.12.14/x64/lib/python3.12/urllib/request.py", line 215, in urlopen
    return opener.open(url, data, timeout)
           ^^^^^^^^^^^^^^^^^^^^^^^^^^^^^^^
  File "/opt/hostedtoolcache/Python/3.12.14/x64/lib/python3.12/urllib/request.py", line 521, in open
    response = meth(req, response)
               ^^^^^^^^^^^^^^^^^^^
  File "/opt/hostedtoolcache/Python/3.12.14/x64/lib/python3.12/urllib/request.py", line 630, in http_response
    response = self.parent.error(
               ^^^^^^^^^^^^^^^^^^
  File "/opt/hostedtoolcache/Python/3.12.14/x64/lib/python3.12/urllib/request.py", line 559, in error
    return self._call_chain(*args)
           ^^^^^^^^^^^^^^^^^^^^^^^
  File "/opt/hostedtoolcache/Python/3.12.14/x64/lib/python3.12/urllib/request.py", line 492, in _call_chain
    result = func(*args)
             ^^^^^^^^^^^
  File "/opt/hostedtoolcache/Python/3.12.14/x64/lib/python3.12/urllib/request.py", line 639, in http_error_default
    raise HTTPError(req.full_url, code, msg, hdrs, fp)
urllib.error.HTTPError: HTTP Error 403: Forbidden
2026-08-27 23:25:49,431 ERROR 테일즈위버: refresh failed; kept previous archive state: Command '['/usr/bin/curl', '-L', '--fail', '--silent', '--show-error', '--max-time', '20', '-A', 'Mozilla/5.0 (Windows NT 10.0; Win64; x64) AppleWebKit/537.36 Chrome/139 Safari/537.36', '-H', 'Accept-Language: ko-KR,ko;q=0.9', '-H', 'Referer: https://tales.nexon.com/', 'https://tales.nexon.com/News/Event']' returned non-zero exit status 22.
Traceback (most recent call last):
  File "/home/runner/work/plan_gen/plan_gen/web/backend/event_bench_refresh.py", line 134, in main
    candidates = [asdict(item) for item in collector()]
                                           ^^^^^^^^^^^
  File "/home/runner/work/plan_gen/plan_gen/web/backend/app/event_bench/nexon_sample.py", line 248, in collect_talesweaver_events
    first_soup = BeautifulSoup(_fetch_talesweaver_html(), "html.parser")
                               ^^^^^^^^^^^^^^^^^^^^^^^^^
  File "/home/runner/work/plan_gen/plan_gen/web/backend/app/event_bench/nexon_sample.py", line 117, in _fetch_talesweaver_html
    result = subprocess.run(
             ^^^^^^^^^^^^^^^
  File "/opt/hostedtoolcache/Python/3.12.14/x64/lib/python3.12/subprocess.py", line 571, in run
    raise CalledProcessError(retcode, process.args,
subprocess.CalledProcessError: Command '['/usr/bin/curl', '-L', '--fail', '--silent', '--show-error', '--max-time', '20', '-A', 'Mozilla/5.0 (Windows NT 10.0; Win64; x64) AppleWebKit/537.36 Chrome/139 Safari/537.36', '-H', 'Accept-Language: ko-KR,ko;q=0.9', '-H', 'Referer: https://tales.nexon.com/', 'https://tales.nexon.com/News/Event']' returned non-zero exit status 22.
2026-08-27 23:26:42,533 INFO 엘소드: refreshed 26 ongoing candidates
2026-08-27 23:26:49,343 INFO 바람의나라: refreshed 4 ongoing candidates
2026-08-27 23:27:06,532 INFO 로스트아크: refreshed 10 ongoing candidates
2026-08-27 23:27:07,430 ERROR 리니지: refresh failed; kept previous archive state: collector returned no candidates
Traceback (most recent call last):
  File "/home/runner/work/plan_gen/plan_gen/web/backend/event_bench_refresh.py", line 136, in main
    raise RuntimeError("collector returned no candidates")
RuntimeError: collector returned no candidates
2026-08-27 23:28:10,416 INFO 검은사막: refreshed 23 ongoing candidates
2026-08-27 23:28:11,055 ERROR 거상: refresh failed; kept previous archive state: <urlopen error [Errno 104] Connection reset by peer>
Traceback (most recent call last):
  File "/opt/hostedtoolcache/Python/3.12.14/x64/lib/python3.12/urllib/request.py", line 1344, in do_open
    h.request(req.get_method(), req.selector, req.data, headers,
  File "/opt/hostedtoolcache/Python/3.12.14/x64/lib/python3.12/http/client.py", line 1386, in request
    self._send_request(method, url, body, headers, encode_chunked)
  File "/opt/hostedtoolcache/Python/3.12.14/x64/lib/python3.12/http/client.py", line 1432, in _send_request
    self.endheaders(body, encode_chunked=encode_chunked)
  File "/opt/hostedtoolcache/Python/3.12.14/x64/lib/python3.12/http/client.py", line 1381, in endheaders
    self._send_output(message_body, encode_chunked=encode_chunked)
  File "/opt/hostedtoolcache/Python/3.12.14/x64/lib/python3.12/http/client.py", line 1141, in _send_output
    self.send(msg)
  File "/opt/hostedtoolcache/Python/3.12.14/x64/lib/python3.12/http/client.py", line 1085, in send
    self.connect()
  File "/opt/hostedtoolcache/Python/3.12.14/x64/lib/python3.12/http/client.py", line 1527, in connect
    self.sock = self._context.wrap_socket(self.sock,
                ^^^^^^^^^^^^^^^^^^^^^^^^^^^^^^^^^^^^
  File "/opt/hostedtoolcache/Python/3.12.14/x64/lib/python3.12/ssl.py", line 455, in wrap_socket
    return self.sslsocket_class._create(
           ^^^^^^^^^^^^^^^^^^^^^^^^^^^^^
  File "/opt/hostedtoolcache/Python/3.12.14/x64/lib/python3.12/ssl.py", line 1041, in _create
    self.do_handshake()
  File "/opt/hostedtoolcache/Python/3.12.14/x64/lib/python3.12/ssl.py", line 1319, in do_handshake
    self._sslobj.do_handshake()
ConnectionResetError: [Errno 104] Connection reset by peer

During handling of the above exception, another exception occurred:

Traceback (most recent call last):
  File "/home/runner/work/plan_gen/plan_gen/web/backend/event_bench_refresh.py", line 134, in main
    candidates = [asdict(item) for item in collector()]
                                           ^^^^^^^^^^^
  File "/home/runner/work/plan_gen/plan_gen/web/backend/app/event_bench/nexon_sample.py", line 366, in collect_gersang_events
    soup = BeautifulSoup(_fetch_html(GERSANG_EVENTS_URL), "html.parser")
                         ^^^^^^^^^^^^^^^^^^^^^^^^^^^^^^^
  File "/home/runner/work/plan_gen/plan_gen/web/backend/app/event_bench/nexon_sample.py", line 58, in _fetch_html
    with urlopen(request, timeout=20) as response:  # noqa: S310 - explicit verified official URLs
         ^^^^^^^^^^^^^^^^^^^^^^^^^^^^
  File "/opt/hostedtoolcache/Python/3.12.14/x64/lib/python3.12/urllib/request.py", line 215, in urlopen
    return opener.open(url, data, timeout)
           ^^^^^^^^^^^^^^^^^^^^^^^^^^^^^^^
  File "/opt/hostedtoolcache/Python/3.12.14/x64/lib/python3.12/urllib/request.py", line 515, in open
    response = self._open(req, data)
               ^^^^^^^^^^^^^^^^^^^^^
  File "/opt/hostedtoolcache/Python/3.12.14/x64/lib/python3.12/urllib/request.py", line 532, in _open
    result = self._call_chain(self.handle_open, protocol, protocol +
             ^^^^^^^^^^^^^^^^^^^^^^^^^^^^^^^^^^^^^^^^^^^^^^^^^^^^^^^
  File "/opt/hostedtoolcache/Python/3.12.14/x64/lib/python3.12/urllib/request.py", line 492, in _call_chain
    result = func(*args)
             ^^^^^^^^^^^
  File "/opt/hostedtoolcache/Python/3.12.14/x64/lib/python3.12/urllib/request.py", line 1392, in https_open
    return self.do_open(http.client.HTTPSConnection, req,
           ^^^^^^^^^^^^^^^^^^^^^^^^^^^^^^^^^^^^^^^^^^^^^^
  File "/opt/hostedtoolcache/Python/3.12.14/x64/lib/python3.12/urllib/request.py", line 1347, in do_open
    raise URLError(err)
urllib.error.URLError: <urlopen error [Errno 104] Connection reset by peer>
2026-08-27 23:28:34,979 INFO 던전앤파이터: refreshed 17 ongoing candidates
2026-08-27 23:28:36,143 ERROR 테일즈런너: refresh failed; kept previous archive state: HTTP Error 403: Forbidden
Traceback (most recent call last):
  File "/home/runner/work/plan_gen/plan_gen/web/backend/event_bench_refresh.py", line 134, in main
    candidates = [asdict(item) for item in collector()]
                                           ^^^^^^^^^^^
  File "/home/runner/work/plan_gen/plan_gen/web/backend/app/event_bench/nexon_sample.py", line 514, in collect_talesrunner_events
    payload = json.loads(_fetch_html(TALESRUNNER_EVENT_API_URL))
                         ^^^^^^^^^^^^^^^^^^^^^^^^^^^^^^^^^^^^^^
  File "/home/runner/work/plan_gen/plan_gen/web/backend/app/event_bench/nexon_sample.py", line 58, in _fetch_html
    with urlopen(request, timeout=20) as response:  # noqa: S310 - explicit verified official URLs
         ^^^^^^^^^^^^^^^^^^^^^^^^^^^^
  File "/opt/hostedtoolcache/Python/3.12.14/x64/lib/python3.12/urllib/request.py", line 215, in urlopen
    return opener.open(url, data, timeout)
           ^^^^^^^^^^^^^^^^^^^^^^^^^^^^^^^
  File "/opt/hostedtoolcache/Python/3.12.14/x64/lib/python3.12/urllib/request.py", line 521, in open
    response = meth(req, response)
               ^^^^^^^^^^^^^^^^^^^
  File "/opt/hostedtoolcache/Python/3.12.14/x64/lib/python3.12/urllib/request.py", line 630, in http_response
    response = self.parent.error(
               ^^^^^^^^^^^^^^^^^^
  File "/opt/hostedtoolcache/Python/3.12.14/x64/lib/python3.12/urllib/request.py", line 559, in error
    return self._call_chain(*args)
           ^^^^^^^^^^^^^^^^^^^^^^^
  File "/opt/hostedtoolcache/Python/3.12.14/x64/lib/python3.12/urllib/request.py", line 492, in _call_chain
    result = func(*args)
             ^^^^^^^^^^^
  File "/opt/hostedtoolcache/Python/3.12.14/x64/lib/python3.12/urllib/request.py", line 639, in http_error_default
    raise HTTPError(req.full_url, code, msg, hdrs, fp)
urllib.error.HTTPError: HTTP Error 403: Forbidden
2026-08-27 23:28:41,456 INFO 카운터스트라이크 온라인: refreshed 2 ongoing candidates
2026-08-27 23:28:49,326 INFO 마비노기 영웅전: refreshed 19 ongoing candidates
2026-08-27 23:28:56,815 INFO 라그나로크: refreshed 10 ongoing candidates
2026-08-27 23:28:56,818 INFO Refresh complete: 211 total archived / 177 active candidates
2026-08-28 01:11:53,929 INFO FC ONLINE: refreshed 19 ongoing candidates
2026-08-28 01:12:27,454 INFO 메이플스토리: refreshed 20 ongoing candidates
2026-08-28 01:12:27,716 ERROR 마비노기: refresh failed; kept previous archive state: HTTP Error 403: Forbidden
Traceback (most recent call last):
  File "/home/runner/work/plan_gen/plan_gen/web/backend/event_bench_refresh.py", line 134, in main
    candidates = [asdict(item) for item in collector()]
                                           ^^^^^^^^^^^
  File "/home/runner/work/plan_gen/plan_gen/web/backend/app/event_bench/nexon_sample.py", line 219, in collect_mabinogi_events
    first_soup = BeautifulSoup(_fetch_html(MABINOGI_EVENTS_URL), "html.parser")
                               ^^^^^^^^^^^^^^^^^^^^^^^^^^^^^^^^
  File "/home/runner/work/plan_gen/plan_gen/web/backend/app/event_bench/nexon_sample.py", line 58, in _fetch_html
    with urlopen(request, timeout=20) as response:  # noqa: S310 - explicit verified official URLs
         ^^^^^^^^^^^^^^^^^^^^^^^^^^^^
  File "/opt/hostedtoolcache/Python/3.12.14/x64/lib/python3.12/urllib/request.py", line 215, in urlopen
    return opener.open(url, data, timeout)
           ^^^^^^^^^^^^^^^^^^^^^^^^^^^^^^^
  File "/opt/hostedtoolcache/Python/3.12.14/x64/lib/python3.12/urllib/request.py", line 521, in open
    response = meth(req, response)
               ^^^^^^^^^^^^^^^^^^^
  File "/opt/hostedtoolcache/Python/3.12.14/x64/lib/python3.12/urllib/request.py", line 630, in http_response
    response = self.parent.error(
               ^^^^^^^^^^^^^^^^^^
  File "/opt/hostedtoolcache/Python/3.12.14/x64/lib/python3.12/urllib/request.py", line 559, in error
    return self._call_chain(*args)
           ^^^^^^^^^^^^^^^^^^^^^^^
  File "/opt/hostedtoolcache/Python/3.12.14/x64/lib/python3.12/urllib/request.py", line 492, in _call_chain
    result = func(*args)
             ^^^^^^^^^^^
  File "/opt/hostedtoolcache/Python/3.12.14/x64/lib/python3.12/urllib/request.py", line 639, in http_error_default
    raise HTTPError(req.full_url, code, msg, hdrs, fp)
urllib.error.HTTPError: HTTP Error 403: Forbidden
2026-08-28 01:12:27,996 ERROR 테일즈위버: refresh failed; kept previous archive state: Command '['/usr/bin/curl', '-L', '--fail', '--silent', '--show-error', '--max-time', '20', '-A', 'Mozilla/5.0 (Windows NT 10.0; Win64; x64) AppleWebKit/537.36 Chrome/139 Safari/537.36', '-H', 'Accept-Language: ko-KR,ko;q=0.9', '-H', 'Referer: https://tales.nexon.com/', 'https://tales.nexon.com/News/Event']' returned non-zero exit status 22.
Traceback (most recent call last):
  File "/home/runner/work/plan_gen/plan_gen/web/backend/event_bench_refresh.py", line 134, in main
    candidates = [asdict(item) for item in collector()]
                                           ^^^^^^^^^^^
  File "/home/runner/work/plan_gen/plan_gen/web/backend/app/event_bench/nexon_sample.py", line 248, in collect_talesweaver_events
    first_soup = BeautifulSoup(_fetch_talesweaver_html(), "html.parser")
                               ^^^^^^^^^^^^^^^^^^^^^^^^^
  File "/home/runner/work/plan_gen/plan_gen/web/backend/app/event_bench/nexon_sample.py", line 117, in _fetch_talesweaver_html
    result = subprocess.run(
             ^^^^^^^^^^^^^^^
  File "/opt/hostedtoolcache/Python/3.12.14/x64/lib/python3.12/subprocess.py", line 571, in run
    raise CalledProcessError(retcode, process.args,
subprocess.CalledProcessError: Command '['/usr/bin/curl', '-L', '--fail', '--silent', '--show-error', '--max-time', '20', '-A', 'Mozilla/5.0 (Windows NT 10.0; Win64; x64) AppleWebKit/537.36 Chrome/139 Safari/537.36', '-H', 'Accept-Language: ko-KR,ko;q=0.9', '-H', 'Referer: https://tales.nexon.com/', 'https://tales.nexon.com/News/Event']' returned non-zero exit status 22.
2026-08-28 01:13:20,151 INFO 엘소드: refreshed 26 ongoing candidates
2026-08-28 01:13:26,317 INFO 바람의나라: refreshed 4 ongoing candidates
2026-08-28 01:13:42,557 INFO 로스트아크: refreshed 10 ongoing candidates
2026-08-28 01:13:43,455 ERROR 리니지: refresh failed; kept previous archive state: collector returned no candidates
Traceback (most recent call last):
  File "/home/runner/work/plan_gen/plan_gen/web/backend/event_bench_refresh.py", line 136, in main
    raise RuntimeError("collector returned no candidates")
RuntimeError: collector returned no candidates
2026-08-28 01:14:33,819 INFO 검은사막: refreshed 23 ongoing candidates
2026-08-28 01:14:34,995 ERROR 거상: refresh failed; kept previous archive state: <urlopen error [Errno 104] Connection reset by peer>
Traceback (most recent call last):
  File "/opt/hostedtoolcache/Python/3.12.14/x64/lib/python3.12/urllib/request.py", line 1344, in do_open
    h.request(req.get_method(), req.selector, req.data, headers,
  File "/opt/hostedtoolcache/Python/3.12.14/x64/lib/python3.12/http/client.py", line 1386, in request
    self._send_request(method, url, body, headers, encode_chunked)
  File "/opt/hostedtoolcache/Python/3.12.14/x64/lib/python3.12/http/client.py", line 1432, in _send_request
    self.endheaders(body, encode_chunked=encode_chunked)
  File "/opt/hostedtoolcache/Python/3.12.14/x64/lib/python3.12/http/client.py", line 1381, in endheaders
    self._send_output(message_body, encode_chunked=encode_chunked)
  File "/opt/hostedtoolcache/Python/3.12.14/x64/lib/python3.12/http/client.py", line 1141, in _send_output
    self.send(msg)
  File "/opt/hostedtoolcache/Python/3.12.14/x64/lib/python3.12/http/client.py", line 1085, in send
    self.connect()
  File "/opt/hostedtoolcache/Python/3.12.14/x64/lib/python3.12/http/client.py", line 1527, in connect
    self.sock = self._context.wrap_socket(self.sock,
                ^^^^^^^^^^^^^^^^^^^^^^^^^^^^^^^^^^^^
  File "/opt/hostedtoolcache/Python/3.12.14/x64/lib/python3.12/ssl.py", line 455, in wrap_socket
    return self.sslsocket_class._create(
           ^^^^^^^^^^^^^^^^^^^^^^^^^^^^^
  File "/opt/hostedtoolcache/Python/3.12.14/x64/lib/python3.12/ssl.py", line 1041, in _create
    self.do_handshake()
  File "/opt/hostedtoolcache/Python/3.12.14/x64/lib/python3.12/ssl.py", line 1319, in do_handshake
    self._sslobj.do_handshake()
ConnectionResetError: [Errno 104] Connection reset by peer

During handling of the above exception, another exception occurred:

Traceback (most recent call last):
  File "/home/runner/work/plan_gen/plan_gen/web/backend/event_bench_refresh.py", line 134, in main
    candidates = [asdict(item) for item in collector()]
                                           ^^^^^^^^^^^
  File "/home/runner/work/plan_gen/plan_gen/web/backend/app/event_bench/nexon_sample.py", line 366, in collect_gersang_events
    soup = BeautifulSoup(_fetch_html(GERSANG_EVENTS_URL), "html.parser")
                         ^^^^^^^^^^^^^^^^^^^^^^^^^^^^^^^
  File "/home/runner/work/plan_gen/plan_gen/web/backend/app/event_bench/nexon_sample.py", line 58, in _fetch_html
    with urlopen(request, timeout=20) as response:  # noqa: S310 - explicit verified official URLs
         ^^^^^^^^^^^^^^^^^^^^^^^^^^^^
  File "/opt/hostedtoolcache/Python/3.12.14/x64/lib/python3.12/urllib/request.py", line 215, in urlopen
    return opener.open(url, data, timeout)
           ^^^^^^^^^^^^^^^^^^^^^^^^^^^^^^^
  File "/opt/hostedtoolcache/Python/3.12.14/x64/lib/python3.12/urllib/request.py", line 515, in open
    response = self._open(req, data)
               ^^^^^^^^^^^^^^^^^^^^^
  File "/opt/hostedtoolcache/Python/3.12.14/x64/lib/python3.12/urllib/request.py", line 532, in _open
    result = self._call_chain(self.handle_open, protocol, protocol +
             ^^^^^^^^^^^^^^^^^^^^^^^^^^^^^^^^^^^^^^^^^^^^^^^^^^^^^^^
  File "/opt/hostedtoolcache/Python/3.12.14/x64/lib/python3.12/urllib/request.py", line 492, in _call_chain
    result = func(*args)
             ^^^^^^^^^^^
  File "/opt/hostedtoolcache/Python/3.12.14/x64/lib/python3.12/urllib/request.py", line 1392, in https_open
    return self.do_open(http.client.HTTPSConnection, req,
           ^^^^^^^^^^^^^^^^^^^^^^^^^^^^^^^^^^^^^^^^^^^^^^
  File "/opt/hostedtoolcache/Python/3.12.14/x64/lib/python3.12/urllib/request.py", line 1347, in do_open
    raise URLError(err)
urllib.error.URLError: <urlopen error [Errno 104] Connection reset by peer>
2026-08-28 01:14:55,239 INFO 던전앤파이터: refreshed 17 ongoing candidates
2026-08-28 01:14:56,319 ERROR 테일즈런너: refresh failed; kept previous archive state: HTTP Error 403: Forbidden
Traceback (most recent call last):
  File "/home/runner/work/plan_gen/plan_gen/web/backend/event_bench_refresh.py", line 134, in main
    candidates = [asdict(item) for item in collector()]
                                           ^^^^^^^^^^^
  File "/home/runner/work/plan_gen/plan_gen/web/backend/app/event_bench/nexon_sample.py", line 514, in collect_talesrunner_events
    payload = json.loads(_fetch_html(TALESRUNNER_EVENT_API_URL))
                         ^^^^^^^^^^^^^^^^^^^^^^^^^^^^^^^^^^^^^^
  File "/home/runner/work/plan_gen/plan_gen/web/backend/app/event_bench/nexon_sample.py", line 58, in _fetch_html
    with urlopen(request, timeout=20) as response:  # noqa: S310 - explicit verified official URLs
         ^^^^^^^^^^^^^^^^^^^^^^^^^^^^
  File "/opt/hostedtoolcache/Python/3.12.14/x64/lib/python3.12/urllib/request.py", line 215, in urlopen
    return opener.open(url, data, timeout)
           ^^^^^^^^^^^^^^^^^^^^^^^^^^^^^^^
  File "/opt/hostedtoolcache/Python/3.12.14/x64/lib/python3.12/urllib/request.py", line 521, in open
    response = meth(req, response)
               ^^^^^^^^^^^^^^^^^^^
  File "/opt/hostedtoolcache/Python/3.12.14/x64/lib/python3.12/urllib/request.py", line 630, in http_response
    response = self.parent.error(
               ^^^^^^^^^^^^^^^^^^
  File "/opt/hostedtoolcache/Python/3.12.14/x64/lib/python3.12/urllib/request.py", line 559, in error
    return self._call_chain(*args)
           ^^^^^^^^^^^^^^^^^^^^^^^
  File "/opt/hostedtoolcache/Python/3.12.14/x64/lib/python3.12/urllib/request.py", line 492, in _call_chain
    result = func(*args)
             ^^^^^^^^^^^
  File "/opt/hostedtoolcache/Python/3.12.14/x64/lib/python3.12/urllib/request.py", line 639, in http_error_default
    raise HTTPError(req.full_url, code, msg, hdrs, fp)
urllib.error.HTTPError: HTTP Error 403: Forbidden
2026-08-28 01:15:01,784 INFO 카운터스트라이크 온라인: refreshed 2 ongoing candidates
2026-08-28 01:15:10,275 INFO 마비노기 영웅전: refreshed 19 ongoing candidates
2026-08-28 01:15:12,565 INFO 라그나로크: refreshed 10 ongoing candidates
2026-08-28 01:15:12,569 INFO Refresh complete: 212 total archived / 178 active candidates
2026-08-28 01:46:26,343 INFO FC ONLINE: refreshed 19 ongoing candidates
2026-08-28 01:47:05,089 INFO 메이플스토리: refreshed 20 ongoing candidates
2026-08-28 01:47:05,147 ERROR 마비노기: refresh failed; kept previous archive state: HTTP Error 403: Forbidden
Traceback (most recent call last):
  File "/home/runner/work/plan_gen/plan_gen/web/backend/event_bench_refresh.py", line 134, in main
    candidates = [asdict(item) for item in collector()]
                                           ^^^^^^^^^^^
  File "/home/runner/work/plan_gen/plan_gen/web/backend/app/event_bench/nexon_sample.py", line 219, in collect_mabinogi_events
    first_soup = BeautifulSoup(_fetch_html(MABINOGI_EVENTS_URL), "html.parser")
                               ^^^^^^^^^^^^^^^^^^^^^^^^^^^^^^^^
  File "/home/runner/work/plan_gen/plan_gen/web/backend/app/event_bench/nexon_sample.py", line 58, in _fetch_html
    with urlopen(request, timeout=20) as response:  # noqa: S310 - explicit verified official URLs
         ^^^^^^^^^^^^^^^^^^^^^^^^^^^^
  File "/opt/hostedtoolcache/Python/3.12.14/x64/lib/python3.12/urllib/request.py", line 215, in urlopen
    return opener.open(url, data, timeout)
           ^^^^^^^^^^^^^^^^^^^^^^^^^^^^^^^
  File "/opt/hostedtoolcache/Python/3.12.14/x64/lib/python3.12/urllib/request.py", line 521, in open
    response = meth(req, response)
               ^^^^^^^^^^^^^^^^^^^
  File "/opt/hostedtoolcache/Python/3.12.14/x64/lib/python3.12/urllib/request.py", line 630, in http_response
    response = self.parent.error(
               ^^^^^^^^^^^^^^^^^^
  File "/opt/hostedtoolcache/Python/3.12.14/x64/lib/python3.12/urllib/request.py", line 559, in error
    return self._call_chain(*args)
           ^^^^^^^^^^^^^^^^^^^^^^^
  File "/opt/hostedtoolcache/Python/3.12.14/x64/lib/python3.12/urllib/request.py", line 492, in _call_chain
    result = func(*args)
             ^^^^^^^^^^^
  File "/opt/hostedtoolcache/Python/3.12.14/x64/lib/python3.12/urllib/request.py", line 639, in http_error_default
    raise HTTPError(req.full_url, code, msg, hdrs, fp)
urllib.error.HTTPError: HTTP Error 403: Forbidden
2026-08-28 01:47:05,306 ERROR 테일즈위버: refresh failed; kept previous archive state: Command '['/usr/bin/curl', '-L', '--fail', '--silent', '--show-error', '--max-time', '20', '-A', 'Mozilla/5.0 (Windows NT 10.0; Win64; x64) AppleWebKit/537.36 Chrome/139 Safari/537.36', '-H', 'Accept-Language: ko-KR,ko;q=0.9', '-H', 'Referer: https://tales.nexon.com/', 'https://tales.nexon.com/News/Event']' returned non-zero exit status 22.
Traceback (most recent call last):
  File "/home/runner/work/plan_gen/plan_gen/web/backend/event_bench_refresh.py", line 134, in main
    candidates = [asdict(item) for item in collector()]
                                           ^^^^^^^^^^^
  File "/home/runner/work/plan_gen/plan_gen/web/backend/app/event_bench/nexon_sample.py", line 248, in collect_talesweaver_events
    first_soup = BeautifulSoup(_fetch_talesweaver_html(), "html.parser")
                               ^^^^^^^^^^^^^^^^^^^^^^^^^
  File "/home/runner/work/plan_gen/plan_gen/web/backend/app/event_bench/nexon_sample.py", line 117, in _fetch_talesweaver_html
    result = subprocess.run(
             ^^^^^^^^^^^^^^^
  File "/opt/hostedtoolcache/Python/3.12.14/x64/lib/python3.12/subprocess.py", line 571, in run
    raise CalledProcessError(retcode, process.args,
subprocess.CalledProcessError: Command '['/usr/bin/curl', '-L', '--fail', '--silent', '--show-error', '--max-time', '20', '-A', 'Mozilla/5.0 (Windows NT 10.0; Win64; x64) AppleWebKit/537.36 Chrome/139 Safari/537.36', '-H', 'Accept-Language: ko-KR,ko;q=0.9', '-H', 'Referer: https://tales.nexon.com/', 'https://tales.nexon.com/News/Event']' returned non-zero exit status 22.
2026-08-28 01:48:03,495 INFO 엘소드: refreshed 26 ongoing candidates
2026-08-28 01:48:10,965 INFO 바람의나라: refreshed 4 ongoing candidates
2026-08-28 01:48:30,951 INFO 로스트아크: refreshed 10 ongoing candidates
2026-08-28 01:48:31,711 ERROR 리니지: refresh failed; kept previous archive state: collector returned no candidates
Traceback (most recent call last):
  File "/home/runner/work/plan_gen/plan_gen/web/backend/event_bench_refresh.py", line 136, in main
    raise RuntimeError("collector returned no candidates")
RuntimeError: collector returned no candidates
2026-08-28 01:49:26,172 INFO 검은사막: refreshed 23 ongoing candidates
2026-08-28 01:49:26,906 ERROR 거상: refresh failed; kept previous archive state: <urlopen error [Errno 104] Connection reset by peer>
Traceback (most recent call last):
  File "/opt/hostedtoolcache/Python/3.12.14/x64/lib/python3.12/urllib/request.py", line 1344, in do_open
    h.request(req.get_method(), req.selector, req.data, headers,
  File "/opt/hostedtoolcache/Python/3.12.14/x64/lib/python3.12/http/client.py", line 1386, in request
    self._send_request(method, url, body, headers, encode_chunked)
  File "/opt/hostedtoolcache/Python/3.12.14/x64/lib/python3.12/http/client.py", line 1432, in _send_request
    self.endheaders(body, encode_chunked=encode_chunked)
  File "/opt/hostedtoolcache/Python/3.12.14/x64/lib/python3.12/http/client.py", line 1381, in endheaders
    self._send_output(message_body, encode_chunked=encode_chunked)
  File "/opt/hostedtoolcache/Python/3.12.14/x64/lib/python3.12/http/client.py", line 1141, in _send_output
    self.send(msg)
  File "/opt/hostedtoolcache/Python/3.12.14/x64/lib/python3.12/http/client.py", line 1085, in send
    self.connect()
  File "/opt/hostedtoolcache/Python/3.12.14/x64/lib/python3.12/http/client.py", line 1527, in connect
    self.sock = self._context.wrap_socket(self.sock,
                ^^^^^^^^^^^^^^^^^^^^^^^^^^^^^^^^^^^^
  File "/opt/hostedtoolcache/Python/3.12.14/x64/lib/python3.12/ssl.py", line 455, in wrap_socket
    return self.sslsocket_class._create(
           ^^^^^^^^^^^^^^^^^^^^^^^^^^^^^
  File "/opt/hostedtoolcache/Python/3.12.14/x64/lib/python3.12/ssl.py", line 1041, in _create
    self.do_handshake()
  File "/opt/hostedtoolcache/Python/3.12.14/x64/lib/python3.12/ssl.py", line 1319, in do_handshake
    self._sslobj.do_handshake()
ConnectionResetError: [Errno 104] Connection reset by peer

During handling of the above exception, another exception occurred:

Traceback (most recent call last):
  File "/home/runner/work/plan_gen/plan_gen/web/backend/event_bench_refresh.py", line 134, in main
    candidates = [asdict(item) for item in collector()]
                                           ^^^^^^^^^^^
  File "/home/runner/work/plan_gen/plan_gen/web/backend/app/event_bench/nexon_sample.py", line 366, in collect_gersang_events
    soup = BeautifulSoup(_fetch_html(GERSANG_EVENTS_URL), "html.parser")
                         ^^^^^^^^^^^^^^^^^^^^^^^^^^^^^^^
  File "/home/runner/work/plan_gen/plan_gen/web/backend/app/event_bench/nexon_sample.py", line 58, in _fetch_html
    with urlopen(request, timeout=20) as response:  # noqa: S310 - explicit verified official URLs
         ^^^^^^^^^^^^^^^^^^^^^^^^^^^^
  File "/opt/hostedtoolcache/Python/3.12.14/x64/lib/python3.12/urllib/request.py", line 215, in urlopen
    return opener.open(url, data, timeout)
           ^^^^^^^^^^^^^^^^^^^^^^^^^^^^^^^
  File "/opt/hostedtoolcache/Python/3.12.14/x64/lib/python3.12/urllib/request.py", line 515, in open
    response = self._open(req, data)
               ^^^^^^^^^^^^^^^^^^^^^
  File "/opt/hostedtoolcache/Python/3.12.14/x64/lib/python3.12/urllib/request.py", line 532, in _open
    result = self._call_chain(self.handle_open, protocol, protocol +
             ^^^^^^^^^^^^^^^^^^^^^^^^^^^^^^^^^^^^^^^^^^^^^^^^^^^^^^^
  File "/opt/hostedtoolcache/Python/3.12.14/x64/lib/python3.12/urllib/request.py", line 492, in _call_chain
    result = func(*args)
             ^^^^^^^^^^^
  File "/opt/hostedtoolcache/Python/3.12.14/x64/lib/python3.12/urllib/request.py", line 1392, in https_open
    return self.do_open(http.client.HTTPSConnection, req,
           ^^^^^^^^^^^^^^^^^^^^^^^^^^^^^^^^^^^^^^^^^^^^^^
  File "/opt/hostedtoolcache/Python/3.12.14/x64/lib/python3.12/urllib/request.py", line 1347, in do_open
    raise URLError(err)
urllib.error.URLError: <urlopen error [Errno 104] Connection reset by peer>
2026-08-28 01:49:49,058 INFO 던전앤파이터: refreshed 17 ongoing candidates
2026-08-28 01:49:50,378 ERROR 테일즈런너: refresh failed; kept previous archive state: HTTP Error 403: Forbidden
Traceback (most recent call last):
  File "/home/runner/work/plan_gen/plan_gen/web/backend/event_bench_refresh.py", line 134, in main
    candidates = [asdict(item) for item in collector()]
                                           ^^^^^^^^^^^
  File "/home/runner/work/plan_gen/plan_gen/web/backend/app/event_bench/nexon_sample.py", line 514, in collect_talesrunner_events
    payload = json.loads(_fetch_html(TALESRUNNER_EVENT_API_URL))
                         ^^^^^^^^^^^^^^^^^^^^^^^^^^^^^^^^^^^^^^
  File "/home/runner/work/plan_gen/plan_gen/web/backend/app/event_bench/nexon_sample.py", line 58, in _fetch_html
    with urlopen(request, timeout=20) as response:  # noqa: S310 - explicit verified official URLs
         ^^^^^^^^^^^^^^^^^^^^^^^^^^^^
  File "/opt/hostedtoolcache/Python/3.12.14/x64/lib/python3.12/urllib/request.py", line 215, in urlopen
    return opener.open(url, data, timeout)
           ^^^^^^^^^^^^^^^^^^^^^^^^^^^^^^^
  File "/opt/hostedtoolcache/Python/3.12.14/x64/lib/python3.12/urllib/request.py", line 521, in open
    response = meth(req, response)
               ^^^^^^^^^^^^^^^^^^^
  File "/opt/hostedtoolcache/Python/3.12.14/x64/lib/python3.12/urllib/request.py", line 630, in http_response
    response = self.parent.error(
               ^^^^^^^^^^^^^^^^^^
  File "/opt/hostedtoolcache/Python/3.12.14/x64/lib/python3.12/urllib/request.py", line 559, in error
    return self._call_chain(*args)
           ^^^^^^^^^^^^^^^^^^^^^^^
  File "/opt/hostedtoolcache/Python/3.12.14/x64/lib/python3.12/urllib/request.py", line 492, in _call_chain
    result = func(*args)
             ^^^^^^^^^^^
  File "/opt/hostedtoolcache/Python/3.12.14/x64/lib/python3.12/urllib/request.py", line 639, in http_error_default
    raise HTTPError(req.full_url, code, msg, hdrs, fp)
urllib.error.HTTPError: HTTP Error 403: Forbidden
2026-08-28 01:49:57,768 INFO 카운터스트라이크 온라인: refreshed 2 ongoing candidates
2026-08-28 01:50:02,661 INFO 마비노기 영웅전: refreshed 19 ongoing candidates
2026-08-28 01:50:11,208 INFO 라그나로크: refreshed 10 ongoing candidates
2026-08-28 01:50:11,211 INFO Refresh complete: 212 total archived / 178 active candidates
2026-08-28 02:06:31,009 INFO FC ONLINE: refreshed 19 ongoing candidates
2026-08-28 02:07:03,611 INFO 메이플스토리: refreshed 20 ongoing candidates
2026-08-28 02:07:03,875 ERROR 마비노기: refresh failed; kept previous archive state: HTTP Error 403: Forbidden
Traceback (most recent call last):
  File "/home/runner/work/plan_gen/plan_gen/web/backend/event_bench_refresh.py", line 134, in main
    candidates = [asdict(item) for item in collector()]
                                           ^^^^^^^^^^^
  File "/home/runner/work/plan_gen/plan_gen/web/backend/app/event_bench/nexon_sample.py", line 219, in collect_mabinogi_events
    first_soup = BeautifulSoup(_fetch_html(MABINOGI_EVENTS_URL), "html.parser")
                               ^^^^^^^^^^^^^^^^^^^^^^^^^^^^^^^^
  File "/home/runner/work/plan_gen/plan_gen/web/backend/app/event_bench/nexon_sample.py", line 58, in _fetch_html
    with urlopen(request, timeout=20) as response:  # noqa: S310 - explicit verified official URLs
         ^^^^^^^^^^^^^^^^^^^^^^^^^^^^
  File "/opt/hostedtoolcache/Python/3.12.14/x64/lib/python3.12/urllib/request.py", line 215, in urlopen
    return opener.open(url, data, timeout)
           ^^^^^^^^^^^^^^^^^^^^^^^^^^^^^^^
  File "/opt/hostedtoolcache/Python/3.12.14/x64/lib/python3.12/urllib/request.py", line 521, in open
    response = meth(req, response)
               ^^^^^^^^^^^^^^^^^^^
  File "/opt/hostedtoolcache/Python/3.12.14/x64/lib/python3.12/urllib/request.py", line 630, in http_response
    response = self.parent.error(
               ^^^^^^^^^^^^^^^^^^
  File "/opt/hostedtoolcache/Python/3.12.14/x64/lib/python3.12/urllib/request.py", line 559, in error
    return self._call_chain(*args)
           ^^^^^^^^^^^^^^^^^^^^^^^
  File "/opt/hostedtoolcache/Python/3.12.14/x64/lib/python3.12/urllib/request.py", line 492, in _call_chain
    result = func(*args)
             ^^^^^^^^^^^
  File "/opt/hostedtoolcache/Python/3.12.14/x64/lib/python3.12/urllib/request.py", line 639, in http_error_default
    raise HTTPError(req.full_url, code, msg, hdrs, fp)
urllib.error.HTTPError: HTTP Error 403: Forbidden
2026-08-28 02:07:04,146 ERROR 테일즈위버: refresh failed; kept previous archive state: Command '['/usr/bin/curl', '-L', '--fail', '--silent', '--show-error', '--max-time', '20', '-A', 'Mozilla/5.0 (Windows NT 10.0; Win64; x64) AppleWebKit/537.36 Chrome/139 Safari/537.36', '-H', 'Accept-Language: ko-KR,ko;q=0.9', '-H', 'Referer: https://tales.nexon.com/', 'https://tales.nexon.com/News/Event']' returned non-zero exit status 22.
Traceback (most recent call last):
  File "/home/runner/work/plan_gen/plan_gen/web/backend/event_bench_refresh.py", line 134, in main
    candidates = [asdict(item) for item in collector()]
                                           ^^^^^^^^^^^
  File "/home/runner/work/plan_gen/plan_gen/web/backend/app/event_bench/nexon_sample.py", line 248, in collect_talesweaver_events
    first_soup = BeautifulSoup(_fetch_talesweaver_html(), "html.parser")
                               ^^^^^^^^^^^^^^^^^^^^^^^^^
  File "/home/runner/work/plan_gen/plan_gen/web/backend/app/event_bench/nexon_sample.py", line 117, in _fetch_talesweaver_html
    result = subprocess.run(
             ^^^^^^^^^^^^^^^
  File "/opt/hostedtoolcache/Python/3.12.14/x64/lib/python3.12/subprocess.py", line 571, in run
    raise CalledProcessError(retcode, process.args,
subprocess.CalledProcessError: Command '['/usr/bin/curl', '-L', '--fail', '--silent', '--show-error', '--max-time', '20', '-A', 'Mozilla/5.0 (Windows NT 10.0; Win64; x64) AppleWebKit/537.36 Chrome/139 Safari/537.36', '-H', 'Accept-Language: ko-KR,ko;q=0.9', '-H', 'Referer: https://tales.nexon.com/', 'https://tales.nexon.com/News/Event']' returned non-zero exit status 22.
2026-08-28 02:07:56,881 INFO 엘소드: refreshed 26 ongoing candidates
2026-08-28 02:08:04,172 INFO 바람의나라: refreshed 4 ongoing candidates
2026-08-28 02:08:20,373 INFO 로스트아크: refreshed 10 ongoing candidates
2026-08-28 02:08:21,220 ERROR 리니지: refresh failed; kept previous archive state: collector returned no candidates
Traceback (most recent call last):
  File "/home/runner/work/plan_gen/plan_gen/web/backend/event_bench_refresh.py", line 136, in main
    raise RuntimeError("collector returned no candidates")
RuntimeError: collector returned no candidates
2026-08-28 02:09:11,046 INFO 검은사막: refreshed 23 ongoing candidates
2026-08-28 02:09:11,627 ERROR 거상: refresh failed; kept previous archive state: <urlopen error [Errno 104] Connection reset by peer>
Traceback (most recent call last):
  File "/opt/hostedtoolcache/Python/3.12.14/x64/lib/python3.12/urllib/request.py", line 1344, in do_open
    h.request(req.get_method(), req.selector, req.data, headers,
  File "/opt/hostedtoolcache/Python/3.12.14/x64/lib/python3.12/http/client.py", line 1386, in request
    self._send_request(method, url, body, headers, encode_chunked)
  File "/opt/hostedtoolcache/Python/3.12.14/x64/lib/python3.12/http/client.py", line 1432, in _send_request
    self.endheaders(body, encode_chunked=encode_chunked)
  File "/opt/hostedtoolcache/Python/3.12.14/x64/lib/python3.12/http/client.py", line 1381, in endheaders
    self._send_output(message_body, encode_chunked=encode_chunked)
  File "/opt/hostedtoolcache/Python/3.12.14/x64/lib/python3.12/http/client.py", line 1141, in _send_output
    self.send(msg)
  File "/opt/hostedtoolcache/Python/3.12.14/x64/lib/python3.12/http/client.py", line 1085, in send
    self.connect()
  File "/opt/hostedtoolcache/Python/3.12.14/x64/lib/python3.12/http/client.py", line 1527, in connect
    self.sock = self._context.wrap_socket(self.sock,
                ^^^^^^^^^^^^^^^^^^^^^^^^^^^^^^^^^^^^
  File "/opt/hostedtoolcache/Python/3.12.14/x64/lib/python3.12/ssl.py", line 455, in wrap_socket
    return self.sslsocket_class._create(
           ^^^^^^^^^^^^^^^^^^^^^^^^^^^^^
  File "/opt/hostedtoolcache/Python/3.12.14/x64/lib/python3.12/ssl.py", line 1041, in _create
    self.do_handshake()
  File "/opt/hostedtoolcache/Python/3.12.14/x64/lib/python3.12/ssl.py", line 1319, in do_handshake
    self._sslobj.do_handshake()
ConnectionResetError: [Errno 104] Connection reset by peer

During handling of the above exception, another exception occurred:

Traceback (most recent call last):
  File "/home/runner/work/plan_gen/plan_gen/web/backend/event_bench_refresh.py", line 134, in main
    candidates = [asdict(item) for item in collector()]
                                           ^^^^^^^^^^^
  File "/home/runner/work/plan_gen/plan_gen/web/backend/app/event_bench/nexon_sample.py", line 366, in collect_gersang_events
    soup = BeautifulSoup(_fetch_html(GERSANG_EVENTS_URL), "html.parser")
                         ^^^^^^^^^^^^^^^^^^^^^^^^^^^^^^^
  File "/home/runner/work/plan_gen/plan_gen/web/backend/app/event_bench/nexon_sample.py", line 58, in _fetch_html
    with urlopen(request, timeout=20) as response:  # noqa: S310 - explicit verified official URLs
         ^^^^^^^^^^^^^^^^^^^^^^^^^^^^
  File "/opt/hostedtoolcache/Python/3.12.14/x64/lib/python3.12/urllib/request.py", line 215, in urlopen
    return opener.open(url, data, timeout)
           ^^^^^^^^^^^^^^^^^^^^^^^^^^^^^^^
  File "/opt/hostedtoolcache/Python/3.12.14/x64/lib/python3.12/urllib/request.py", line 515, in open
    response = self._open(req, data)
               ^^^^^^^^^^^^^^^^^^^^^
  File "/opt/hostedtoolcache/Python/3.12.14/x64/lib/python3.12/urllib/request.py", line 532, in _open
    result = self._call_chain(self.handle_open, protocol, protocol +
             ^^^^^^^^^^^^^^^^^^^^^^^^^^^^^^^^^^^^^^^^^^^^^^^^^^^^^^^
  File "/opt/hostedtoolcache/Python/3.12.14/x64/lib/python3.12/urllib/request.py", line 492, in _call_chain
    result = func(*args)
             ^^^^^^^^^^^
  File "/opt/hostedtoolcache/Python/3.12.14/x64/lib/python3.12/urllib/request.py", line 1392, in https_open
    return self.do_open(http.client.HTTPSConnection, req,
           ^^^^^^^^^^^^^^^^^^^^^^^^^^^^^^^^^^^^^^^^^^^^^^
  File "/opt/hostedtoolcache/Python/3.12.14/x64/lib/python3.12/urllib/request.py", line 1347, in do_open
    raise URLError(err)
urllib.error.URLError: <urlopen error [Errno 104] Connection reset by peer>
2026-08-28 02:09:33,671 INFO 던전앤파이터: refreshed 17 ongoing candidates
2026-08-28 02:09:35,310 ERROR 테일즈런너: refresh failed; kept previous archive state: HTTP Error 403: Forbidden
Traceback (most recent call last):
  File "/home/runner/work/plan_gen/plan_gen/web/backend/event_bench_refresh.py", line 134, in main
    candidates = [asdict(item) for item in collector()]
                                           ^^^^^^^^^^^
  File "/home/runner/work/plan_gen/plan_gen/web/backend/app/event_bench/nexon_sample.py", line 514, in collect_talesrunner_events
    payload = json.loads(_fetch_html(TALESRUNNER_EVENT_API_URL))
                         ^^^^^^^^^^^^^^^^^^^^^^^^^^^^^^^^^^^^^^
  File "/home/runner/work/plan_gen/plan_gen/web/backend/app/event_bench/nexon_sample.py", line 58, in _fetch_html
    with urlopen(request, timeout=20) as response:  # noqa: S310 - explicit verified official URLs
         ^^^^^^^^^^^^^^^^^^^^^^^^^^^^
  File "/opt/hostedtoolcache/Python/3.12.14/x64/lib/python3.12/urllib/request.py", line 215, in urlopen
    return opener.open(url, data, timeout)
           ^^^^^^^^^^^^^^^^^^^^^^^^^^^^^^^
  File "/opt/hostedtoolcache/Python/3.12.14/x64/lib/python3.12/urllib/request.py", line 521, in open
    response = meth(req, response)
               ^^^^^^^^^^^^^^^^^^^
  File "/opt/hostedtoolcache/Python/3.12.14/x64/lib/python3.12/urllib/request.py", line 630, in http_response
    response = self.parent.error(
               ^^^^^^^^^^^^^^^^^^
  File "/opt/hostedtoolcache/Python/3.12.14/x64/lib/python3.12/urllib/request.py", line 559, in error
    return self._call_chain(*args)
           ^^^^^^^^^^^^^^^^^^^^^^^
  File "/opt/hostedtoolcache/Python/3.12.14/x64/lib/python3.12/urllib/request.py", line 492, in _call_chain
    result = func(*args)
             ^^^^^^^^^^^
  File "/opt/hostedtoolcache/Python/3.12.14/x64/lib/python3.12/urllib/request.py", line 639, in http_error_default
    raise HTTPError(req.full_url, code, msg, hdrs, fp)
urllib.error.HTTPError: HTTP Error 403: Forbidden
2026-08-28 02:09:40,811 INFO 카운터스트라이크 온라인: refreshed 2 ongoing candidates
2026-08-28 02:09:44,286 INFO 마비노기 영웅전: refreshed 19 ongoing candidates
2026-08-28 02:09:45,931 INFO 라그나로크: refreshed 10 ongoing candidates
2026-08-28 02:09:45,934 INFO Refresh complete: 212 total archived / 178 active candidates
2026-08-28 03:56:10,398 INFO FC ONLINE: refreshed 19 ongoing candidates
2026-08-28 03:56:35,336 INFO 메이플스토리: refreshed 20 ongoing candidates
2026-08-28 03:56:35,629 ERROR 마비노기: refresh failed; kept previous archive state: HTTP Error 403: Forbidden
Traceback (most recent call last):
  File "/home/runner/work/plan_gen/plan_gen/web/backend/event_bench_refresh.py", line 134, in main
    candidates = [asdict(item) for item in collector()]
                                           ^^^^^^^^^^^
  File "/home/runner/work/plan_gen/plan_gen/web/backend/app/event_bench/nexon_sample.py", line 219, in collect_mabinogi_events
    first_soup = BeautifulSoup(_fetch_html(MABINOGI_EVENTS_URL), "html.parser")
                               ^^^^^^^^^^^^^^^^^^^^^^^^^^^^^^^^
  File "/home/runner/work/plan_gen/plan_gen/web/backend/app/event_bench/nexon_sample.py", line 58, in _fetch_html
    with urlopen(request, timeout=20) as response:  # noqa: S310 - explicit verified official URLs
         ^^^^^^^^^^^^^^^^^^^^^^^^^^^^
  File "/opt/hostedtoolcache/Python/3.12.14/x64/lib/python3.12/urllib/request.py", line 215, in urlopen
    return opener.open(url, data, timeout)
           ^^^^^^^^^^^^^^^^^^^^^^^^^^^^^^^
  File "/opt/hostedtoolcache/Python/3.12.14/x64/lib/python3.12/urllib/request.py", line 521, in open
    response = meth(req, response)
               ^^^^^^^^^^^^^^^^^^^
  File "/opt/hostedtoolcache/Python/3.12.14/x64/lib/python3.12/urllib/request.py", line 630, in http_response
    response = self.parent.error(
               ^^^^^^^^^^^^^^^^^^
  File "/opt/hostedtoolcache/Python/3.12.14/x64/lib/python3.12/urllib/request.py", line 559, in error
    return self._call_chain(*args)
           ^^^^^^^^^^^^^^^^^^^^^^^
  File "/opt/hostedtoolcache/Python/3.12.14/x64/lib/python3.12/urllib/request.py", line 492, in _call_chain
    result = func(*args)
             ^^^^^^^^^^^
  File "/opt/hostedtoolcache/Python/3.12.14/x64/lib/python3.12/urllib/request.py", line 639, in http_error_default
    raise HTTPError(req.full_url, code, msg, hdrs, fp)
urllib.error.HTTPError: HTTP Error 403: Forbidden
2026-08-28 03:56:35,808 ERROR 테일즈위버: refresh failed; kept previous archive state: Command '['/usr/bin/curl', '-L', '--fail', '--silent', '--show-error', '--max-time', '20', '-A', 'Mozilla/5.0 (Windows NT 10.0; Win64; x64) AppleWebKit/537.36 Chrome/139 Safari/537.36', '-H', 'Accept-Language: ko-KR,ko;q=0.9', '-H', 'Referer: https://tales.nexon.com/', 'https://tales.nexon.com/News/Event']' returned non-zero exit status 22.
Traceback (most recent call last):
  File "/home/runner/work/plan_gen/plan_gen/web/backend/event_bench_refresh.py", line 134, in main
    candidates = [asdict(item) for item in collector()]
                                           ^^^^^^^^^^^
  File "/home/runner/work/plan_gen/plan_gen/web/backend/app/event_bench/nexon_sample.py", line 248, in collect_talesweaver_events
    first_soup = BeautifulSoup(_fetch_talesweaver_html(), "html.parser")
                               ^^^^^^^^^^^^^^^^^^^^^^^^^
  File "/home/runner/work/plan_gen/plan_gen/web/backend/app/event_bench/nexon_sample.py", line 117, in _fetch_talesweaver_html
    result = subprocess.run(
             ^^^^^^^^^^^^^^^
  File "/opt/hostedtoolcache/Python/3.12.14/x64/lib/python3.12/subprocess.py", line 571, in run
    raise CalledProcessError(retcode, process.args,
subprocess.CalledProcessError: Command '['/usr/bin/curl', '-L', '--fail', '--silent', '--show-error', '--max-time', '20', '-A', 'Mozilla/5.0 (Windows NT 10.0; Win64; x64) AppleWebKit/537.36 Chrome/139 Safari/537.36', '-H', 'Accept-Language: ko-KR,ko;q=0.9', '-H', 'Referer: https://tales.nexon.com/', 'https://tales.nexon.com/News/Event']' returned non-zero exit status 22.
2026-08-28 03:57:15,204 INFO 엘소드: refreshed 26 ongoing candidates
2026-08-28 03:57:20,699 INFO 바람의나라: refreshed 4 ongoing candidates
2026-08-28 03:57:33,081 INFO 로스트아크: refreshed 10 ongoing candidates
2026-08-28 03:57:34,095 ERROR 리니지: refresh failed; kept previous archive state: collector returned no candidates
Traceback (most recent call last):
  File "/home/runner/work/plan_gen/plan_gen/web/backend/event_bench_refresh.py", line 136, in main
    raise RuntimeError("collector returned no candidates")
RuntimeError: collector returned no candidates
2026-08-28 03:58:16,726 INFO 검은사막: refreshed 23 ongoing candidates
2026-08-28 03:58:17,800 ERROR 거상: refresh failed; kept previous archive state: <urlopen error [Errno 104] Connection reset by peer>
Traceback (most recent call last):
  File "/opt/hostedtoolcache/Python/3.12.14/x64/lib/python3.12/urllib/request.py", line 1344, in do_open
    h.request(req.get_method(), req.selector, req.data, headers,
  File "/opt/hostedtoolcache/Python/3.12.14/x64/lib/python3.12/http/client.py", line 1386, in request
    self._send_request(method, url, body, headers, encode_chunked)
  File "/opt/hostedtoolcache/Python/3.12.14/x64/lib/python3.12/http/client.py", line 1432, in _send_request
    self.endheaders(body, encode_chunked=encode_chunked)
  File "/opt/hostedtoolcache/Python/3.12.14/x64/lib/python3.12/http/client.py", line 1381, in endheaders
    self._send_output(message_body, encode_chunked=encode_chunked)
  File "/opt/hostedtoolcache/Python/3.12.14/x64/lib/python3.12/http/client.py", line 1141, in _send_output
    self.send(msg)
  File "/opt/hostedtoolcache/Python/3.12.14/x64/lib/python3.12/http/client.py", line 1085, in send
    self.connect()
  File "/opt/hostedtoolcache/Python/3.12.14/x64/lib/python3.12/http/client.py", line 1527, in connect
    self.sock = self._context.wrap_socket(self.sock,
                ^^^^^^^^^^^^^^^^^^^^^^^^^^^^^^^^^^^^
  File "/opt/hostedtoolcache/Python/3.12.14/x64/lib/python3.12/ssl.py", line 455, in wrap_socket
    return self.sslsocket_class._create(
           ^^^^^^^^^^^^^^^^^^^^^^^^^^^^^
  File "/opt/hostedtoolcache/Python/3.12.14/x64/lib/python3.12/ssl.py", line 1041, in _create
    self.do_handshake()
  File "/opt/hostedtoolcache/Python/3.12.14/x64/lib/python3.12/ssl.py", line 1319, in do_handshake
    self._sslobj.do_handshake()
ConnectionResetError: [Errno 104] Connection reset by peer

During handling of the above exception, another exception occurred:

Traceback (most recent call last):
  File "/home/runner/work/plan_gen/plan_gen/web/backend/event_bench_refresh.py", line 134, in main
    candidates = [asdict(item) for item in collector()]
                                           ^^^^^^^^^^^
  File "/home/runner/work/plan_gen/plan_gen/web/backend/app/event_bench/nexon_sample.py", line 366, in collect_gersang_events
    soup = BeautifulSoup(_fetch_html(GERSANG_EVENTS_URL), "html.parser")
                         ^^^^^^^^^^^^^^^^^^^^^^^^^^^^^^^
  File "/home/runner/work/plan_gen/plan_gen/web/backend/app/event_bench/nexon_sample.py", line 58, in _fetch_html
    with urlopen(request, timeout=20) as response:  # noqa: S310 - explicit verified official URLs
         ^^^^^^^^^^^^^^^^^^^^^^^^^^^^
  File "/opt/hostedtoolcache/Python/3.12.14/x64/lib/python3.12/urllib/request.py", line 215, in urlopen
    return opener.open(url, data, timeout)
           ^^^^^^^^^^^^^^^^^^^^^^^^^^^^^^^
  File "/opt/hostedtoolcache/Python/3.12.14/x64/lib/python3.12/urllib/request.py", line 515, in open
    response = self._open(req, data)
               ^^^^^^^^^^^^^^^^^^^^^
  File "/opt/hostedtoolcache/Python/3.12.14/x64/lib/python3.12/urllib/request.py", line 532, in _open
    result = self._call_chain(self.handle_open, protocol, protocol +
             ^^^^^^^^^^^^^^^^^^^^^^^^^^^^^^^^^^^^^^^^^^^^^^^^^^^^^^^
  File "/opt/hostedtoolcache/Python/3.12.14/x64/lib/python3.12/urllib/request.py", line 492, in _call_chain
    result = func(*args)
             ^^^^^^^^^^^
  File "/opt/hostedtoolcache/Python/3.12.14/x64/lib/python3.12/urllib/request.py", line 1392, in https_open
    return self.do_open(http.client.HTTPSConnection, req,
           ^^^^^^^^^^^^^^^^^^^^^^^^^^^^^^^^^^^^^^^^^^^^^^
  File "/opt/hostedtoolcache/Python/3.12.14/x64/lib/python3.12/urllib/request.py", line 1347, in do_open
    raise URLError(err)
urllib.error.URLError: <urlopen error [Errno 104] Connection reset by peer>
2026-08-28 03:58:34,788 INFO 던전앤파이터: refreshed 17 ongoing candidates
2026-08-28 03:58:35,717 ERROR 테일즈런너: refresh failed; kept previous archive state: HTTP Error 403: Forbidden
Traceback (most recent call last):
  File "/home/runner/work/plan_gen/plan_gen/web/backend/event_bench_refresh.py", line 134, in main
    candidates = [asdict(item) for item in collector()]
                                           ^^^^^^^^^^^
  File "/home/runner/work/plan_gen/plan_gen/web/backend/app/event_bench/nexon_sample.py", line 514, in collect_talesrunner_events
    payload = json.loads(_fetch_html(TALESRUNNER_EVENT_API_URL))
                         ^^^^^^^^^^^^^^^^^^^^^^^^^^^^^^^^^^^^^^
  File "/home/runner/work/plan_gen/plan_gen/web/backend/app/event_bench/nexon_sample.py", line 58, in _fetch_html
    with urlopen(request, timeout=20) as response:  # noqa: S310 - explicit verified official URLs
         ^^^^^^^^^^^^^^^^^^^^^^^^^^^^
  File "/opt/hostedtoolcache/Python/3.12.14/x64/lib/python3.12/urllib/request.py", line 215, in urlopen
    return opener.open(url, data, timeout)
           ^^^^^^^^^^^^^^^^^^^^^^^^^^^^^^^
  File "/opt/hostedtoolcache/Python/3.12.14/x64/lib/python3.12/urllib/request.py", line 521, in open
    response = meth(req, response)
               ^^^^^^^^^^^^^^^^^^^
  File "/opt/hostedtoolcache/Python/3.12.14/x64/lib/python3.12/urllib/request.py", line 630, in http_response
    response = self.parent.error(
               ^^^^^^^^^^^^^^^^^^
  File "/opt/hostedtoolcache/Python/3.12.14/x64/lib/python3.12/urllib/request.py", line 559, in error
    return self._call_chain(*args)
           ^^^^^^^^^^^^^^^^^^^^^^^
  File "/opt/hostedtoolcache/Python/3.12.14/x64/lib/python3.12/urllib/request.py", line 492, in _call_chain
    result = func(*args)
             ^^^^^^^^^^^
  File "/opt/hostedtoolcache/Python/3.12.14/x64/lib/python3.12/urllib/request.py", line 639, in http_error_default
    raise HTTPError(req.full_url, code, msg, hdrs, fp)
urllib.error.HTTPError: HTTP Error 403: Forbidden
2026-08-28 03:58:39,440 INFO 카운터스트라이크 온라인: refreshed 2 ongoing candidates
2026-08-28 03:58:45,435 INFO 마비노기 영웅전: refreshed 19 ongoing candidates
2026-08-28 03:58:50,983 INFO 라그나로크: refreshed 10 ongoing candidates
2026-08-28 03:58:50,986 INFO Refresh complete: 212 total archived / 178 active candidates
2026-08-28 06:56:22,988 INFO FC ONLINE: refreshed 19 ongoing candidates
2026-08-28 06:56:46,824 INFO 메이플스토리: refreshed 20 ongoing candidates
2026-08-28 06:56:46,969 ERROR 마비노기: refresh failed; kept previous archive state: HTTP Error 403: Forbidden
Traceback (most recent call last):
  File "/home/runner/work/plan_gen/plan_gen/web/backend/event_bench_refresh.py", line 134, in main
    candidates = [asdict(item) for item in collector()]
                                           ^^^^^^^^^^^
  File "/home/runner/work/plan_gen/plan_gen/web/backend/app/event_bench/nexon_sample.py", line 238, in collect_mabinogi_events
    first_soup = BeautifulSoup(_fetch_html(MABINOGI_EVENTS_URL), "html.parser")
                               ^^^^^^^^^^^^^^^^^^^^^^^^^^^^^^^^
  File "/home/runner/work/plan_gen/plan_gen/web/backend/app/event_bench/nexon_sample.py", line 77, in _fetch_html
    with urlopen(request, timeout=20) as response:  # noqa: S310 - explicit verified official URLs
         ^^^^^^^^^^^^^^^^^^^^^^^^^^^^
  File "/opt/hostedtoolcache/Python/3.12.14/x64/lib/python3.12/urllib/request.py", line 215, in urlopen
    return opener.open(url, data, timeout)
           ^^^^^^^^^^^^^^^^^^^^^^^^^^^^^^^
  File "/opt/hostedtoolcache/Python/3.12.14/x64/lib/python3.12/urllib/request.py", line 521, in open
    response = meth(req, response)
               ^^^^^^^^^^^^^^^^^^^
  File "/opt/hostedtoolcache/Python/3.12.14/x64/lib/python3.12/urllib/request.py", line 630, in http_response
    response = self.parent.error(
               ^^^^^^^^^^^^^^^^^^
  File "/opt/hostedtoolcache/Python/3.12.14/x64/lib/python3.12/urllib/request.py", line 559, in error
    return self._call_chain(*args)
           ^^^^^^^^^^^^^^^^^^^^^^^
  File "/opt/hostedtoolcache/Python/3.12.14/x64/lib/python3.12/urllib/request.py", line 492, in _call_chain
    result = func(*args)
             ^^^^^^^^^^^
  File "/opt/hostedtoolcache/Python/3.12.14/x64/lib/python3.12/urllib/request.py", line 639, in http_error_default
    raise HTTPError(req.full_url, code, msg, hdrs, fp)
urllib.error.HTTPError: HTTP Error 403: Forbidden
2026-08-28 06:56:47,194 ERROR 테일즈위버: refresh failed; kept previous archive state: Command '['/usr/bin/curl', '-L', '--fail', '--silent', '--show-error', '--max-time', '20', '-A', 'Mozilla/5.0 (Windows NT 10.0; Win64; x64) AppleWebKit/537.36 Chrome/139 Safari/537.36', '-H', 'Accept-Language: ko-KR,ko;q=0.9', '-H', 'Referer: https://tales.nexon.com/', 'https://tales.nexon.com/News/Event']' returned non-zero exit status 22.
Traceback (most recent call last):
  File "/home/runner/work/plan_gen/plan_gen/web/backend/event_bench_refresh.py", line 134, in main
    candidates = [asdict(item) for item in collector()]
                                           ^^^^^^^^^^^
  File "/home/runner/work/plan_gen/plan_gen/web/backend/app/event_bench/nexon_sample.py", line 267, in collect_talesweaver_events
    first_soup = BeautifulSoup(_fetch_talesweaver_html(), "html.parser")
                               ^^^^^^^^^^^^^^^^^^^^^^^^^
  File "/home/runner/work/plan_gen/plan_gen/web/backend/app/event_bench/nexon_sample.py", line 136, in _fetch_talesweaver_html
    result = subprocess.run(
             ^^^^^^^^^^^^^^^
  File "/opt/hostedtoolcache/Python/3.12.14/x64/lib/python3.12/subprocess.py", line 571, in run
    raise CalledProcessError(retcode, process.args,
subprocess.CalledProcessError: Command '['/usr/bin/curl', '-L', '--fail', '--silent', '--show-error', '--max-time', '20', '-A', 'Mozilla/5.0 (Windows NT 10.0; Win64; x64) AppleWebKit/537.36 Chrome/139 Safari/537.36', '-H', 'Accept-Language: ko-KR,ko;q=0.9', '-H', 'Referer: https://tales.nexon.com/', 'https://tales.nexon.com/News/Event']' returned non-zero exit status 22.
2026-08-28 06:57:32,629 INFO 엘소드: refreshed 26 ongoing candidates
2026-08-28 06:57:37,750 INFO 바람의나라: refreshed 4 ongoing candidates
2026-08-28 06:57:50,419 INFO 로스트아크: refreshed 10 ongoing candidates
2026-08-28 06:57:50,945 ERROR 리니지: refresh failed; kept previous archive state: collector returned no candidates
Traceback (most recent call last):
  File "/home/runner/work/plan_gen/plan_gen/web/backend/event_bench_refresh.py", line 136, in main
    raise RuntimeError("collector returned no candidates")
RuntimeError: collector returned no candidates
2026-08-28 06:58:31,454 INFO 검은사막: refreshed 23 ongoing candidates
2026-08-28 06:58:32,249 ERROR 거상: refresh failed; kept previous archive state: <urlopen error [Errno 104] Connection reset by peer>
Traceback (most recent call last):
  File "/opt/hostedtoolcache/Python/3.12.14/x64/lib/python3.12/urllib/request.py", line 1344, in do_open
    h.request(req.get_method(), req.selector, req.data, headers,
  File "/opt/hostedtoolcache/Python/3.12.14/x64/lib/python3.12/http/client.py", line 1386, in request
    self._send_request(method, url, body, headers, encode_chunked)
  File "/opt/hostedtoolcache/Python/3.12.14/x64/lib/python3.12/http/client.py", line 1432, in _send_request
    self.endheaders(body, encode_chunked=encode_chunked)
  File "/opt/hostedtoolcache/Python/3.12.14/x64/lib/python3.12/http/client.py", line 1381, in endheaders
    self._send_output(message_body, encode_chunked=encode_chunked)
  File "/opt/hostedtoolcache/Python/3.12.14/x64/lib/python3.12/http/client.py", line 1141, in _send_output
    self.send(msg)
  File "/opt/hostedtoolcache/Python/3.12.14/x64/lib/python3.12/http/client.py", line 1085, in send
    self.connect()
  File "/opt/hostedtoolcache/Python/3.12.14/x64/lib/python3.12/http/client.py", line 1527, in connect
    self.sock = self._context.wrap_socket(self.sock,
                ^^^^^^^^^^^^^^^^^^^^^^^^^^^^^^^^^^^^
  File "/opt/hostedtoolcache/Python/3.12.14/x64/lib/python3.12/ssl.py", line 455, in wrap_socket
    return self.sslsocket_class._create(
           ^^^^^^^^^^^^^^^^^^^^^^^^^^^^^
  File "/opt/hostedtoolcache/Python/3.12.14/x64/lib/python3.12/ssl.py", line 1041, in _create
    self.do_handshake()
  File "/opt/hostedtoolcache/Python/3.12.14/x64/lib/python3.12/ssl.py", line 1319, in do_handshake
    self._sslobj.do_handshake()
ConnectionResetError: [Errno 104] Connection reset by peer

During handling of the above exception, another exception occurred:

Traceback (most recent call last):
  File "/home/runner/work/plan_gen/plan_gen/web/backend/event_bench_refresh.py", line 134, in main
    candidates = [asdict(item) for item in collector()]
                                           ^^^^^^^^^^^
  File "/home/runner/work/plan_gen/plan_gen/web/backend/app/event_bench/nexon_sample.py", line 385, in collect_gersang_events
    soup = BeautifulSoup(_fetch_html(GERSANG_EVENTS_URL), "html.parser")
                         ^^^^^^^^^^^^^^^^^^^^^^^^^^^^^^^
  File "/home/runner/work/plan_gen/plan_gen/web/backend/app/event_bench/nexon_sample.py", line 77, in _fetch_html
    with urlopen(request, timeout=20) as response:  # noqa: S310 - explicit verified official URLs
         ^^^^^^^^^^^^^^^^^^^^^^^^^^^^
  File "/opt/hostedtoolcache/Python/3.12.14/x64/lib/python3.12/urllib/request.py", line 215, in urlopen
    return opener.open(url, data, timeout)
           ^^^^^^^^^^^^^^^^^^^^^^^^^^^^^^^
  File "/opt/hostedtoolcache/Python/3.12.14/x64/lib/python3.12/urllib/request.py", line 515, in open
    response = self._open(req, data)
               ^^^^^^^^^^^^^^^^^^^^^
  File "/opt/hostedtoolcache/Python/3.12.14/x64/lib/python3.12/urllib/request.py", line 532, in _open
    result = self._call_chain(self.handle_open, protocol, protocol +
             ^^^^^^^^^^^^^^^^^^^^^^^^^^^^^^^^^^^^^^^^^^^^^^^^^^^^^^^
  File "/opt/hostedtoolcache/Python/3.12.14/x64/lib/python3.12/urllib/request.py", line 492, in _call_chain
    result = func(*args)
             ^^^^^^^^^^^
  File "/opt/hostedtoolcache/Python/3.12.14/x64/lib/python3.12/urllib/request.py", line 1392, in https_open
    return self.do_open(http.client.HTTPSConnection, req,
           ^^^^^^^^^^^^^^^^^^^^^^^^^^^^^^^^^^^^^^^^^^^^^^
  File "/opt/hostedtoolcache/Python/3.12.14/x64/lib/python3.12/urllib/request.py", line 1347, in do_open
    raise URLError(err)
urllib.error.URLError: <urlopen error [Errno 104] Connection reset by peer>
2026-08-28 06:58:47,495 INFO 던전앤파이터: refreshed 17 ongoing candidates
2026-08-28 06:58:48,427 ERROR 테일즈런너: refresh failed; kept previous archive state: HTTP Error 403: Forbidden
Traceback (most recent call last):
  File "/home/runner/work/plan_gen/plan_gen/web/backend/event_bench_refresh.py", line 134, in main
    candidates = [asdict(item) for item in collector()]
                                           ^^^^^^^^^^^
  File "/home/runner/work/plan_gen/plan_gen/web/backend/app/event_bench/nexon_sample.py", line 533, in collect_talesrunner_events
    payload = json.loads(_fetch_html(TALESRUNNER_EVENT_API_URL))
                         ^^^^^^^^^^^^^^^^^^^^^^^^^^^^^^^^^^^^^^
  File "/home/runner/work/plan_gen/plan_gen/web/backend/app/event_bench/nexon_sample.py", line 77, in _fetch_html
    with urlopen(request, timeout=20) as response:  # noqa: S310 - explicit verified official URLs
         ^^^^^^^^^^^^^^^^^^^^^^^^^^^^
  File "/opt/hostedtoolcache/Python/3.12.14/x64/lib/python3.12/urllib/request.py", line 215, in urlopen
    return opener.open(url, data, timeout)
           ^^^^^^^^^^^^^^^^^^^^^^^^^^^^^^^
  File "/opt/hostedtoolcache/Python/3.12.14/x64/lib/python3.12/urllib/request.py", line 521, in open
    response = meth(req, response)
               ^^^^^^^^^^^^^^^^^^^
  File "/opt/hostedtoolcache/Python/3.12.14/x64/lib/python3.12/urllib/request.py", line 630, in http_response
    response = self.parent.error(
               ^^^^^^^^^^^^^^^^^^
  File "/opt/hostedtoolcache/Python/3.12.14/x64/lib/python3.12/urllib/request.py", line 559, in error
    return self._call_chain(*args)
           ^^^^^^^^^^^^^^^^^^^^^^^
  File "/opt/hostedtoolcache/Python/3.12.14/x64/lib/python3.12/urllib/request.py", line 492, in _call_chain
    result = func(*args)
             ^^^^^^^^^^^
  File "/opt/hostedtoolcache/Python/3.12.14/x64/lib/python3.12/urllib/request.py", line 639, in http_error_default
    raise HTTPError(req.full_url, code, msg, hdrs, fp)
urllib.error.HTTPError: HTTP Error 403: Forbidden
2026-08-28 06:58:53,093 INFO 카운터스트라이크 온라인: refreshed 2 ongoing candidates
2026-08-28 06:59:00,465 INFO 마비노기 영웅전: refreshed 19 ongoing candidates
2026-08-28 06:59:01,346 INFO 라그나로크: refreshed 10 ongoing candidates
2026-08-28 06:59:01,350 INFO Refresh complete: 212 total archived / 178 active candidates
2026-08-28 08:08:38,735 INFO FC ONLINE: refreshed 19 ongoing candidates
2026-08-28 08:09:07,377 INFO 메이플스토리: refreshed 20 ongoing candidates
2026-08-28 08:09:08,016 ERROR 마비노기: refresh failed; kept previous archive state: HTTP Error 403: Forbidden
Traceback (most recent call last):
  File "/home/runner/work/plan_gen/plan_gen/web/backend/event_bench_refresh.py", line 134, in main
    candidates = [asdict(item) for item in collector()]
                                           ^^^^^^^^^^^
  File "/home/runner/work/plan_gen/plan_gen/web/backend/app/event_bench/nexon_sample.py", line 245, in collect_mabinogi_events
    soup = first_soup if page == 1 else BeautifulSoup(_fetch_html(list_url), "html.parser")
                                                      ^^^^^^^^^^^^^^^^^^^^^
  File "/home/runner/work/plan_gen/plan_gen/web/backend/app/event_bench/nexon_sample.py", line 77, in _fetch_html
    with urlopen(request, timeout=20) as response:  # noqa: S310 - explicit verified official URLs
         ^^^^^^^^^^^^^^^^^^^^^^^^^^^^
  File "/opt/hostedtoolcache/Python/3.12.14/x64/lib/python3.12/urllib/request.py", line 215, in urlopen
    return opener.open(url, data, timeout)
           ^^^^^^^^^^^^^^^^^^^^^^^^^^^^^^^
  File "/opt/hostedtoolcache/Python/3.12.14/x64/lib/python3.12/urllib/request.py", line 521, in open
    response = meth(req, response)
               ^^^^^^^^^^^^^^^^^^^
  File "/opt/hostedtoolcache/Python/3.12.14/x64/lib/python3.12/urllib/request.py", line 630, in http_response
    response = self.parent.error(
               ^^^^^^^^^^^^^^^^^^
  File "/opt/hostedtoolcache/Python/3.12.14/x64/lib/python3.12/urllib/request.py", line 559, in error
    return self._call_chain(*args)
           ^^^^^^^^^^^^^^^^^^^^^^^
  File "/opt/hostedtoolcache/Python/3.12.14/x64/lib/python3.12/urllib/request.py", line 492, in _call_chain
    result = func(*args)
             ^^^^^^^^^^^
  File "/opt/hostedtoolcache/Python/3.12.14/x64/lib/python3.12/urllib/request.py", line 639, in http_error_default
    raise HTTPError(req.full_url, code, msg, hdrs, fp)
urllib.error.HTTPError: HTTP Error 403: Forbidden
2026-08-28 08:09:08,216 ERROR 테일즈위버: refresh failed; kept previous archive state: Command '['/usr/bin/curl', '-L', '--fail', '--silent', '--show-error', '--max-time', '20', '-A', 'Mozilla/5.0 (Windows NT 10.0; Win64; x64) AppleWebKit/537.36 Chrome/139 Safari/537.36', '-H', 'Accept-Language: ko-KR,ko;q=0.9', '-H', 'Referer: https://tales.nexon.com/', 'https://tales.nexon.com/News/Event']' returned non-zero exit status 22.
Traceback (most recent call last):
  File "/home/runner/work/plan_gen/plan_gen/web/backend/event_bench_refresh.py", line 134, in main
    candidates = [asdict(item) for item in collector()]
                                           ^^^^^^^^^^^
  File "/home/runner/work/plan_gen/plan_gen/web/backend/app/event_bench/nexon_sample.py", line 267, in collect_talesweaver_events
    first_soup = BeautifulSoup(_fetch_talesweaver_html(), "html.parser")
                               ^^^^^^^^^^^^^^^^^^^^^^^^^
  File "/home/runner/work/plan_gen/plan_gen/web/backend/app/event_bench/nexon_sample.py", line 136, in _fetch_talesweaver_html
    result = subprocess.run(
             ^^^^^^^^^^^^^^^
  File "/opt/hostedtoolcache/Python/3.12.14/x64/lib/python3.12/subprocess.py", line 571, in run
    raise CalledProcessError(retcode, process.args,
subprocess.CalledProcessError: Command '['/usr/bin/curl', '-L', '--fail', '--silent', '--show-error', '--max-time', '20', '-A', 'Mozilla/5.0 (Windows NT 10.0; Win64; x64) AppleWebKit/537.36 Chrome/139 Safari/537.36', '-H', 'Accept-Language: ko-KR,ko;q=0.9', '-H', 'Referer: https://tales.nexon.com/', 'https://tales.nexon.com/News/Event']' returned non-zero exit status 22.
2026-08-28 08:09:57,948 INFO 엘소드: refreshed 26 ongoing candidates
2026-08-28 08:10:03,451 INFO 바람의나라: refreshed 4 ongoing candidates
2026-08-28 08:10:16,758 INFO 로스트아크: refreshed 10 ongoing candidates
2026-08-28 08:10:17,792 ERROR 리니지: refresh failed; kept previous archive state: collector returned no candidates
Traceback (most recent call last):
  File "/home/runner/work/plan_gen/plan_gen/web/backend/event_bench_refresh.py", line 136, in main
    raise RuntimeError("collector returned no candidates")
RuntimeError: collector returned no candidates
2026-08-28 08:11:00,446 INFO 검은사막: refreshed 23 ongoing candidates
2026-08-28 08:11:01,263 ERROR 거상: refresh failed; kept previous archive state: <urlopen error [Errno 104] Connection reset by peer>
Traceback (most recent call last):
  File "/opt/hostedtoolcache/Python/3.12.14/x64/lib/python3.12/urllib/request.py", line 1344, in do_open
    h.request(req.get_method(), req.selector, req.data, headers,
  File "/opt/hostedtoolcache/Python/3.12.14/x64/lib/python3.12/http/client.py", line 1386, in request
    self._send_request(method, url, body, headers, encode_chunked)
  File "/opt/hostedtoolcache/Python/3.12.14/x64/lib/python3.12/http/client.py", line 1432, in _send_request
    self.endheaders(body, encode_chunked=encode_chunked)
  File "/opt/hostedtoolcache/Python/3.12.14/x64/lib/python3.12/http/client.py", line 1381, in endheaders
    self._send_output(message_body, encode_chunked=encode_chunked)
  File "/opt/hostedtoolcache/Python/3.12.14/x64/lib/python3.12/http/client.py", line 1141, in _send_output
    self.send(msg)
  File "/opt/hostedtoolcache/Python/3.12.14/x64/lib/python3.12/http/client.py", line 1085, in send
    self.connect()
  File "/opt/hostedtoolcache/Python/3.12.14/x64/lib/python3.12/http/client.py", line 1527, in connect
    self.sock = self._context.wrap_socket(self.sock,
                ^^^^^^^^^^^^^^^^^^^^^^^^^^^^^^^^^^^^
  File "/opt/hostedtoolcache/Python/3.12.14/x64/lib/python3.12/ssl.py", line 455, in wrap_socket
    return self.sslsocket_class._create(
           ^^^^^^^^^^^^^^^^^^^^^^^^^^^^^
  File "/opt/hostedtoolcache/Python/3.12.14/x64/lib/python3.12/ssl.py", line 1041, in _create
    self.do_handshake()
  File "/opt/hostedtoolcache/Python/3.12.14/x64/lib/python3.12/ssl.py", line 1319, in do_handshake
    self._sslobj.do_handshake()
ConnectionResetError: [Errno 104] Connection reset by peer

During handling of the above exception, another exception occurred:

Traceback (most recent call last):
  File "/home/runner/work/plan_gen/plan_gen/web/backend/event_bench_refresh.py", line 134, in main
    candidates = [asdict(item) for item in collector()]
                                           ^^^^^^^^^^^
  File "/home/runner/work/plan_gen/plan_gen/web/backend/app/event_bench/nexon_sample.py", line 385, in collect_gersang_events
    soup = BeautifulSoup(_fetch_html(GERSANG_EVENTS_URL), "html.parser")
                         ^^^^^^^^^^^^^^^^^^^^^^^^^^^^^^^
  File "/home/runner/work/plan_gen/plan_gen/web/backend/app/event_bench/nexon_sample.py", line 77, in _fetch_html
    with urlopen(request, timeout=20) as response:  # noqa: S310 - explicit verified official URLs
         ^^^^^^^^^^^^^^^^^^^^^^^^^^^^
  File "/opt/hostedtoolcache/Python/3.12.14/x64/lib/python3.12/urllib/request.py", line 215, in urlopen
    return opener.open(url, data, timeout)
           ^^^^^^^^^^^^^^^^^^^^^^^^^^^^^^^
  File "/opt/hostedtoolcache/Python/3.12.14/x64/lib/python3.12/urllib/request.py", line 515, in open
    response = self._open(req, data)
               ^^^^^^^^^^^^^^^^^^^^^
  File "/opt/hostedtoolcache/Python/3.12.14/x64/lib/python3.12/urllib/request.py", line 532, in _open
    result = self._call_chain(self.handle_open, protocol, protocol +
             ^^^^^^^^^^^^^^^^^^^^^^^^^^^^^^^^^^^^^^^^^^^^^^^^^^^^^^^
  File "/opt/hostedtoolcache/Python/3.12.14/x64/lib/python3.12/urllib/request.py", line 492, in _call_chain
    result = func(*args)
             ^^^^^^^^^^^
  File "/opt/hostedtoolcache/Python/3.12.14/x64/lib/python3.12/urllib/request.py", line 1392, in https_open
    return self.do_open(http.client.HTTPSConnection, req,
           ^^^^^^^^^^^^^^^^^^^^^^^^^^^^^^^^^^^^^^^^^^^^^^
  File "/opt/hostedtoolcache/Python/3.12.14/x64/lib/python3.12/urllib/request.py", line 1347, in do_open
    raise URLError(err)
urllib.error.URLError: <urlopen error [Errno 104] Connection reset by peer>
2026-08-28 08:11:17,225 INFO 던전앤파이터: refreshed 17 ongoing candidates
2026-08-28 08:11:18,187 ERROR 테일즈런너: refresh failed; kept previous archive state: HTTP Error 403: Forbidden
Traceback (most recent call last):
  File "/home/runner/work/plan_gen/plan_gen/web/backend/event_bench_refresh.py", line 134, in main
    candidates = [asdict(item) for item in collector()]
                                           ^^^^^^^^^^^
  File "/home/runner/work/plan_gen/plan_gen/web/backend/app/event_bench/nexon_sample.py", line 533, in collect_talesrunner_events
    payload = json.loads(_fetch_html(TALESRUNNER_EVENT_API_URL))
                         ^^^^^^^^^^^^^^^^^^^^^^^^^^^^^^^^^^^^^^
  File "/home/runner/work/plan_gen/plan_gen/web/backend/app/event_bench/nexon_sample.py", line 77, in _fetch_html
    with urlopen(request, timeout=20) as response:  # noqa: S310 - explicit verified official URLs
         ^^^^^^^^^^^^^^^^^^^^^^^^^^^^
  File "/opt/hostedtoolcache/Python/3.12.14/x64/lib/python3.12/urllib/request.py", line 215, in urlopen
    return opener.open(url, data, timeout)
           ^^^^^^^^^^^^^^^^^^^^^^^^^^^^^^^
  File "/opt/hostedtoolcache/Python/3.12.14/x64/lib/python3.12/urllib/request.py", line 521, in open
    response = meth(req, response)
               ^^^^^^^^^^^^^^^^^^^
  File "/opt/hostedtoolcache/Python/3.12.14/x64/lib/python3.12/urllib/request.py", line 630, in http_response
    response = self.parent.error(
               ^^^^^^^^^^^^^^^^^^
  File "/opt/hostedtoolcache/Python/3.12.14/x64/lib/python3.12/urllib/request.py", line 559, in error
    return self._call_chain(*args)
           ^^^^^^^^^^^^^^^^^^^^^^^
  File "/opt/hostedtoolcache/Python/3.12.14/x64/lib/python3.12/urllib/request.py", line 492, in _call_chain
    result = func(*args)
             ^^^^^^^^^^^
  File "/opt/hostedtoolcache/Python/3.12.14/x64/lib/python3.12/urllib/request.py", line 639, in http_error_default
    raise HTTPError(req.full_url, code, msg, hdrs, fp)
urllib.error.HTTPError: HTTP Error 403: Forbidden
2026-08-28 08:11:22,164 INFO 카운터스트라이크 온라인: refreshed 2 ongoing candidates
2026-08-28 08:11:24,275 INFO 마비노기 영웅전: refreshed 19 ongoing candidates
2026-08-28 08:11:25,600 INFO 라그나로크: refreshed 10 ongoing candidates
2026-08-28 08:11:25,603 INFO Refresh complete: 212 total archived / 178 active candidates
2026-08-28 11:31:22,854 INFO FC ONLINE: refreshed 19 ongoing candidates
2026-08-28 11:32:01,909 INFO 메이플스토리: refreshed 20 ongoing candidates
2026-08-28 11:32:15,913 INFO 마비노기: refreshed 11 ongoing candidates
2026-08-28 11:32:16,078 ERROR 테일즈위버: refresh failed; kept previous archive state: Command '['/usr/bin/curl', '-L', '--fail', '--silent', '--show-error', '--max-time', '20', '-A', 'Mozilla/5.0 (Windows NT 10.0; Win64; x64) AppleWebKit/537.36 Chrome/139 Safari/537.36', '-H', 'Accept-Language: ko-KR,ko;q=0.9', '-H', 'Referer: https://tales.nexon.com/', 'https://tales.nexon.com/News/Event']' returned non-zero exit status 22.
Traceback (most recent call last):
  File "/home/runner/work/plan_gen/plan_gen/web/backend/event_bench_refresh.py", line 134, in main
    candidates = [asdict(item) for item in collector()]
                                           ^^^^^^^^^^^
  File "/home/runner/work/plan_gen/plan_gen/web/backend/app/event_bench/nexon_sample.py", line 267, in collect_talesweaver_events
    first_soup = BeautifulSoup(_fetch_talesweaver_html(), "html.parser")
                               ^^^^^^^^^^^^^^^^^^^^^^^^^
  File "/home/runner/work/plan_gen/plan_gen/web/backend/app/event_bench/nexon_sample.py", line 136, in _fetch_talesweaver_html
    result = subprocess.run(
             ^^^^^^^^^^^^^^^
  File "/opt/hostedtoolcache/Python/3.12.14/x64/lib/python3.12/subprocess.py", line 571, in run
    raise CalledProcessError(retcode, process.args,
subprocess.CalledProcessError: Command '['/usr/bin/curl', '-L', '--fail', '--silent', '--show-error', '--max-time', '20', '-A', 'Mozilla/5.0 (Windows NT 10.0; Win64; x64) AppleWebKit/537.36 Chrome/139 Safari/537.36', '-H', 'Accept-Language: ko-KR,ko;q=0.9', '-H', 'Referer: https://tales.nexon.com/', 'https://tales.nexon.com/News/Event']' returned non-zero exit status 22.
2026-08-28 11:33:14,480 INFO 엘소드: refreshed 26 ongoing candidates
2026-08-28 11:33:21,291 INFO 바람의나라: refreshed 4 ongoing candidates
2026-08-28 11:33:42,613 INFO 로스트아크: refreshed 10 ongoing candidates
2026-08-28 11:33:43,260 ERROR 리니지: refresh failed; kept previous archive state: collector returned no candidates
Traceback (most recent call last):
  File "/home/runner/work/plan_gen/plan_gen/web/backend/event_bench_refresh.py", line 136, in main
    raise RuntimeError("collector returned no candidates")
RuntimeError: collector returned no candidates
2026-08-28 11:34:46,706 INFO 검은사막: refreshed 23 ongoing candidates
2026-08-28 11:34:47,836 ERROR 거상: refresh failed; kept previous archive state: <urlopen error [Errno 104] Connection reset by peer>
Traceback (most recent call last):
  File "/opt/hostedtoolcache/Python/3.12.14/x64/lib/python3.12/urllib/request.py", line 1344, in do_open
    h.request(req.get_method(), req.selector, req.data, headers,
  File "/opt/hostedtoolcache/Python/3.12.14/x64/lib/python3.12/http/client.py", line 1386, in request
    self._send_request(method, url, body, headers, encode_chunked)
  File "/opt/hostedtoolcache/Python/3.12.14/x64/lib/python3.12/http/client.py", line 1432, in _send_request
    self.endheaders(body, encode_chunked=encode_chunked)
  File "/opt/hostedtoolcache/Python/3.12.14/x64/lib/python3.12/http/client.py", line 1381, in endheaders
    self._send_output(message_body, encode_chunked=encode_chunked)
  File "/opt/hostedtoolcache/Python/3.12.14/x64/lib/python3.12/http/client.py", line 1141, in _send_output
    self.send(msg)
  File "/opt/hostedtoolcache/Python/3.12.14/x64/lib/python3.12/http/client.py", line 1085, in send
    self.connect()
  File "/opt/hostedtoolcache/Python/3.12.14/x64/lib/python3.12/http/client.py", line 1527, in connect
    self.sock = self._context.wrap_socket(self.sock,
                ^^^^^^^^^^^^^^^^^^^^^^^^^^^^^^^^^^^^
  File "/opt/hostedtoolcache/Python/3.12.14/x64/lib/python3.12/ssl.py", line 455, in wrap_socket
    return self.sslsocket_class._create(
           ^^^^^^^^^^^^^^^^^^^^^^^^^^^^^
  File "/opt/hostedtoolcache/Python/3.12.14/x64/lib/python3.12/ssl.py", line 1041, in _create
    self.do_handshake()
  File "/opt/hostedtoolcache/Python/3.12.14/x64/lib/python3.12/ssl.py", line 1319, in do_handshake
    self._sslobj.do_handshake()
ConnectionResetError: [Errno 104] Connection reset by peer

During handling of the above exception, another exception occurred:

Traceback (most recent call last):
  File "/home/runner/work/plan_gen/plan_gen/web/backend/event_bench_refresh.py", line 134, in main
    candidates = [asdict(item) for item in collector()]
                                           ^^^^^^^^^^^
  File "/home/runner/work/plan_gen/plan_gen/web/backend/app/event_bench/nexon_sample.py", line 385, in collect_gersang_events
    soup = BeautifulSoup(_fetch_html(GERSANG_EVENTS_URL), "html.parser")
                         ^^^^^^^^^^^^^^^^^^^^^^^^^^^^^^^
  File "/home/runner/work/plan_gen/plan_gen/web/backend/app/event_bench/nexon_sample.py", line 77, in _fetch_html
    with urlopen(request, timeout=20) as response:  # noqa: S310 - explicit verified official URLs
         ^^^^^^^^^^^^^^^^^^^^^^^^^^^^
  File "/opt/hostedtoolcache/Python/3.12.14/x64/lib/python3.12/urllib/request.py", line 215, in urlopen
    return opener.open(url, data, timeout)
           ^^^^^^^^^^^^^^^^^^^^^^^^^^^^^^^
  File "/opt/hostedtoolcache/Python/3.12.14/x64/lib/python3.12/urllib/request.py", line 515, in open
    response = self._open(req, data)
               ^^^^^^^^^^^^^^^^^^^^^
  File "/opt/hostedtoolcache/Python/3.12.14/x64/lib/python3.12/urllib/request.py", line 532, in _open
    result = self._call_chain(self.handle_open, protocol, protocol +
             ^^^^^^^^^^^^^^^^^^^^^^^^^^^^^^^^^^^^^^^^^^^^^^^^^^^^^^^
  File "/opt/hostedtoolcache/Python/3.12.14/x64/lib/python3.12/urllib/request.py", line 492, in _call_chain
    result = func(*args)
             ^^^^^^^^^^^
  File "/opt/hostedtoolcache/Python/3.12.14/x64/lib/python3.12/urllib/request.py", line 1392, in https_open
    return self.do_open(http.client.HTTPSConnection, req,
           ^^^^^^^^^^^^^^^^^^^^^^^^^^^^^^^^^^^^^^^^^^^^^^
  File "/opt/hostedtoolcache/Python/3.12.14/x64/lib/python3.12/urllib/request.py", line 1347, in do_open
    raise URLError(err)
urllib.error.URLError: <urlopen error [Errno 104] Connection reset by peer>
2026-08-28 11:35:10,187 INFO 던전앤파이터: refreshed 17 ongoing candidates
2026-08-28 11:35:11,465 ERROR 테일즈런너: refresh failed; kept previous archive state: HTTP Error 403: Forbidden
Traceback (most recent call last):
  File "/home/runner/work/plan_gen/plan_gen/web/backend/event_bench_refresh.py", line 134, in main
    candidates = [asdict(item) for item in collector()]
                                           ^^^^^^^^^^^
  File "/home/runner/work/plan_gen/plan_gen/web/backend/app/event_bench/nexon_sample.py", line 533, in collect_talesrunner_events
    payload = json.loads(_fetch_html(TALESRUNNER_EVENT_API_URL))
                         ^^^^^^^^^^^^^^^^^^^^^^^^^^^^^^^^^^^^^^
  File "/home/runner/work/plan_gen/plan_gen/web/backend/app/event_bench/nexon_sample.py", line 77, in _fetch_html
    with urlopen(request, timeout=20) as response:  # noqa: S310 - explicit verified official URLs
         ^^^^^^^^^^^^^^^^^^^^^^^^^^^^
  File "/opt/hostedtoolcache/Python/3.12.14/x64/lib/python3.12/urllib/request.py", line 215, in urlopen
    return opener.open(url, data, timeout)
           ^^^^^^^^^^^^^^^^^^^^^^^^^^^^^^^
  File "/opt/hostedtoolcache/Python/3.12.14/x64/lib/python3.12/urllib/request.py", line 521, in open
    response = meth(req, response)
               ^^^^^^^^^^^^^^^^^^^
  File "/opt/hostedtoolcache/Python/3.12.14/x64/lib/python3.12/urllib/request.py", line 630, in http_response
    response = self.parent.error(
               ^^^^^^^^^^^^^^^^^^
  File "/opt/hostedtoolcache/Python/3.12.14/x64/lib/python3.12/urllib/request.py", line 559, in error
    return self._call_chain(*args)
           ^^^^^^^^^^^^^^^^^^^^^^^
  File "/opt/hostedtoolcache/Python/3.12.14/x64/lib/python3.12/urllib/request.py", line 492, in _call_chain
    result = func(*args)
             ^^^^^^^^^^^
  File "/opt/hostedtoolcache/Python/3.12.14/x64/lib/python3.12/urllib/request.py", line 639, in http_error_default
    raise HTTPError(req.full_url, code, msg, hdrs, fp)
urllib.error.HTTPError: HTTP Error 403: Forbidden
2026-08-28 11:35:16,497 INFO 카운터스트라이크 온라인: refreshed 2 ongoing candidates
2026-08-28 11:35:22,123 INFO 마비노기 영웅전: refreshed 19 ongoing candidates
2026-08-28 11:35:22,774 INFO 라그나로크: refreshed 10 ongoing candidates
2026-08-28 11:35:22,777 INFO Refresh complete: 214 total archived / 178 active candidates
2026-08-28 20:32:14,529 INFO FC ONLINE: refreshed 19 ongoing candidates
2026-08-28 20:32:45,647 INFO 메이플스토리: refreshed 20 ongoing candidates
2026-08-28 20:32:56,041 INFO 마비노기: refreshed 11 ongoing candidates
2026-08-28 20:32:56,201 ERROR 테일즈위버: refresh failed; kept previous archive state: Command '['/usr/bin/curl', '-L', '--fail', '--silent', '--show-error', '--max-time', '20', '-A', 'Mozilla/5.0 (Windows NT 10.0; Win64; x64) AppleWebKit/537.36 Chrome/139 Safari/537.36', '-H', 'Accept-Language: ko-KR,ko;q=0.9', '-H', 'Referer: https://tales.nexon.com/', 'https://tales.nexon.com/News/Event']' returned non-zero exit status 22.
Traceback (most recent call last):
  File "/home/runner/work/plan_gen/plan_gen/web/backend/event_bench_refresh.py", line 134, in main
    candidates = [asdict(item) for item in collector()]
                                           ^^^^^^^^^^^
  File "/home/runner/work/plan_gen/plan_gen/web/backend/app/event_bench/nexon_sample.py", line 267, in collect_talesweaver_events
    first_soup = BeautifulSoup(_fetch_talesweaver_html(), "html.parser")
                               ^^^^^^^^^^^^^^^^^^^^^^^^^
  File "/home/runner/work/plan_gen/plan_gen/web/backend/app/event_bench/nexon_sample.py", line 136, in _fetch_talesweaver_html
    result = subprocess.run(
             ^^^^^^^^^^^^^^^
  File "/opt/hostedtoolcache/Python/3.12.14/x64/lib/python3.12/subprocess.py", line 571, in run
    raise CalledProcessError(retcode, process.args,
subprocess.CalledProcessError: Command '['/usr/bin/curl', '-L', '--fail', '--silent', '--show-error', '--max-time', '20', '-A', 'Mozilla/5.0 (Windows NT 10.0; Win64; x64) AppleWebKit/537.36 Chrome/139 Safari/537.36', '-H', 'Accept-Language: ko-KR,ko;q=0.9', '-H', 'Referer: https://tales.nexon.com/', 'https://tales.nexon.com/News/Event']' returned non-zero exit status 22.
2026-08-28 20:33:40,750 INFO 엘소드: refreshed 26 ongoing candidates
2026-08-28 20:33:45,614 INFO 바람의나라: refreshed 4 ongoing candidates
2026-08-28 20:33:58,544 INFO 로스트아크: refreshed 10 ongoing candidates
2026-08-28 20:33:59,413 ERROR 리니지: refresh failed; kept previous archive state: collector returned no candidates
Traceback (most recent call last):
  File "/home/runner/work/plan_gen/plan_gen/web/backend/event_bench_refresh.py", line 136, in main
    raise RuntimeError("collector returned no candidates")
RuntimeError: collector returned no candidates
2026-08-28 20:34:41,556 INFO 검은사막: refreshed 23 ongoing candidates
2026-08-28 20:34:42,077 ERROR 거상: refresh failed; kept previous archive state: <urlopen error [Errno 104] Connection reset by peer>
Traceback (most recent call last):
  File "/opt/hostedtoolcache/Python/3.12.14/x64/lib/python3.12/urllib/request.py", line 1344, in do_open
    h.request(req.get_method(), req.selector, req.data, headers,
  File "/opt/hostedtoolcache/Python/3.12.14/x64/lib/python3.12/http/client.py", line 1386, in request
    self._send_request(method, url, body, headers, encode_chunked)
  File "/opt/hostedtoolcache/Python/3.12.14/x64/lib/python3.12/http/client.py", line 1432, in _send_request
    self.endheaders(body, encode_chunked=encode_chunked)
  File "/opt/hostedtoolcache/Python/3.12.14/x64/lib/python3.12/http/client.py", line 1381, in endheaders
    self._send_output(message_body, encode_chunked=encode_chunked)
  File "/opt/hostedtoolcache/Python/3.12.14/x64/lib/python3.12/http/client.py", line 1141, in _send_output
    self.send(msg)
  File "/opt/hostedtoolcache/Python/3.12.14/x64/lib/python3.12/http/client.py", line 1085, in send
    self.connect()
  File "/opt/hostedtoolcache/Python/3.12.14/x64/lib/python3.12/http/client.py", line 1527, in connect
    self.sock = self._context.wrap_socket(self.sock,
                ^^^^^^^^^^^^^^^^^^^^^^^^^^^^^^^^^^^^
  File "/opt/hostedtoolcache/Python/3.12.14/x64/lib/python3.12/ssl.py", line 455, in wrap_socket
    return self.sslsocket_class._create(
           ^^^^^^^^^^^^^^^^^^^^^^^^^^^^^
  File "/opt/hostedtoolcache/Python/3.12.14/x64/lib/python3.12/ssl.py", line 1041, in _create
    self.do_handshake()
  File "/opt/hostedtoolcache/Python/3.12.14/x64/lib/python3.12/ssl.py", line 1319, in do_handshake
    self._sslobj.do_handshake()
ConnectionResetError: [Errno 104] Connection reset by peer

During handling of the above exception, another exception occurred:

Traceback (most recent call last):
  File "/home/runner/work/plan_gen/plan_gen/web/backend/event_bench_refresh.py", line 134, in main
    candidates = [asdict(item) for item in collector()]
                                           ^^^^^^^^^^^
  File "/home/runner/work/plan_gen/plan_gen/web/backend/app/event_bench/nexon_sample.py", line 385, in collect_gersang_events
    soup = BeautifulSoup(_fetch_html(GERSANG_EVENTS_URL), "html.parser")
                         ^^^^^^^^^^^^^^^^^^^^^^^^^^^^^^^
  File "/home/runner/work/plan_gen/plan_gen/web/backend/app/event_bench/nexon_sample.py", line 77, in _fetch_html
    with urlopen(request, timeout=20) as response:  # noqa: S310 - explicit verified official URLs
         ^^^^^^^^^^^^^^^^^^^^^^^^^^^^
  File "/opt/hostedtoolcache/Python/3.12.14/x64/lib/python3.12/urllib/request.py", line 215, in urlopen
    return opener.open(url, data, timeout)
           ^^^^^^^^^^^^^^^^^^^^^^^^^^^^^^^
  File "/opt/hostedtoolcache/Python/3.12.14/x64/lib/python3.12/urllib/request.py", line 515, in open
    response = self._open(req, data)
               ^^^^^^^^^^^^^^^^^^^^^
  File "/opt/hostedtoolcache/Python/3.12.14/x64/lib/python3.12/urllib/request.py", line 532, in _open
    result = self._call_chain(self.handle_open, protocol, protocol +
             ^^^^^^^^^^^^^^^^^^^^^^^^^^^^^^^^^^^^^^^^^^^^^^^^^^^^^^^
  File "/opt/hostedtoolcache/Python/3.12.14/x64/lib/python3.12/urllib/request.py", line 492, in _call_chain
    result = func(*args)
             ^^^^^^^^^^^
  File "/opt/hostedtoolcache/Python/3.12.14/x64/lib/python3.12/urllib/request.py", line 1392, in https_open
    return self.do_open(http.client.HTTPSConnection, req,
           ^^^^^^^^^^^^^^^^^^^^^^^^^^^^^^^^^^^^^^^^^^^^^^
  File "/opt/hostedtoolcache/Python/3.12.14/x64/lib/python3.12/urllib/request.py", line 1347, in do_open
    raise URLError(err)
urllib.error.URLError: <urlopen error [Errno 104] Connection reset by peer>
2026-08-28 20:34:55,674 INFO 던전앤파이터: refreshed 16 ongoing candidates
2026-08-28 20:34:56,597 ERROR 테일즈런너: refresh failed; kept previous archive state: HTTP Error 403: Forbidden
Traceback (most recent call last):
  File "/home/runner/work/plan_gen/plan_gen/web/backend/event_bench_refresh.py", line 134, in main
    candidates = [asdict(item) for item in collector()]
                                           ^^^^^^^^^^^
  File "/home/runner/work/plan_gen/plan_gen/web/backend/app/event_bench/nexon_sample.py", line 533, in collect_talesrunner_events
    payload = json.loads(_fetch_html(TALESRUNNER_EVENT_API_URL))
                         ^^^^^^^^^^^^^^^^^^^^^^^^^^^^^^^^^^^^^^
  File "/home/runner/work/plan_gen/plan_gen/web/backend/app/event_bench/nexon_sample.py", line 77, in _fetch_html
    with urlopen(request, timeout=20) as response:  # noqa: S310 - explicit verified official URLs
         ^^^^^^^^^^^^^^^^^^^^^^^^^^^^
  File "/opt/hostedtoolcache/Python/3.12.14/x64/lib/python3.12/urllib/request.py", line 215, in urlopen
    return opener.open(url, data, timeout)
           ^^^^^^^^^^^^^^^^^^^^^^^^^^^^^^^
  File "/opt/hostedtoolcache/Python/3.12.14/x64/lib/python3.12/urllib/request.py", line 521, in open
    response = meth(req, response)
               ^^^^^^^^^^^^^^^^^^^
  File "/opt/hostedtoolcache/Python/3.12.14/x64/lib/python3.12/urllib/request.py", line 630, in http_response
    response = self.parent.error(
               ^^^^^^^^^^^^^^^^^^
  File "/opt/hostedtoolcache/Python/3.12.14/x64/lib/python3.12/urllib/request.py", line 559, in error
    return self._call_chain(*args)
           ^^^^^^^^^^^^^^^^^^^^^^^
  File "/opt/hostedtoolcache/Python/3.12.14/x64/lib/python3.12/urllib/request.py", line 492, in _call_chain
    result = func(*args)
             ^^^^^^^^^^^
  File "/opt/hostedtoolcache/Python/3.12.14/x64/lib/python3.12/urllib/request.py", line 639, in http_error_default
    raise HTTPError(req.full_url, code, msg, hdrs, fp)
urllib.error.HTTPError: HTTP Error 403: Forbidden
2026-08-28 20:35:01,124 INFO 카운터스트라이크 온라인: refreshed 2 ongoing candidates
2026-08-28 20:35:09,486 INFO 마비노기 영웅전: refreshed 19 ongoing candidates
2026-08-28 20:35:10,476 INFO 라그나로크: refreshed 10 ongoing candidates
2026-08-28 20:35:10,479 INFO Refresh complete: 214 total archived / 177 active candidates
2026-08-28 22:27:49,798 INFO FC ONLINE: refreshed 19 ongoing candidates
2026-08-28 22:28:25,244 INFO 메이플스토리: refreshed 20 ongoing candidates
2026-08-28 22:28:38,115 INFO 마비노기: refreshed 11 ongoing candidates
2026-08-28 22:28:38,198 ERROR 테일즈위버: refresh failed; kept previous archive state: Command '['/usr/bin/curl', '-L', '--fail', '--silent', '--show-error', '--max-time', '20', '-A', 'Mozilla/5.0 (Windows NT 10.0; Win64; x64) AppleWebKit/537.36 Chrome/139 Safari/537.36', '-H', 'Accept-Language: ko-KR,ko;q=0.9', '-H', 'Referer: https://tales.nexon.com/', 'https://tales.nexon.com/News/Event']' returned non-zero exit status 22.
Traceback (most recent call last):
  File "/home/runner/work/plan_gen/plan_gen/web/backend/event_bench_refresh.py", line 134, in main
    candidates = [asdict(item) for item in collector()]
                                           ^^^^^^^^^^^
  File "/home/runner/work/plan_gen/plan_gen/web/backend/app/event_bench/nexon_sample.py", line 267, in collect_talesweaver_events
    first_soup = BeautifulSoup(_fetch_talesweaver_html(), "html.parser")
                               ^^^^^^^^^^^^^^^^^^^^^^^^^
  File "/home/runner/work/plan_gen/plan_gen/web/backend/app/event_bench/nexon_sample.py", line 136, in _fetch_talesweaver_html
    result = subprocess.run(
             ^^^^^^^^^^^^^^^
  File "/opt/hostedtoolcache/Python/3.12.14/x64/lib/python3.12/subprocess.py", line 571, in run
    raise CalledProcessError(retcode, process.args,
subprocess.CalledProcessError: Command '['/usr/bin/curl', '-L', '--fail', '--silent', '--show-error', '--max-time', '20', '-A', 'Mozilla/5.0 (Windows NT 10.0; Win64; x64) AppleWebKit/537.36 Chrome/139 Safari/537.36', '-H', 'Accept-Language: ko-KR,ko;q=0.9', '-H', 'Referer: https://tales.nexon.com/', 'https://tales.nexon.com/News/Event']' returned non-zero exit status 22.
2026-08-28 22:29:46,038 INFO 엘소드: refreshed 26 ongoing candidates
2026-08-28 22:29:55,197 INFO 바람의나라: refreshed 4 ongoing candidates
2026-08-28 22:30:15,040 INFO 로스트아크: refreshed 10 ongoing candidates
2026-08-28 22:30:15,857 ERROR 리니지: refresh failed; kept previous archive state: collector returned no candidates
Traceback (most recent call last):
  File "/home/runner/work/plan_gen/plan_gen/web/backend/event_bench_refresh.py", line 136, in main
    raise RuntimeError("collector returned no candidates")
RuntimeError: collector returned no candidates
2026-08-28 22:31:11,635 INFO 검은사막: refreshed 23 ongoing candidates
2026-08-28 22:31:12,368 ERROR 거상: refresh failed; kept previous archive state: <urlopen error [Errno 104] Connection reset by peer>
Traceback (most recent call last):
  File "/opt/hostedtoolcache/Python/3.12.14/x64/lib/python3.12/urllib/request.py", line 1344, in do_open
    h.request(req.get_method(), req.selector, req.data, headers,
  File "/opt/hostedtoolcache/Python/3.12.14/x64/lib/python3.12/http/client.py", line 1386, in request
    self._send_request(method, url, body, headers, encode_chunked)
  File "/opt/hostedtoolcache/Python/3.12.14/x64/lib/python3.12/http/client.py", line 1432, in _send_request
    self.endheaders(body, encode_chunked=encode_chunked)
  File "/opt/hostedtoolcache/Python/3.12.14/x64/lib/python3.12/http/client.py", line 1381, in endheaders
    self._send_output(message_body, encode_chunked=encode_chunked)
  File "/opt/hostedtoolcache/Python/3.12.14/x64/lib/python3.12/http/client.py", line 1141, in _send_output
    self.send(msg)
  File "/opt/hostedtoolcache/Python/3.12.14/x64/lib/python3.12/http/client.py", line 1085, in send
    self.connect()
  File "/opt/hostedtoolcache/Python/3.12.14/x64/lib/python3.12/http/client.py", line 1527, in connect
    self.sock = self._context.wrap_socket(self.sock,
                ^^^^^^^^^^^^^^^^^^^^^^^^^^^^^^^^^^^^
  File "/opt/hostedtoolcache/Python/3.12.14/x64/lib/python3.12/ssl.py", line 455, in wrap_socket
    return self.sslsocket_class._create(
           ^^^^^^^^^^^^^^^^^^^^^^^^^^^^^
  File "/opt/hostedtoolcache/Python/3.12.14/x64/lib/python3.12/ssl.py", line 1041, in _create
    self.do_handshake()
  File "/opt/hostedtoolcache/Python/3.12.14/x64/lib/python3.12/ssl.py", line 1319, in do_handshake
    self._sslobj.do_handshake()
ConnectionResetError: [Errno 104] Connection reset by peer

During handling of the above exception, another exception occurred:

Traceback (most recent call last):
  File "/home/runner/work/plan_gen/plan_gen/web/backend/event_bench_refresh.py", line 134, in main
    candidates = [asdict(item) for item in collector()]
                                           ^^^^^^^^^^^
  File "/home/runner/work/plan_gen/plan_gen/web/backend/app/event_bench/nexon_sample.py", line 385, in collect_gersang_events
    soup = BeautifulSoup(_fetch_html(GERSANG_EVENTS_URL), "html.parser")
                         ^^^^^^^^^^^^^^^^^^^^^^^^^^^^^^^
  File "/home/runner/work/plan_gen/plan_gen/web/backend/app/event_bench/nexon_sample.py", line 77, in _fetch_html
    with urlopen(request, timeout=20) as response:  # noqa: S310 - explicit verified official URLs
         ^^^^^^^^^^^^^^^^^^^^^^^^^^^^
  File "/opt/hostedtoolcache/Python/3.12.14/x64/lib/python3.12/urllib/request.py", line 215, in urlopen
    return opener.open(url, data, timeout)
           ^^^^^^^^^^^^^^^^^^^^^^^^^^^^^^^
  File "/opt/hostedtoolcache/Python/3.12.14/x64/lib/python3.12/urllib/request.py", line 515, in open
    response = self._open(req, data)
               ^^^^^^^^^^^^^^^^^^^^^
  File "/opt/hostedtoolcache/Python/3.12.14/x64/lib/python3.12/urllib/request.py", line 532, in _open
    result = self._call_chain(self.handle_open, protocol, protocol +
             ^^^^^^^^^^^^^^^^^^^^^^^^^^^^^^^^^^^^^^^^^^^^^^^^^^^^^^^
  File "/opt/hostedtoolcache/Python/3.12.14/x64/lib/python3.12/urllib/request.py", line 492, in _call_chain
    result = func(*args)
             ^^^^^^^^^^^
  File "/opt/hostedtoolcache/Python/3.12.14/x64/lib/python3.12/urllib/request.py", line 1392, in https_open
    return self.do_open(http.client.HTTPSConnection, req,
           ^^^^^^^^^^^^^^^^^^^^^^^^^^^^^^^^^^^^^^^^^^^^^^
  File "/opt/hostedtoolcache/Python/3.12.14/x64/lib/python3.12/urllib/request.py", line 1347, in do_open
    raise URLError(err)
urllib.error.URLError: <urlopen error [Errno 104] Connection reset by peer>
2026-08-28 22:31:33,372 INFO 던전앤파이터: refreshed 16 ongoing candidates
2026-08-28 22:31:34,640 ERROR 테일즈런너: refresh failed; kept previous archive state: HTTP Error 403: Forbidden
Traceback (most recent call last):
  File "/home/runner/work/plan_gen/plan_gen/web/backend/event_bench_refresh.py", line 134, in main
    candidates = [asdict(item) for item in collector()]
                                           ^^^^^^^^^^^
  File "/home/runner/work/plan_gen/plan_gen/web/backend/app/event_bench/nexon_sample.py", line 533, in collect_talesrunner_events
    payload = json.loads(_fetch_html(TALESRUNNER_EVENT_API_URL))
                         ^^^^^^^^^^^^^^^^^^^^^^^^^^^^^^^^^^^^^^
  File "/home/runner/work/plan_gen/plan_gen/web/backend/app/event_bench/nexon_sample.py", line 77, in _fetch_html
    with urlopen(request, timeout=20) as response:  # noqa: S310 - explicit verified official URLs
         ^^^^^^^^^^^^^^^^^^^^^^^^^^^^
  File "/opt/hostedtoolcache/Python/3.12.14/x64/lib/python3.12/urllib/request.py", line 215, in urlopen
    return opener.open(url, data, timeout)
           ^^^^^^^^^^^^^^^^^^^^^^^^^^^^^^^
  File "/opt/hostedtoolcache/Python/3.12.14/x64/lib/python3.12/urllib/request.py", line 521, in open
    response = meth(req, response)
               ^^^^^^^^^^^^^^^^^^^
  File "/opt/hostedtoolcache/Python/3.12.14/x64/lib/python3.12/urllib/request.py", line 630, in http_response
    response = self.parent.error(
               ^^^^^^^^^^^^^^^^^^
  File "/opt/hostedtoolcache/Python/3.12.14/x64/lib/python3.12/urllib/request.py", line 559, in error
    return self._call_chain(*args)
           ^^^^^^^^^^^^^^^^^^^^^^^
  File "/opt/hostedtoolcache/Python/3.12.14/x64/lib/python3.12/urllib/request.py", line 492, in _call_chain
    result = func(*args)
             ^^^^^^^^^^^
  File "/opt/hostedtoolcache/Python/3.12.14/x64/lib/python3.12/urllib/request.py", line 639, in http_error_default
    raise HTTPError(req.full_url, code, msg, hdrs, fp)
urllib.error.HTTPError: HTTP Error 403: Forbidden
2026-08-28 22:31:39,759 INFO 카운터스트라이크 온라인: refreshed 2 ongoing candidates
2026-08-28 22:31:44,153 INFO 마비노기 영웅전: refreshed 19 ongoing candidates
2026-08-28 22:31:44,896 INFO 라그나로크: refreshed 10 ongoing candidates
2026-08-28 22:31:44,899 INFO Refresh complete: 214 total archived / 177 active candidates
2026-08-29 02:59:07,006 INFO FC ONLINE: refreshed 19 ongoing candidates
2026-08-29 02:59:43,073 INFO 메이플스토리: refreshed 20 ongoing candidates
2026-08-29 02:59:59,847 INFO 마비노기: refreshed 11 ongoing candidates
2026-08-29 02:59:59,991 ERROR 테일즈위버: refresh failed; kept previous archive state: Command '['/usr/bin/curl', '-L', '--fail', '--silent', '--show-error', '--max-time', '20', '-A', 'Mozilla/5.0 (Windows NT 10.0; Win64; x64) AppleWebKit/537.36 Chrome/139 Safari/537.36', '-H', 'Accept-Language: ko-KR,ko;q=0.9', '-H', 'Referer: https://tales.nexon.com/', 'https://tales.nexon.com/News/Event']' returned non-zero exit status 22.
Traceback (most recent call last):
  File "/home/runner/work/plan_gen/plan_gen/web/backend/event_bench_refresh.py", line 134, in main
    candidates = [asdict(item) for item in collector()]
                                           ^^^^^^^^^^^
  File "/home/runner/work/plan_gen/plan_gen/web/backend/app/event_bench/nexon_sample.py", line 267, in collect_talesweaver_events
    first_soup = BeautifulSoup(_fetch_talesweaver_html(), "html.parser")
                               ^^^^^^^^^^^^^^^^^^^^^^^^^
  File "/home/runner/work/plan_gen/plan_gen/web/backend/app/event_bench/nexon_sample.py", line 136, in _fetch_talesweaver_html
    result = subprocess.run(
             ^^^^^^^^^^^^^^^
  File "/opt/hostedtoolcache/Python/3.12.14/x64/lib/python3.12/subprocess.py", line 571, in run
    raise CalledProcessError(retcode, process.args,
subprocess.CalledProcessError: Command '['/usr/bin/curl', '-L', '--fail', '--silent', '--show-error', '--max-time', '20', '-A', 'Mozilla/5.0 (Windows NT 10.0; Win64; x64) AppleWebKit/537.36 Chrome/139 Safari/537.36', '-H', 'Accept-Language: ko-KR,ko;q=0.9', '-H', 'Referer: https://tales.nexon.com/', 'https://tales.nexon.com/News/Event']' returned non-zero exit status 22.
2026-08-29 03:00:56,837 INFO 엘소드: refreshed 26 ongoing candidates
2026-08-29 03:01:03,747 INFO 바람의나라: refreshed 4 ongoing candidates
2026-08-29 03:01:22,854 INFO 로스트아크: refreshed 10 ongoing candidates
2026-08-29 03:01:23,652 ERROR 리니지: refresh failed; kept previous archive state: collector returned no candidates
Traceback (most recent call last):
  File "/home/runner/work/plan_gen/plan_gen/web/backend/event_bench_refresh.py", line 136, in main
    raise RuntimeError("collector returned no candidates")
RuntimeError: collector returned no candidates
2026-08-29 03:02:18,925 INFO 검은사막: refreshed 23 ongoing candidates
2026-08-29 03:02:19,646 ERROR 거상: refresh failed; kept previous archive state: <urlopen error [Errno 104] Connection reset by peer>
Traceback (most recent call last):
  File "/opt/hostedtoolcache/Python/3.12.14/x64/lib/python3.12/urllib/request.py", line 1344, in do_open
    h.request(req.get_method(), req.selector, req.data, headers,
  File "/opt/hostedtoolcache/Python/3.12.14/x64/lib/python3.12/http/client.py", line 1386, in request
    self._send_request(method, url, body, headers, encode_chunked)
  File "/opt/hostedtoolcache/Python/3.12.14/x64/lib/python3.12/http/client.py", line 1432, in _send_request
    self.endheaders(body, encode_chunked=encode_chunked)
  File "/opt/hostedtoolcache/Python/3.12.14/x64/lib/python3.12/http/client.py", line 1381, in endheaders
    self._send_output(message_body, encode_chunked=encode_chunked)
  File "/opt/hostedtoolcache/Python/3.12.14/x64/lib/python3.12/http/client.py", line 1141, in _send_output
    self.send(msg)
  File "/opt/hostedtoolcache/Python/3.12.14/x64/lib/python3.12/http/client.py", line 1085, in send
    self.connect()
  File "/opt/hostedtoolcache/Python/3.12.14/x64/lib/python3.12/http/client.py", line 1527, in connect
    self.sock = self._context.wrap_socket(self.sock,
                ^^^^^^^^^^^^^^^^^^^^^^^^^^^^^^^^^^^^
  File "/opt/hostedtoolcache/Python/3.12.14/x64/lib/python3.12/ssl.py", line 455, in wrap_socket
    return self.sslsocket_class._create(
           ^^^^^^^^^^^^^^^^^^^^^^^^^^^^^
  File "/opt/hostedtoolcache/Python/3.12.14/x64/lib/python3.12/ssl.py", line 1041, in _create
    self.do_handshake()
  File "/opt/hostedtoolcache/Python/3.12.14/x64/lib/python3.12/ssl.py", line 1319, in do_handshake
    self._sslobj.do_handshake()
ConnectionResetError: [Errno 104] Connection reset by peer

During handling of the above exception, another exception occurred:

Traceback (most recent call last):
  File "/home/runner/work/plan_gen/plan_gen/web/backend/event_bench_refresh.py", line 134, in main
    candidates = [asdict(item) for item in collector()]
                                           ^^^^^^^^^^^
  File "/home/runner/work/plan_gen/plan_gen/web/backend/app/event_bench/nexon_sample.py", line 385, in collect_gersang_events
    soup = BeautifulSoup(_fetch_html(GERSANG_EVENTS_URL), "html.parser")
                         ^^^^^^^^^^^^^^^^^^^^^^^^^^^^^^^
  File "/home/runner/work/plan_gen/plan_gen/web/backend/app/event_bench/nexon_sample.py", line 77, in _fetch_html
    with urlopen(request, timeout=20) as response:  # noqa: S310 - explicit verified official URLs
         ^^^^^^^^^^^^^^^^^^^^^^^^^^^^
  File "/opt/hostedtoolcache/Python/3.12.14/x64/lib/python3.12/urllib/request.py", line 215, in urlopen
    return opener.open(url, data, timeout)
           ^^^^^^^^^^^^^^^^^^^^^^^^^^^^^^^
  File "/opt/hostedtoolcache/Python/3.12.14/x64/lib/python3.12/urllib/request.py", line 515, in open
    response = self._open(req, data)
               ^^^^^^^^^^^^^^^^^^^^^
  File "/opt/hostedtoolcache/Python/3.12.14/x64/lib/python3.12/urllib/request.py", line 532, in _open
    result = self._call_chain(self.handle_open, protocol, protocol +
             ^^^^^^^^^^^^^^^^^^^^^^^^^^^^^^^^^^^^^^^^^^^^^^^^^^^^^^^
  File "/opt/hostedtoolcache/Python/3.12.14/x64/lib/python3.12/urllib/request.py", line 492, in _call_chain
    result = func(*args)
             ^^^^^^^^^^^
  File "/opt/hostedtoolcache/Python/3.12.14/x64/lib/python3.12/urllib/request.py", line 1392, in https_open
    return self.do_open(http.client.HTTPSConnection, req,
           ^^^^^^^^^^^^^^^^^^^^^^^^^^^^^^^^^^^^^^^^^^^^^^
  File "/opt/hostedtoolcache/Python/3.12.14/x64/lib/python3.12/urllib/request.py", line 1347, in do_open
    raise URLError(err)
urllib.error.URLError: <urlopen error [Errno 104] Connection reset by peer>
2026-08-29 03:02:39,795 INFO 던전앤파이터: refreshed 16 ongoing candidates
2026-08-29 03:02:40,976 ERROR 테일즈런너: refresh failed; kept previous archive state: HTTP Error 403: Forbidden
Traceback (most recent call last):
  File "/home/runner/work/plan_gen/plan_gen/web/backend/event_bench_refresh.py", line 134, in main
    candidates = [asdict(item) for item in collector()]
                                           ^^^^^^^^^^^
  File "/home/runner/work/plan_gen/plan_gen/web/backend/app/event_bench/nexon_sample.py", line 533, in collect_talesrunner_events
    payload = json.loads(_fetch_html(TALESRUNNER_EVENT_API_URL))
                         ^^^^^^^^^^^^^^^^^^^^^^^^^^^^^^^^^^^^^^
  File "/home/runner/work/plan_gen/plan_gen/web/backend/app/event_bench/nexon_sample.py", line 77, in _fetch_html
    with urlopen(request, timeout=20) as response:  # noqa: S310 - explicit verified official URLs
         ^^^^^^^^^^^^^^^^^^^^^^^^^^^^
  File "/opt/hostedtoolcache/Python/3.12.14/x64/lib/python3.12/urllib/request.py", line 215, in urlopen
    return opener.open(url, data, timeout)
           ^^^^^^^^^^^^^^^^^^^^^^^^^^^^^^^
  File "/opt/hostedtoolcache/Python/3.12.14/x64/lib/python3.12/urllib/request.py", line 521, in open
    response = meth(req, response)
               ^^^^^^^^^^^^^^^^^^^
  File "/opt/hostedtoolcache/Python/3.12.14/x64/lib/python3.12/urllib/request.py", line 630, in http_response
    response = self.parent.error(
               ^^^^^^^^^^^^^^^^^^
  File "/opt/hostedtoolcache/Python/3.12.14/x64/lib/python3.12/urllib/request.py", line 559, in error
    return self._call_chain(*args)
           ^^^^^^^^^^^^^^^^^^^^^^^
  File "/opt/hostedtoolcache/Python/3.12.14/x64/lib/python3.12/urllib/request.py", line 492, in _call_chain
    result = func(*args)
             ^^^^^^^^^^^
  File "/opt/hostedtoolcache/Python/3.12.14/x64/lib/python3.12/urllib/request.py", line 639, in http_error_default
    raise HTTPError(req.full_url, code, msg, hdrs, fp)
urllib.error.HTTPError: HTTP Error 403: Forbidden
2026-08-29 03:02:46,768 INFO 카운터스트라이크 온라인: refreshed 2 ongoing candidates
2026-08-29 03:02:51,908 INFO 마비노기 영웅전: refreshed 19 ongoing candidates
2026-08-29 03:02:58,489 INFO 라그나로크: refreshed 10 ongoing candidates
2026-08-29 03:02:58,492 INFO Refresh complete: 214 total archived / 177 active candidates
